tenure_months,monthly_charges,total_charges,num_support_tickets,contract_length_score,avg_session_minutes,num_products,late_payments_last_year,satisfaction_score,competitor_offer_seen,churned
-1.3342664859400672,-0.7796418089206226,3.981811296114532,1.1492228407892695,2.4332473093047877,-0.2545217875834481,-2.126424038764405,-1.5585793192362085,2.4972262174539015,-1.1455060481868906,0
0.48920420927492103,2.443444646619167,-2.78200229746611,0.5046753319388642,-0.3928432427842278,0.4656327186325977,-1.6406604265821265,1.4756379759462122,-1.0461498302649135,3.5660184644106523,0
-2.713066066785522,2.877286037176723,-0.47183158473773557,1.214334668723132,1.0221632512847556,-1.632900533281029,1.6866348462681406,0.3326778613454901,-0.4073275180256005,1.849802685522886,0
3.5543119501802916,-2.383484207900245,-0.7408147505020112,-0.6652629395129489,-4.969263263359414,0.6109978387079533,1.0577406431470142,3.660296717745288,0.08970858147458649,3.229031483586402,0
0.8821377197803283,-1.2350232546629796,-1.1734761193598913,1.2220285029859286,0.4695771066038249,0.7479688858335516,-1.63372573262762,-2.0431650474341736,1.3097165995122815,0.20995274169193354,1
-1.3926057674878014,1.9042213852640977,-1.4559622368927152,1.3195421255486097,4.14617204142759,-0.34302497877765825,2.2562353845753083,-3.6657209503193413,0.030306618056952117,-2.9602051345223694,0
0.8636965595042849,-0.7627715314288671,0.06197807595017346,0.012538186842484644,-2.6405054506117347,-0.33914762932369,0.3575050566863379,2.263027075279983,0.15466586261704862,3.1928269804470015,0
1.3729218557248504,1.4322487329159204,-3.20338356652476,0.12568537125762536,0.12190990327125883,-0.7065819419350586,-0.03340570043737501,0.34896723776782895,-2.1465914499186214,2.5420712871708835,1
0.0009050927906578687,1.2570028540641518,-1.689319986874747,1.4834932749613583,3.16630767387895,0.16211796788588628,1.9074796887112688,-2.805464496152285,-0.2514949343273234,-2.515205273997955,0
-1.346046488956521,-1.307017999431769,-0.838223644164246,1.1705385639316064,2.810924314233405,0.195117826427588,-1.275668537802825,-4.643014799134759,-1.1234695701410184,1.681446933966067,1
-0.12104852389779164,0.2983446285817425,-0.5220360951045449,1.5113352085162486,3.733816139657037,0.9492686011733373,3.2263396293920183,-3.642603876238923,-0.09138233331787782,-3.9417098636954413,1
-1.5923318093626602,0.49109492930613785,0.15331230146711572,0.4662385798192093,0.4132582167714126,-0.24182986423332997,1.60917994916191,-0.2981275028978384,-1.054261253364536,2.3583676793180026,1
3.2683026157283073,1.9615640614209688,0.27856163276915435,0.16838550353035522,0.054395219300764075,-0.20886953296160116,1.2389957374901406,3.6103663076458195,-1.2619946581543138,-0.5911851443469807,0
-1.7858807391363976,-2.437422294272088,0.25715788368867976,1.2592894405691353,2.461957416023769,0.7409512698459623,-1.5401586139598842,-5.131934510740301,0.23554254592016788,1.2098311987737902,1
-4.022463768416888,1.7860230623319073,-1.58634588996087,2.3898899661664244,2.0865473035220905,0.37574646623122315,0.9314806400138967,-2.742984385134194,-1.2350120391715196,3.1131340390367326,0
-2.344244117378453,-0.35471040848369884,-0.5784031414452355,1.5898940898163767,2.5277696175344055,1.3862219116355106,1.4950483152554983,-3.917248214653243,-0.7227447239117338,0.6200032583366146,1
2.729437432630573,1.0601429781297198,2.356756579401301,0.2574362502469376,1.4538682314540825,1.8167434718034152,-1.3832729317453047,1.8448953712936778,2.348379994356049,-3.547702478305859,0
-3.3045831290823204,2.6780784783528895,0.039984814872268126,-0.7531395496312198,2.136269537330873,-0.9869146961062162,2.3066838669843706,-0.9563544172455888,0.018144253102791663,0.3871868860820659,0
0.6977229924515819,-0.6653220402667867,0.7429252330160167,-0.7252625891330476,2.2333636024449626,1.341410237352394,1.6813822365800797,-1.9987836223028186,0.1934508555863833,-2.4165783998251267,0
-3.057762645171166,-1.558264477177854,1.108971570116235,1.922925495407524,2.5171788620917943,-1.4200674687642443,0.19722707300447628,-4.384018739339472,-0.13180035484801322,1.3608875757910797,1
-1.9267725554989688,0.08944754922504461,-1.0500608507871303,-0.940036369308399,0.9645429654594283,0.6123333299583331,0.8570097375171044,-2.131416417984427,-0.5887869022999584,2.120895577003869,1
0.8892450045437627,-2.9227218969162787,2.170110350256357,1.1000767777710148,-3.107219083552526,1.3221372917452916,-0.9717752164121621,1.682025533016951,2.0096907231437156,2.6498980045578193,0
3.2208380216402133,0.447046006043777,0.12138862786690374,-0.8308120449427513,-2.7898190135327305,2.525661874251643,0.0878675156557156,4.409626714180027,1.0164695034076727,0.83998478526189,0
-0.4181231261305236,-3.615716686898984,-1.4376638896961302,-0.5847612036989811,0.14704775509157908,2.4125426922787025,1.9109853930586227,-4.3555637507572245,-0.6780653088132772,1.4174295259648808,1
-2.0299202417451903,3.7620474820872807,0.02211023636223175,1.2835074093966068,2.7167073686947867,1.8676967939888875,2.069744840675177,0.25506353945581434,-1.1591977093836427,0.08401730403405272,0
-3.7050981710829087,-1.2967075309353082,1.563799091111937,-0.24914532358474784,2.9524525752709176,1.0904002042572056,0.34307408798083106,-4.437854461750782,-0.8061347359318866,1.952062340291059,1
2.217270786684945,-0.893049704466904,0.180236010656461,-0.03645604017911269,-3.2199476465424617,1.9322123892182033,-1.0631854592222636,2.9423228331412763,2.4759811562748095,1.3564035009056354,0
-3.3606411020822717,2.4073372732157945,-1.042450953659499,0.9828915212424534,4.802427724927994,0.9042279924719087,0.7899065226421712,-4.59409834545557,1.1117294366862942,-2.334424846272298,0
1.4329614781741427,0.1210401204836089,0.06434224730664606,1.1215700013355079,-3.1234926785875774,1.8816846888626086,0.027138933223926354,3.4935142764197424,1.7151060738328043,1.8980296087642534,0
1.09964538967666,-0.95754992702217,-1.5349091011828788,0.43633729036109825,-2.061774375822982,-0.30779625710625036,-2.3771756308142664,0.9492504057600418,-0.9314954956682003,5.195237017074123,0
4.472983135179611,-0.11380758126879398,1.5121216420978643,2.32187864936839,-1.3592378200347786,0.7973481030839932,-0.5632677339865267,3.957463223037959,0.8290301871395347,-0.9926247035438499,0
0.43620719604052927,-1.5523026054594182,0.673935825503278,0.4817141405063049,-2.1444558291224003,0.14502225668516788,-0.868080096057151,1.083471412160736,1.184453501574752,2.7664338410713882,0
0.5124203397998014,-1.0764373323872523,2.763958578660696,0.912906523785714,1.053080252752617,0.8729619922081755,-0.9017172695756043,-0.054437643553928106,0.2324825641016911,0.3564157945920891,0
3.4726631815799887,-2.9018548881636637,2.477981895882101,-0.9473050464995433,-0.48662409878874213,-0.4344451152709389,0.30376611616816784,0.6744207227513006,0.9094282340460709,-1.6322377374136914,0
-0.23040529992103398,0.1611685449530612,-3.5386304096646755,0.2321059697776921,-0.018690036921618414,-1.2748140936793986,1.198014918049891,-1.5054710197271977,-2.68876074788107,3.7423545638211255,0
-1.0721742615061123,-0.2140778192914773,3.2673237614723276,-1.834885886803849,1.0528509589468684,-0.1870751831305787,-1.510672702015885,0.28435332615260966,0.7180821449025895,1.3941329096235604,0
-0.9617469660055716,4.159904122066904,-1.5540984930611716,-0.04382647589064215,1.9624355286403854,0.6725317169311186,1.7398804758139095,0.9986214310400606,-1.892314166226409,0.9825501256547686,0
-0.8146943596479369,-2.6616244223329417,-0.593108641566749,0.14275762500342076,-0.1097017709084892,1.1153988700804038,1.9846821892024429,-2.7710670655674994,-1.3356909295033668,2.496161445936213,0
2.103662549935852,-0.07891539041104645,0.7644106888820635,1.204900820051376,-1.5537433846506525,1.595770668456375,-0.6260969531135048,2.707410976139663,0.8330028538491475,1.0500383667025293,0
-1.50885355037199,1.9535698007858082,-0.6706795157873392,-1.0913241051225864,2.187000977735974,0.805133276815956,2.1881178281249096,-1.415872658966626,0.4966023492448456,-1.355166662551969,0
0.7167156580827629,0.7025383492177463,2.427465610573782,1.1251269104087875,2.6859086896183375,0.0812929116862896,-0.5419172849708992,-0.1328071502308099,0.4074870595994148,-1.8747186814073378,0
-0.18346548422772502,-0.6735119751734854,-0.322560804975787,-1.1365977744946871,1.1478000407642397,1.5322920138338563,2.921813903020855,-1.7666691151144858,-1.1511171239568854,-0.06837582630713518,1
-1.1376278526472108,0.47394803972898314,-0.3786079751728789,0.8329821341658095,-0.8891095637788063,0.2781082470388736,-0.6389645698122025,0.1416317058838814,2.716197327806766,1.0360999746553148,0
0.37123548698711073,-1.572458173908296,3.3741794582941926,1.1024873268571973,3.692352276076593,1.080270419945291,-0.42009792863337536,-2.9064259558681793,1.137583192157631,-3.3442207016763184,0
6.990418945828063,-1.2669983476579492,1.2163333103776235,-0.5096164340498747,-1.2886358740284054,0.04803227505862112,0.6650422478052206,3.7804535101903243,0.4140268887638837,-3.240533690979875,0
0.2675693417581885,0.9590710925541862,1.5875198046495287,1.2885736858307557,0.36932482801445243,0.35511915238814107,1.9151996204709025,1.6233570202037337,0.0257787076278172,-0.30258528593883993,0
0.6506165402536396,-0.13095439098557715,1.3889065296872385,-0.30075484567590827,-1.185818139237453,1.191793099862803,0.8355083809711745,2.3615092243852907,-0.9424505767166128,2.5996843528228464,0
-1.034773276241507,3.2882950027112336,-1.1684328499528034,-0.20203949490238582,1.8480831937635167,0.43588409121090727,-0.3899191874486946,0.18841266980680965,0.0632044188530062,0.556884992500135,0
-1.6174949454925858,-1.3054999631859419,-3.4920445973219003,-1.967683199537361,0.898928042811166,1.1999298618090375,1.220025283210555,-4.6379849746442705,-0.9105414223198968,2.1938119707667334,1
-1.074669284136534,-2.6769880261784422,1.2612561386535264,-0.2400155627371391,-3.5754128504725893,-0.2018685779588213,-1.0646493661026222,1.0801802522287298,1.4098038293781725,5.260512708378781,0
-2.017488256744495,2.4790180142043003,0.010806090882394481,-0.3410156837361533,3.6881235995412216,-0.07176206656906403,3.342911682651208,-2.0228114360396376,-0.4430128688966867,-2.3018661822138884,0
1.798350302172532,-2.309772649706608,2.240960461456259,0.35283861316415077,0.4849554269953432,0.4430011897380378,-0.11924090842307478,-0.5507733050428617,0.866573808556771,-1.06009320499924,0
-1.0629186917052569,1.6339361995477417,-1.045111120206344,-0.3848329213650189,1.198365718768584,0.2699782275116996,1.7862907936242318,-0.4191023508066204,-1.4491195734592952,1.4485365015286766,0
4.22177550110679,0.44032612600462373,0.8383048413758379,0.24755313477696078,-1.4112827127433554,-1.2501458097842377,0.263882282542124,4.2902543053532325,-0.7872004364116699,0.32044811915815574,0
0.6067993626358787,-2.044853510787805,1.7420098120878205,-0.5964092888827053,-0.6194596350409124,0.2550474525661234,-1.079697579911072,-0.30403909444125954,2.2422342794776147,0.19559726853803855,0
-0.46184269374801257,1.0415765205406773,-1.4608805880442395,1.484829304603152,4.4458132454585595,2.1813730034364265,5.099309724059209,-3.971665197546447,-2.325960968896245,-3.3514292168885333,1
-0.7989802998143448,2.566660871494588,0.48282846924137657,2.9957984945094167,4.423705176396539,1.1373407577870758,1.2884215935091365,-1.7056147189135364,-0.8478001958270637,-2.3537709179747703,1
-0.7954086150812528,1.7920473706709839,-0.923249172396822,-1.1338447198609396,-0.10718160972199209,1.6784209316246805,1.921313139672871,1.3204667140631545,-2.308321514418728,3.292168421964137,0
-2.083095498056205,0.7472114796333261,-0.19552020116908364,0.6880614378587462,2.003036595080951,-0.22131199267684398,0.6640056646134426,-1.7899194622792978,-2.0264758805017906,2.649865545216273,1
2.0319114175513073,1.0169122030612,0.1630654636926212,0.7902753763610482,-0.4664198491970012,0.01645871670043625,2.227161428452991,2.5852906931967685,-1.12356211111635,0.1780920490972452,0
0.9674745835248401,3.8772666351702827,-1.3203801865032,-2.0720870395581685,-0.12845501378832458,0.07918893998168858,-0.7269880652097768,3.476451702639815,-0.373508803124606,1.629466456565528,0
-1.8329656069376887,1.2379038837447456,-1.566318661468288,1.5456634720523277,0.9458714853112793,0.9484347469064071,0.5179708275330914,-1.3882942358893033,-0.2255287181745672,1.893529565420752,0
2.5018181813934097,-1.9394242965697743,1.436671977523801,-0.14467479769498598,-0.2586667972697724,0.24633487367008608,0.33438774429022244,0.32771419866204543,0.7496225188477663,-0.9911384268321471,0
-1.3717046693169173,-4.568129129576187,-1.0715994201824262,0.5948069051515705,0.13927779047572597,0.0374355729632026,2.0826190714867923,-5.369316590997536,-0.9334966244414787,2.313758293494501,1
-1.651638323022587,2.8239879713013143,-0.14444810770443084,-0.07288863131145201,1.7820572574903872,0.8210714042405225,2.3666309053811445,0.30728147023257896,-0.9974792693742537,0.4424192798550697,0
2.933383140260797,-1.9932452019069635,-1.1652941920516313,-0.6103331729901202,-3.837350941057658,0.6319227759744654,0.19854012919662734,1.7602364299599267,3.6475843557543173,-0.3634474428139506,0
3.343320515035872,-0.20613861446416526,0.4816473883315684,-0.870769919311921,0.5728083187825291,-1.0915977419748941,1.171992676697859,1.0194091927852584,0.09269067444082679,-2.358062008138182,0
-0.4851131706795204,-0.8227509570490744,-2.5130783730136943,0.6263126958059835,1.7153295203063017,-0.8998113390498109,-1.094289809564795,-3.8532432892394337,-0.8235127332611362,1.7710287555625546,1
-1.0783332679869977,1.7685283968847347,0.35545021161733226,-1.5621873968543039,-0.3147330534035483,0.6903588444662863,1.9069048950908098,2.178830395487882,-2.4816529296686207,3.8430224340252757,1
1.6939608097373675,-0.4053959918155371,3.002651755571405,1.027276601228308,1.3126075776171087,1.1733057904304292,-1.4766995655723831,0.7302495807106253,1.5498730650657282,-1.761110893757813,0
2.8371172553599933,-0.1527871438217152,1.3383190980603217,-0.9110853901772021,-1.392577836285747,0.0024392183610192353,-1.4534418276817411,3.0283008384606083,1.5645031918469634,0.10505941970893679,0
0.1350462618606545,-2.888644749301614,-2.769278086257965,1.1338797554581332,-0.8780045893721843,0.3234715431330994,-0.3741638973047269,-3.4172246682360705,0.3846754098493169,2.3871572452327596,0
0.8266288788841166,2.658715558759259,-0.5343883631026933,-0.3435976482777453,0.11264941147413376,-0.27518128501544625,2.523222464037062,2.6362566575198816,-1.3255581891938548,0.48653996968744256,0
2.136066186907229,-2.724239945879987,1.4219695094238483,1.1484257696075035,-0.3894616290904076,0.5776786991887464,1.1527814811755763,-0.033082423061266464,-1.4696175061019545,1.1054392928525687,0
-0.9214012949788596,0.497193184683539,-1.5872319574927407,1.262718905287095,3.0023067043904472,1.2638846738733287,1.1580698264481057,-3.6860172730829093,-0.1339193063018549,-1.292833291021282,0
-1.21523376530092,-2.4926909688822616,0.48466066192972856,0.6702860908043573,1.48807063680721,0.9062771987815009,1.9720423139829943,-3.3640893396703246,-2.8979653797960188,2.67391352051882,1
-2.932571749299811,-2.75373164316754,1.5889086243676078,2.512429332554045,4.410907851656134,-0.658224292572419,-1.0530993831386328,-7.218768152839721,1.4599344603296216,-1.3882075109629346,1
-0.008068158761388444,0.511162583699245,-1.9941754808204815,0.9792130949205365,-0.32203980519648334,-0.3599949510424657,-1.5145857855517808,-0.15236265646165137,-0.8344758029706846,3.6381938516507386,0
-0.6910063665414309,0.4926024114449242,1.8624881597367065,0.08940996865807793,0.2518162598364423,-0.8504462100254354,-1.7758251009079724,0.797464673062104,1.899748140404963,0.9464034598862499,0
0.3702687962413752,-0.1757414602524323,2.415783226924316,0.8307785249684305,-1.7802947382374126,-0.5436712436166723,-3.05746488495392,2.556797853738568,3.9242951834164046,0.9925215074021062,0
2.168623808982055,-0.4909607961166431,1.9234595393715779,-1.1357892315515525,-0.7429703292979882,0.1744592137488894,-0.7192497957430471,2.3373320247842577,0.5506472688942553,0.4929237322243364,0
-0.47529108320885183,1.8982904860411254,-4.4437654176271835,1.2712681223943108,3.752709217719721,1.055279817411848,3.0212419317184684,-4.586371299055602,-0.6748863232334742,-2.9236432100778753,1
2.152803643518122,0.33317539033369725,0.7303305166827881,0.17558530097920827,-0.33610833141128504,-1.1002535977502692,-0.3212598199193333,1.9027720002525284,0.9120560550979163,-0.4793185540116137,0
4.02621557521637,-1.4188271945857056,0.8299024025138104,-0.26103864480004524,-0.5113583115131489,1.1376300425022379,1.4327182375827991,1.3623390223363296,0.47004869510253444,-2.275224644444362,0
1.6651424505648325,0.6728317109759315,1.3519272078038918,-0.47420251900210886,0.9967972405865256,2.2653283538068445,-0.767282506387689,1.0799732640583666,1.1229704744803302,-1.4176449688310346,0
2.408154783760227,0.16341234136619653,1.840170241543273,1.492839055758492,-0.25774724037185304,1.3630113158277268,-0.050486174713450405,2.6039916200238493,0.06894255855169706,-0.13098916758094487,0
3.2804544850638093,-0.12087206417487018,0.5702699866383445,1.1504763658625539,-1.8893795031902534,-2.8848391358253016,0.30330044574980863,3.394520601417513,0.6194616491735655,0.15583702734140034,0
-3.2681800673176546,-2.4988901211913253,-2.1443702033939176,0.09942406795488129,-0.00039142842508221865,-2.125484038157936,3.2958106218977377,-4.416089065076989,-3.075196840277187,5.187155963912931,1
-2.136908599692642,0.24899501345769182,-1.3346299426320378,-0.43784611473326396,0.8719561822266725,0.0945076710469952,1.1518217451643018,-2.009830024185922,-1.4050504507323498,2.98968118708097,0
1.8950557177237517,-2.590647606208894,2.0919278386052857,0.7079431962826324,-2.2219198931188946,0.2756017073192144,-1.4691717582965214,1.4981642810712277,2.2345646377619937,1.075837617711466,0
1.4053144070164802,0.0629484763459418,0.7776615719103094,-1.0032661809315222,-3.0965576943312096,0.4351003930326529,-0.9956961758023827,4.061636904843512,0.6508697531627355,3.5116292707259777,0
0.33500508404280016,-1.3193294194636445,0.3139975631820101,0.7128942488189663,1.2859667628881026,0.18346759316594147,1.3958272248220758,-1.8230177645180294,-1.2769212147120235,0.4415942111747315,1
-1.0441820196781295,0.5220269354786318,2.058311709796019,1.0203627292358635,1.4681391410602935,2.6927851389455424,2.1733733444258827,-0.23541043442157306,0.6641144750814675,-1.1843665987857177,0
-2.430510428613845,-2.2290049493517077,0.8814367011398069,-0.9116119244628268,1.614256810827853,0.3116260670963717,-0.9944050892434247,-4.027089991435784,0.1325789763318671,2.2846752714871474,1
-3.0159305857151795,-2.1702645545124724,-1.0977988726331582,-1.097898240759256,0.961196231020402,0.6371856123945461,0.01366235083439371,-4.5873753359854765,-1.0852612730990288,4.025200140307008,1
1.1258026181372474,0.11798548787945118,-0.7173459003791028,0.6483018480960551,2.348037786816915,0.9510367453149041,1.3493880491933603,-2.262575059674182,1.1785470527087454,-3.5860016367775662,0
-0.852816551669085,0.1833035287973961,-6.007740064430326,0.28985787897065324,0.4795320490253163,-0.19625365279275608,0.49180828122930564,-4.424903280385712,1.1262557032002727,0.5348245509135615,1
0.30094640508231774,-0.9153715626267479,-3.2149368018430913,-0.762752838950063,-0.4675300446769465,-1.083057863173157,-1.9142426421610694,-1.5622348808954154,-2.6990237211263577,5.698160546723131,1
-2.8871755051520958,1.59677317026663,2.02104672546592,0.3597102743110477,4.864359322973074,1.155229253326791,3.323275512226578,-3.5571156434382276,1.8533761866119018,-5.07270797590391,0
-1.6083237693620607,2.158214648645511,0.2109961221276785,-1.0590405771471865,0.6560072553527592,2.0235346969888792,1.5274912720392093,0.9035279336573532,-0.37068132918243324,1.445756390727555,0
-3.4995574232719955,-3.0311523348406375,1.5946830349945285,1.4830393542559972,4.463640308741413,1.0931544044761188,-1.3611726454577222,-7.667374055391196,0.9929058288919145,-0.36520705770854134,1
1.0912637387459885,1.7218909005131917,-3.7579932185315843,1.7719842892571944,2.8693030276553286,-1.4182282686439662,1.5116914089054987,-2.9288190666683485,0.10018518781880736,-3.085762247558584,1
-0.8651743555636336,1.6454808282278863,-1.8225718879830626,-0.9750019723399436,-2.3421656277879768,-0.5489788433708653,-0.7176764615674519,2.7844912469742513,-2.154910774254296,7.053500348367207,0
3.428429778902854,0.8443491890069438,2.254882526729773,-1.1753469758122534,1.507194606759004,0.5346695409380133,-0.24117347360376795,2.360026538348649,-0.5590475206866065,-1.9861935985343648,0
-0.09908249308272599,-4.430873090592197,2.800359256129383,-0.2570371162532752,-1.1327207761905846,0.6952833584645561,-0.7957864488698746,-1.6011504693186778,1.8146968675141766,1.54159088243786,0
-1.8399465294311677,-0.7383516495953825,1.3147564075394396,-0.20961394333644678,-4.137493678543436,1.0625391401358244,-2.9801206785484515,2.807341694805842,3.2182231772393353,5.718280028881641,0
-1.663893625255937,-0.29834498464138604,2.506158143093892,-0.1610735687648993,-0.6631438451314128,-2.5392434937358654,-2.265136557840926,0.9040020057912206,2.008358372156935,2.7916457970503012,0
-0.14061745034498796,-0.5912781944660337,-2.2785036503421723,0.22507289539827435,0.1040404497934243,1.4844039558609907,0.7231198088795117,-2.136753108319203,0.6213777822039593,0.6152628892020697,1
-1.7176607104268586,0.09439527348729371,-0.347442231474011,0.23086984549200706,1.8753803216834495,0.05326792425387594,0.5961397624113637,-2.4006966794297284,-0.9825295878396288,1.5636230961511095,1
1.4992393929429881,-0.5633273916008043,-3.2533794507452143,0.5154349655580843,0.5882375156302452,0.4581495617732075,-2.1255188176571456,-2.1366108086845848,-0.6636606549575613,1.8816178577329534,1
-0.14042804935306696,3.2275269919332206,-1.3368328407621135,-0.838972728433314,0.13023222367321396,-1.2506905327688593,0.517635655233727,2.1650349148953945,-0.6415721162013758,1.7464997227982302,0
-2.466523368237089,-0.301393879619846,0.49276339302049477,-0.9263315948814969,2.2163164414351817,0.42577096371985007,0.5218714742302567,-2.9123620524275284,-0.9378659275682705,1.773722324291434,1
-1.4263612942671426,-0.8442533047860593,-6.471136329321935,-0.7013536288670422,1.8588157190641885,-0.5890876490435717,4.496224351954938,-6.597210177987273,-2.6323578203551263,0.883940889150173,1
0.7716944030127858,1.466281905517972,-1.933775666976422,-1.192618275585672,0.0032762159681886116,-0.15049706598230705,0.9220165315637979,0.8442255058191568,-1.4608393122513745,1.8287594316795004,0
-1.200125015772227,-0.6056101652930242,0.9760512696641047,-0.0004505197141267958,0.3222770677895971,-2.605966651859986,0.12799290223620508,-0.43502182925028443,-1.4890178587138023,3.476188466107407,1
-3.7944274533784923,0.7886211904739611,0.5906653421542475,1.2183872764641956,1.491288625366435,-1.0505461113805747,1.068289481564068,-2.159471401865619,1.2397911637348944,1.0172412663980617,0
2.4398470311225777,-1.5239907730475029,2.209850769719944,2.741754061808821,0.6855609767818592,-0.610047419517882,-0.35065914731665226,0.015544787454374931,2.0618284475071973,-2.793577664631267,0
3.3748677140173284,0.4558034551770632,0.5956812511298997,0.8763701320780002,-2.2859566121172104,0.8516813377862835,-1.2730117949307727,4.013971084656363,2.6409934321408532,-0.5546336651906181,0
-1.0165334267840733,-1.9272217789411172,-2.812836730369224,0.03816915389640757,-1.7494239678744528,1.3468532805636584,0.40265277116319453,-1.7767474480766534,-2.0566667267819416,5.9882333519429505,0
-0.5989790299929091,1.2548148995143094,-0.8382514194947653,0.5676888387198405,2.3484816879578885,0.45365929129653804,0.4825433605787135,-1.8494324261864707,0.34342331488941247,-0.9975857542596981,0
1.5302165185503673,-0.3612360863634799,1.7366236674947828,-0.2982321832714877,-0.27635291569993437,0.9792557140944705,-0.6536806100824285,1.390850274277958,1.7671342836657176,-0.7072958603785829,0
-2.6260901227714206,0.16174675470429245,0.524728925017996,-1.3612094355833997,2.665065188014806,2.1956891578095536,2.5837078315468447,-3.2658995588455557,0.36726607552909807,-1.0747309042714277,0
1.7350574666574912,6.622726794382206,-0.7789931114401344,0.7100042764785326,1.8624412363280314,0.1268926547210587,1.1028046284764412,4.684781008524068,-0.2308941921079859,-2.3066561799246452,0
0.03172942588814254,-0.6233104529074888,2.4198630587190175,-0.1787289925684178,-0.10781969895487398,-0.9070657830500667,-2.4837512516220754,0.6483578704097772,2.5812570866538955,0.5495432362541889,0
2.604816402045321,0.05151438356116178,0.2273230745301701,-0.09197366652086114,-1.9981225315509374,0.4067816501718358,-0.4928689776157541,3.0604209111444414,1.2483296837109141,0.6489628261007545,0
0.04374846969790547,-1.5710866750355197,3.46549171910594,1.188340183738495,-0.10719623010304558,1.2591046904272398,-1.9857164471338833,0.706974531329328,0.9622375750552564,1.807762930048539,0
1.1696709748147467,-1.8889583095414424,0.7842673852958582,0.38651953640038095,-0.885284781259951,-0.2525038563117322,0.3357595388352027,-0.22421117969271898,1.9576269866908564,-0.5074210066424139,0
1.834576170944842,0.3107225757486419,-1.3123638756299392,0.632280849811176,2.224233365364906,0.9968563775141092,1.9524110849186238,-1.9217055699211434,0.5770103148580991,-3.761954867091435,1
-4.431790305207396,-2.021088550670155,-2.1000315010454105,-1.883441201479402,1.6261556452416124,1.3933367770251013,0.15515062929987622,-6.428115633010142,-0.4147012018829733,3.725890794124728,0
-1.2367027963034336,-1.9941475236854624,-1.2190997602801712,0.8705389709993165,0.19872806135408705,1.0057211709032026,0.07446122247631337,-3.1422345623317343,-0.38267577336902603,2.7257865115530597,1
-0.4450175246602238,-1.3773053315405885,0.8841921892146211,-0.7075612476434542,-1.044079939419992,-0.05486798401496956,-0.9390404085174938,0.02695027865396943,0.7534635976775302,2.776041940610203,0
-1.1375292310514444,-0.9708647519154049,-0.37066507346483124,1.8765041047451865,1.097661313980462,0.6509568659818054,1.3122622727585171,-2.4473353267409657,-0.8500507365231168,1.389397436432684,1
0.7162159070289088,0.018148825872878027,1.4352914482743828,-0.602102612920699,-0.6220768130261459,0.5339585145398023,-1.5148355172041015,1.4858549605078397,2.158360888197879,0.38640827257004795,0
0.9843031860055457,1.301002228680539,0.5266050424069334,0.06393537938192279,1.3520303330848948,0.6175366096004036,0.5498943431365223,0.7233010519730754,-0.07101366843089729,-0.8877115962108807,0
-0.9574462509716751,-2.70152293844199,2.186198153100967,0.017872695189959653,-3.0891920702110918,-0.0857840688766075,-1.7723150766110747,1.263012671591451,1.1821684669616221,5.297273687614639,0
-4.742332151224252,-1.6919663593461531,-1.006654007975123,-0.5684863664525464,1.563556860059613,0.0683578518370545,-1.0927748193214066,-5.76342399070195,0.9216266973674695,3.4236488463582027,1
1.7106279166098566,-1.08640091592983,-2.9246012370489405,1.1379756124356009,-0.3588953816985808,1.2909560170491328,-2.699580978204018,-1.282000073002464,-1.3383070004054707,3.6754979227940865,1
-5.731533297918949,1.3201449851917593,2.753285828139215,-0.5066543582517378,3.3275630099288023,1.7440134433420802,4.640099007905149,-2.9555846941966526,0.7769351275077522,-1.1534103173901729,0
-1.4680445365627413,-0.7148760821292429,-3.253375522550198,0.023258762645264996,2.3925999524695536,-0.8916429220185268,0.5681741010409506,-5.475102570628935,0.03552908812546984,0.02983010440442979,0
-4.112165970657708,-0.5417849061278676,1.7298829196514878,1.087850794493353,1.773429464429523,1.6104995484899853,3.521279169959688,-2.9147604929487385,-0.07723517558497373,0.7896627742365206,0
-0.17004232633254968,-0.4242913288034168,-0.3451865635478608,0.7422627961028627,1.2999002576914755,0.27457316545234156,-0.2991036029253288,-1.9389655257408829,0.5866271046904717,0.009774431307596587,1
3.963988258461309,-2.916244100303261,1.2191142445266803,1.5136471391815376,-1.5544502679180896,-2.3777010818477144,0.6987674695033311,1.1442209971272201,0.795215210959712,-1.0141163783573854,0
-0.7467027423887532,-1.040464720810732,-0.2887731611154727,0.7264956367476618,1.5976815194633116,-0.029609472795487535,-1.1878082936472163,-2.760059653597059,-0.5697118083301935,1.82240322094701,1
0.27333533943396227,3.3541716972650915,-0.44190848541206684,-0.582489887606624,-0.43338860746842933,0.3850730477200295,0.3346632760565954,3.615321718095525,-1.0326744282250555,2.4478918770709335,0
-1.6332652793149225,0.23063475688446744,1.6418859281932772,-0.1593783788836517,2.6707547203709425,-0.22767372068400937,0.6127441189978918,-1.7326754798963875,-1.335140173524632,0.9565016566355947,1
-1.1619893513360617,1.0217114519172292,-1.1525473533696187,-0.27822213606634516,0.9229056967081208,-0.07373079497176921,0.6702222955237268,-0.6126173154046314,-2.4208879710914,3.4376232617856557,1
-1.5329152551995575,0.43300754431064525,-3.601224217778146,1.4797325510880208,1.6369454319834644,-0.8654504621912124,2.169410822399867,-3.6196327423642014,-1.8368613336525237,1.6535954341946293,0
-1.8895544117435485,2.7527904221066,-1.8637677651247277,-0.5564000767000907,-0.40464953687124006,-0.22863212951952894,2.647503546531689,1.6461024105626456,-3.426656256909824,5.058843532146442,0
-0.33365590185157357,-0.7190077206455415,-0.05157494363568149,0.9339430336368053,1.322163464433979,-1.2907618325955341,0.9508220669786268,-2.024992821712702,-0.10510579531231845,0.031868091517250396,1
-1.0940298974701856,1.768722240757481,0.35006038129256367,-0.009851400230754537,-1.2079765186164177,1.0366017164296684,-1.5952548442385455,2.78756820423501,-0.7855804952841475,5.206866950179478,1
3.231256441661226,-0.2393265722624448,2.699490369819005,0.9863718238764897,1.5064450253651427,0.7404677235752246,0.4260851367599229,1.4831289868794841,-0.31530949616857906,-2.445893433022397,0
0.4322016675743713,0.4767284870094045,1.665021412173144,0.6670530010367524,1.8924114590801668,0.5187534413784037,-0.9170068236721546,-0.5145706168460105,2.288630533861616,-2.425385270049065,0
3.539383363159028,-0.31668023406330004,0.8542916690667373,0.5752838928893488,-3.0628043074672253,0.9637357248146,-0.17002177158941567,4.463197943824873,1.4836672718669708,0.5783477958548445,0
-1.0059411001429863,-1.2674276239477154,-0.3393004549036328,0.8183490189631846,0.6116733929136378,-1.4150319641487066,-1.9116247878061352,-2.532261710588963,1.4248023409221915,1.518132426879402,0
1.2414732633912458,1.1547412848203957,-2.6865557074837008,0.15534575574439588,2.104992134294712,0.8252625499146259,1.0949729178668788,-1.7876677966530528,-1.0172136569982064,-1.1201205435851804,0
0.750290142549965,-1.9085970072058536,2.1078174819466726,0.9441529840933378,-2.3945244338856027,1.009181744342338,-1.3012714955161595,1.9967054475311015,1.2225887479169149,2.963351229048696,0
1.2505692537852227,2.9652976517673966,0.7850396173789375,1.4447729233463873,0.5126328771074108,0.5801622443395171,-0.16293139470467077,3.3464184524608958,-0.08643384075368044,0.11677047353634393,0
-1.6338159158715309,-2.3919412841031957,-0.37977748625046504,0.0944886488245022,-0.28807925713216387,0.5918279716423627,1.6679040314748446,-2.6525088181730663,-0.8938789995514639,3.036134150965451,1
-0.7827644033618933,3.2043893214534984,-2.1058209046241365,0.14881795081890617,2.927771441254887,0.3113780220812566,3.153411874790837,-1.2455695774469606,-1.0929545834533432,-1.6806966413039475,0
-1.8369917786467056,-2.376514116040046,2.1226949576084864,-0.9539414745309777,-2.6792726876701916,-0.07664128502075379,-2.0280491865958643,0.7853226059564942,1.0568140727768829,5.815140679072074,0
-1.4358409423116827,1.8882120910096436,-1.5499884612955572,-0.052420425534670634,1.1860111450182949,0.756922266068452,2.5275829313814175,-0.6828681934707498,-1.3128297959427448,1.174278938647987,0
-0.4206152219404684,0.6430491996732474,-0.5092510780507173,-0.7431299272036783,2.5411723020771797,1.2016146590254355,2.119365113307373,-2.3566660158413737,0.3080408331979524,-2.2600848572197303,0
0.9523502624113528,1.1240506341250538,2.235701030542813,1.1364146793985028,2.961197774324792,-0.40461056376193916,-1.5744014165924423,-0.47991583129843063,2.9468812408316336,-4.176871331046833,0
1.8582193812882508,-0.29419794582778225,-1.1894428323117707,0.032597046452256195,1.1706806450504883,-1.267213309631344,1.40187478148865,-1.1215497825653715,-0.7505077049716925,-1.09105373579215,0
-1.0488524199213272,-1.7337977686852426,-1.9123240378527062,1.6936722353329676,1.362728946138561,-0.46507516989139586,0.4116682029963249,-4.266959264260871,-0.8620358304258983,1.6972434857243694,1
3.459091405355649,1.1583863082697454,-0.46517928242285567,0.9969239102303428,-2.885769517931474,-0.7012644373498346,0.008277958069308533,4.947079632881415,0.8049086086527599,1.0019715444694048,0
-1.8315272414299675,2.103629722376402,-1.807187262251007,0.8954652997510949,2.611625181927375,-0.5699566768042698,0.9541112470609585,-2.2161676976920326,-0.8552911902371126,0.549034237140176,0
3.0965433175257018,-2.8123858345944175,0.22672438492788538,2.174226248535463,-2.87426291523305,-0.710315861617587,0.6496749344517131,1.4570828708400612,1.1740323811857403,0.6556886385251206,0
0.2068897769068342,-4.01908292284509,2.8423158791305494,-0.7382520285451323,-1.224562960521101,1.5136408919689006,-1.0676847796256226,-0.8508401523734425,1.1854198037054493,2.1567816540942495,0
-0.5153299930478488,0.14972836314429305,2.0019562317322834,0.4486759205772858,1.1546748994793017,0.5918948307828368,3.0697375996101495,0.02821692133993514,-0.05328838463484398,-1.09602157128587,0
3.4612143385095844,-0.6283449754710976,0.5948320722346109,-1.2808148239731105,-1.2457222882304304,-0.9275758679964624,1.4646806653375974,2.4448680057285697,0.26005216582230706,-0.9533889488535464,0
-0.6859401378655509,-1.8459432456885048,-2.08136663136025,0.45792785242544304,3.4064364146270956,-1.2857046561544645,-2.45171579083337,-6.533524019978168,0.9300785598871205,-0.6270246168576551,1
-3.4302362663270283,-0.7099315586102471,-1.1672770381513824,1.797135411869618,1.0483124941532735,0.12424725153819036,-0.7957251698754707,-3.719991643546176,-0.06909095530083909,3.696310831969899,0
-0.07701896056917479,0.5199303201765587,-3.4428976121850576,0.7403298767851383,2.699745192049376,1.1839652849539455,1.6310067923645528,-4.381575973832806,1.1133089697236236,-3.0505145819137973,1
1.081882118840375,-2.346033384361387,-1.9382515898162462,1.8561350246798454,0.9231877855590752,-0.4807679311033757,2.015303476396083,-3.24766417066263,-2.4578799241714075,1.137628344081104,1
0.7108886356500751,4.927014909386704,-0.5679246844204602,-1.7391707392728515,3.0386672585677803,1.8907809052154687,-0.14352222139779613,1.5317643531898582,0.7659528008578588,-2.8673003822847116,0
-0.22466912206781653,0.14719849593336642,0.2701700099128349,0.3150215911737078,1.035994794151235,-0.22914395715449254,-0.6428972353711534,-0.904973740213293,1.1078886060815671,-0.02941841142006124,0
-2.0300575893854194,-0.9699623785523243,2.438082692020849,0.9987092764673494,3.3743831676306564,1.632423618870026,2.019454435601816,-2.851591868113947,-3.3467231531846813,1.6746868152583696,1
-1.265265613404615,4.229437705336258,-1.1253791178872654,1.5026189266356478,3.0494743084948275,-0.14655149952915664,3.939862348426794,-0.1535753205710616,-0.5804150982688213,-2.4839215463788427,0
0.29202256215295563,-0.5086016452280396,0.5395059324493573,-0.34850158760834105,-0.6127756432197601,-0.929842265579578,0.019936409044476022,0.6158570146223239,0.14199944532971032,1.7832971725404936,0
2.3872086163364643,-0.32059123518890875,-1.0077143754196927,-1.100961957013093,-2.3220748599165266,0.1633038640979168,1.0715947239278818,2.3489066754918206,0.2029105976298312,1.271770930130556,0
2.460883199483492,0.3918788894514108,0.7104636865882229,1.1406076154449685,-0.2290569765590047,0.5077385546620306,-0.06580844231158955,2.243437529532198,-0.5283293247901305,0.4208536881131976,0
0.4962083906210921,2.1950577173484924,2.3363869325128954,0.3146156852674251,3.2816237228472307,-0.3999845736575879,-1.7885600294377997,0.1067326239022634,2.753858346370054,-3.884513259046708,0
1.7302385801785878,1.680257271992303,1.59790774262839,2.2701327926152395,1.3847482683003163,0.5721576793440359,-0.7006630760431317,1.7655514934041827,1.3618609536095891,-2.1755758745552685,0
0.13172201720319376,-0.4796148003683931,1.6374386869541957,-0.20613058873859225,-3.730060445756186,0.7961650044477595,-2.526394754425256,4.055902195617024,1.2839640802319787,5.401171143878985,0
1.6325712911712529,2.575945676119518,-0.13056721972210406,-0.5307735481573895,-1.479459473860357,-0.027790819616961226,1.1857432522976898,4.950010471859655,-2.621112963667583,3.515312007622755,0
1.1609994759756472,-0.9890693235384335,0.7691687735918038,0.5931371149267711,-3.0944882439117936,0.7991792499457568,-1.2510806733063906,2.509549163387873,3.159253518677846,1.4611284084717044,0
1.6153505181120127,2.5191493125076083,-3.5422683453059975,0.6202320077114022,-0.6851131553496589,0.18696750416553232,0.46244479645430137,2.152143993267411,-2.91275969494107,3.5794525817200205,0
2.996175546862269,3.57393590537248,-1.6112877252608744,-0.16742798361447797,0.3453159888799232,1.0471794924336928,-0.4935999908381855,3.5267985816293574,-0.8487523637688933,-0.032018656168725346,0
1.5682668372994302,-1.186636497123359,-2.528260500382602,-0.9336055576551604,-0.3252797594101905,-1.0753149073030621,-1.7690035733733942,-1.2307766680732701,-1.4533248465264745,3.291759542823813,1
-0.7846229339196119,1.8899132138920867,-2.982864322758927,0.4706974980557544,3.8116848746754917,-0.4368789262173125,2.5632180103633435,-3.92463654528381,-0.5015236437683732,-2.6963409634739017,0
-0.17805665037718765,2.6293275483993077,-1.797104180310496,-0.6067106520842606,3.5174436478569393,-0.2522813288147153,-0.10989404072482312,-1.9916768525054391,-0.12589258605784737,-1.6939353275432256,0
-2.1194592241966315,0.5206668295258609,-0.4882855834721894,1.4813097157846125,1.0374033482066876,0.5894579772171133,-0.0513817821799577,-1.7968898562912297,0.8344884297831155,1.322107254005094,1
0.0132416841754045,0.8623827650171766,-3.1244135909839286,-0.1451361578384774,1.3116270084841615,1.788458077429901,-0.45618731690159453,-1.7943598767756854,-2.3641822304005013,2.8626128267543445,1
-0.817024999741118,-1.6101928531691776,2.79867688483796,-0.28339441514712704,1.2213531803263682,0.25421213429584066,-1.8430763429759884,-1.6607142282810794,2.478050713607243,-0.3979527231690442,0
1.2039507962041123,-0.8927557303640407,1.2475580032454605,-0.6239500076737957,1.0526520818950225,0.5617771706369807,0.7594854289188478,-0.6956817553744884,1.0269827175761184,-1.8815706754611652,0
-1.138811149660687,0.34204683037060246,-1.0077837871095214,-1.4340597977664866,1.2068965818647506,1.3186448616972992,0.4013512125192643,-1.4274711605768449,-2.3014401909817996,3.2036906917743746,1
-1.1930399981473303,1.2360103577493344,-0.35053281309501694,2.732741088354844,1.6773932537074887,0.3684138207143206,1.3437807123270065,-1.0122438074113318,-0.6946684273425697,0.5928322226851387,0
2.3562309884741386,-0.3179160603465295,0.1997824071569364,0.07917911508578662,-3.3446976902350687,-0.33561949169299987,0.07605067689981981,3.8024873928739753,1.5855351526521972,1.5312271848962036,0
2.124286732295818,-0.05388019665897492,1.0413747826939206,-0.685976710220508,-1.7046094534877212,0.5511088474592376,-0.935683408486279,3.0860298820248113,0.6861549377456027,1.5018956503112575,0
-1.8864529411321254,0.9083055479524883,-1.5290654080313004,1.433361107941609,1.4479775610525412,-1.8231070620763212,1.5940636108965558,-2.223535977151419,-0.09550483690704636,0.6722987095007804,0
-2.684631709800043,-2.0899014803219846,-0.4454626580828177,0.7958172696920669,1.2246471212420564,1.202982253995377,0.3744439235027369,-4.250480572639052,-1.0238155322182605,3.208355009487148,1
1.752444439766876,-2.577875003064478,1.2008567476254401,-0.4305160914330456,-2.76241269828289,-0.11781297172890959,0.416754917768306,1.8499318238464983,-0.23359308294906056,3.0149639381585622,0
1.6024291057755415,-2.9126853903830554,1.7752714586139815,0.19213216642908432,-2.757208880582742,0.27130792636163437,-0.7952006398835502,1.5486691266643224,1.3436016397438428,2.3149937797802633,0
-1.2783038116272603,1.6677916196217422,2.7237336983722016,0.5182874093102559,1.3826122357589083,1.6766566363055366,3.4515309596007855,1.2242320951287615,0.3666063774229974,-1.4715901670525735,0
-2.516257334188023,-2.0502864533521703,-1.4274880311706002,-2.0465528294439705,3.1713826472801663,-0.16910902296490526,3.2037818681508674,-6.687977018997972,-0.8925241756995997,-0.6546472992837856,0
1.8783001256717378,-1.2783373392976336,2.6604629303319927,-0.029720147671540076,0.03237515155176651,-0.22639296974726053,-1.1047783699641998,0.9997344674874228,1.6130778441733713,-0.8564941490101389,0
3.3681947869798665,-2.3970687919134783,0.8827345614019293,1.6599818697812263,-2.1722611226572393,0.28133438640597885,-0.21786581486272916,1.6960466329335677,1.214695839951692,0.18862010646953575,0
0.9301097076348847,0.36595109309532414,1.5008170857176402,-0.4333112869306668,2.9993431253724125,0.026005404267397225,-0.05913952932224609,-1.4951093181312891,1.8473749893446407,-3.9848085400469597,0
-0.4987628354318926,-2.8890476431960046,2.5683289500271185,0.7093848470171471,-0.7692720472160738,-0.9981307566137979,-1.8156311426759468,-0.9008297635286905,2.266453880775743,1.600803231615966,0
-0.5939716401790379,1.48755356655558,0.09372434649552386,0.6891110418481988,2.571685038696844,0.5099653582938817,1.1935008535641658,-1.314658161031511,0.4041784440627928,-1.753867054483072,0
1.522118884567318,0.8501836062955848,-0.8236647484897514,-0.13624029908731583,1.226210278295027,-0.7011278373408744,3.354599065952229,0.07865489833927414,-1.6665973634384814,-1.2368961176839823,0
-2.802911435371976,-2.651121270052801,0.7340021278510379,0.803844473936553,4.450116352228951,0.13584347171268685,-1.508542713596182,-7.636338385258969,1.6020251182892817,-1.361943937070762,1
2.2053364543306904,3.425336733240196,1.4196603370811314,0.1642912348410289,-0.5688937482108966,1.3772652394338447,0.16026718871526235,5.448741727122774,0.6295764340182678,-0.4513813534242772,0
-3.0515676727226886,-0.657174779235692,-2.1134515249002273,1.1468974760090869,1.8394188338435207,-0.8423969631802325,2.604619965087125,-4.8786679383026526,-0.2900814856643298,0.8269248562400171,0
-1.9526284732036197,-3.1522994686951025,-0.7418571226812293,-1.54325122378033,-1.086915890235912,0.40176271042934447,-0.6099477918022799,-3.3681711795289897,1.630046467428838,3.0422566290624276,1
-0.6187100947977784,-2.5620096157745555,-3.781187936547593,0.43159206318949095,1.142006900849153,0.12904883631875255,-0.14316593083480045,-5.704920361663119,-1.0711063436897552,2.2314141695512317,0
-0.037025527093766386,-1.569255186385949,1.6280738253112856,1.4526316645246493,-2.659338925140775,-0.9114312022891692,-2.518164270679272,1.6578985167601803,2.8344566585042057,2.995847278938339,0
4.9309353041353745,-1.232444364289547,-1.3731178063887723,0.7845651062886471,-3.733213736621281,-1.9033474157133146,1.5710056046815555,3.5235966615194467,1.2118141622785046,-0.462754006281235,0
3.519491315483676,0.19731331472329372,1.7245164717785229,-2.200376137948327,-0.6189888177166951,0.21251911392228168,0.5020082700671068,3.478386474252631,-0.48102856416159245,-0.4043631425589336,1
-0.8247892774285556,1.6993362231578981,0.3730295838223051,-1.2691465928855088,2.261652402042418,0.5371945160097289,1.6381528859590873,-0.5875576771397032,-0.5335605869776474,-0.647386952511318,0
-2.2192180762484344,1.4863236964327586,-2.0939064335282604,-0.0010685183488033934,1.7999836196383008,1.4237496323391223,2.3764811839364213,-2.249533563197093,-1.569670406635351,1.5271468413818776,0
0.9157477824307048,-1.067121041929684,1.419498437858043,2.1304420844917624,0.6444232522210928,-1.2046593276821684,-0.277479896862745,-0.7752156733150198,2.6770153036260487,-2.2307901237611625,0
1.9765505198691935,2.4101458494850756,-1.1566214804635941,1.1570373725910257,1.9270386175842735,0.6337714034697525,-0.2216932564912485,0.8676491459225956,-1.3280822078851569,-0.513487220062091,0
1.9534969409201675,-1.0589172265490374,2.416285617810306,-0.27914606176446444,-0.11393373697304754,-0.4617597070245908,-1.3462594740231468,1.1475421022761259,2.0587947539138964,-1.0533436905837794,0
2.465357136135228,-2.4019907130502065,1.1874262600208483,1.1222805585564222,-0.13359796230632826,0.9342375731442819,1.298459838454547,-0.25288553674022374,-0.06183765722781753,-0.8534731259549054,0
1.92399914449464,-1.5474014589867697,1.5700346533034644,0.11464691219270443,0.9212502814686102,0.896782495090093,0.06553316067270143,-0.5834294730402743,0.6727224235788862,-1.5199945704034414,0
-0.14694316037908428,2.024164255501078,-1.2803466727147401,1.364886915610167,2.2622023150340342,1.2663986094798736,4.119952236583994,-0.6426369996896817,-2.708560877603528,-0.493818427484214,0
-0.41315990327975294,-3.9281770559285394,2.243001307995613,-0.29423965717589984,-2.4109471297682057,0.40413786146890746,-0.9078821611138864,-0.26069020157911416,1.1514442446413764,3.766722084809575,0
-2.066138486911854,-0.4951781885438794,-0.6240596470586779,-1.1476941509409322,0.7421542481266944,1.724297485810069,1.887941791934932,-2.119350697823705,-1.4672594594451036,2.6882093855315388,1
-0.7312439411214301,4.501985648530631,1.3553888978915194,0.8425087259749594,3.1005145603516264,1.7514785032564562,5.91417333878575,1.8184216935636606,-1.089595258589735,-3.7324737695761008,0
0.14862606098613784,0.07174265831361415,0.5610350854149097,1.3047598030852237,-0.5915589835737035,1.7318359723572199,0.8519521823774691,1.1290553475585496,-0.22289545611560724,1.7003951617745465,0
0.6483427670524161,1.0270051072967452,-1.3888141040684365,-0.9857533018340631,1.7764767198546436,-0.17077914323340393,0.8270366904803442,-1.0367268165392671,-1.1296555607120116,-0.11762550879482697,0
-1.4705677482523227,-2.755259669877951,1.6595826662289395,2.6074461339146238,0.17062150725690162,1.2522638295350201,0.3287448267207461,-2.081158229456343,-0.9468395224029441,3.2474850912016273,1
-0.47491115855503985,-1.4308807471309808,0.8783720757917871,0.7674751994518734,1.4998962606214006,1.8992985116654162,1.488983327617917,-2.0209434237538617,-1.9018195262271482,1.3714438414133578,1
-3.3607470791704617,-0.12152867299249681,-1.3179714032596639,1.0004469949284815,3.7541226057160992,0.9184549590470112,1.1976070709064053,-6.089220085437014,1.0700015181393723,-1.3783821144797606,0
0.12832607136298413,-0.2618606239376905,-0.17607485615076957,1.1712747818045848,0.723524399736594,-0.06768230204929432,0.46440746934469135,-0.9323873786654063,0.07839941853888821,0.3822487717813707,0
-0.7837916361347598,1.7949354040121328,-2.065113009345428,1.660022658850803,2.1440635869629223,-0.07533660960637723,-0.5833350680807482,-1.8490880608622287,-0.17713595645462032,0.5135835814658242,0
3.6050586064745778,0.3548780824461065,-1.7199168885917144,1.105108630721792,-4.163543020259462,1.0043653860314423,0.23729276173564884,4.624625533820606,1.3450544636627737,1.5882158796512251,0
1.6537196997448458,-1.387557893668601,0.23965122095174685,0.6803837996735111,-3.7861830266659076,-1.5902358117068047,-1.4280169554525752,2.6993768426152407,3.162889099544747,1.9193223381623503,0
-1.3919892204759567,0.6115471796262723,-2.2931999956391946,-1.3853859628849619,2.3965247300140122,2.062130984922996,1.4246371865028875,-3.585031049043422,-0.407896217893126,-0.20491449582934484,1
1.923284311538179,-0.8812830763592351,1.784577983783929,0.04656644870501825,0.520102872723846,-1.3587946097184647,-0.2027782940675188,0.39159852257200106,1.4912127309876109,-1.7845597225653327,0
0.060843365045471276,-1.6570727341750526,-1.5105199192744831,-1.554276261360089,0.8296203029177196,-0.6141681353667483,-2.2541708600426342,-2.856647484116119,-1.0905926629660665,3.1952393186094064,1
2.2922830090459443,-5.440669121650121,1.1694965401541486,0.38648158214297923,-5.775272426502438,0.36576901389004873,-1.2781029977796097,1.868320013902225,2.2730154507662026,4.326327460262295,0
-0.05367678372391471,-0.0003781889920417836,0.39860434220188534,0.3347106896305357,0.4382575787199675,-0.6384903015463882,-0.408231323541962,-0.1524054755942893,0.1993145917581287,1.179319659527314,1
-3.7431176628723963,-0.24389703442727328,1.4608672247861678,0.6534670228838,-1.841521866203966,-0.6019238697958816,-3.785450916795257,0.2524692604750235,3.7984057708772987,4.754542799107715,0
0.17310780276361615,0.7688245893737522,-0.985896415615067,0.5549455208740585,3.113683881315048,1.2414115126852971,2.597412279208092,-2.696778015286884,-0.39668496883942217,-2.8723669263201064,0
-0.3684779510292835,-1.2429554379834138,-1.3486029318708574,-0.30406682340379054,-0.09934202790894953,0.9665763411631216,0.6068837944954503,-1.579352163171682,-1.9865482463864197,3.576798021288903,0
5.167437224751099,-2.2141492191370724,0.5914943632465905,-0.6406205411224085,-1.9828684014472029,0.9541910989482091,0.6117094242445053,2.105329972237716,2.0254576446417976,-2.637546155765829,0
1.0067687862674073,1.9462035332956313,-0.6300366912737128,1.8484743442119118,1.4705943921264644,-0.06678640611287695,1.527653339585508,0.7243998519340281,-1.29084472082185,-0.41156885337264393,0
-3.0976133472352707,0.16228685288567857,-0.7060811915151396,-1.616018830644364,4.035691584086955,0.0802289642400073,0.809731558834856,-5.522996011770115,0.640050346639394,-1.2437545061403519,0
-3.5159923845351955,-3.256226388497094,1.081300615358412,2.164680713563267,3.9940808306294735,-0.031764994470664054,-1.0759115816141764,-7.694548875176311,0.701372580294321,0.2560385869700437,1
1.36076313899648,0.5928548870117839,2.7072459562694005,0.7471758300602895,2.3928522366399454,1.8686920626533832,-0.8256413135460107,0.3249563655596458,1.3162253761463107,-2.783308446051297,0
2.0594726478536947,2.9350247220027437,0.6927544412305942,1.760766297959524,0.6860005454294734,0.29743762638770876,-0.042974260337884984,3.2439724608286546,0.9518468062797362,-1.739531900616448,0
-1.4478763303952116,-2.1048784274891887,2.31641381263341,0.4184559760997394,-0.44173344973374273,0.9734443994368934,-2.863583968888905,-1.3035098858469634,3.7287029671199905,1.18022995897599,0
-0.9231380374722379,4.578088922792761,-0.27755645755899405,-0.7803490458437347,3.1843948983482107,-1.0505035452315155,0.3552650736671813,0.4589352328522272,1.146633776873589,-2.4445244465836256,0
-4.039014488020591,-1.2509840140115083,1.7927658927810497,0.25376601691459894,3.469722942058806,1.3546969002183689,0.6595684554315951,-4.912048950826563,-0.7582876711863303,1.4402556920991172,1
1.3368656798479654,0.9296617244119096,-2.2299935663359642,1.9246660475660247,0.3378149376668934,0.8056054572868936,-1.6594946991162334,-0.06221901165080318,-0.2835424826701213,1.5089520057570898,0
-1.3133788172245464,-0.06683363129985986,-0.7857922091071908,-0.4921057556798851,1.4013891853107308,0.7345079304767762,-0.2714700268830784,-1.9911404456341515,-1.8925691694388345,3.156809753020722,1
2.0422216356093355,-2.866022075759337,2.5060343328329027,1.6251218253982,-0.20050516101169424,0.37072389089340935,-0.14999451087942872,-0.2930396425509758,1.6502678788247143,-1.286502909704291,0
-0.3339123612109559,1.882750324640643,1.8685317727762576,1.853018418792114,-0.22636895596498352,0.7802794606237999,-2.7366024551716084,2.36416073012323,3.7342715145119656,-0.10079073489093843,0
0.4187221506116904,1.4253408165220103,2.35366394849764,-1.9362290657843673,-0.7110810177107395,-0.4492245259462244,-2.3993654138160743,3.5424649986805843,0.9583168820810745,2.301609823692107,0
-1.3528000498394412,-0.7473113159622758,0.2540639588980945,0.8350033913566984,-4.726149531498912,0.7202657713394216,-2.541644630790928,3.0250170046738,2.6666871242214385,6.250129827261448,0
0.557805326989041,3.4745568838512177,0.3995904105477178,-1.0333111685395275,1.3223676778958502,1.051232226422583,1.3937040830381542,2.4828651208822086,-0.14027851678813663,-1.0578686135365722,0
0.6969109932051462,2.6394380379277202,-1.277692868513164,3.2369082186113616,2.497195138660979,0.953546188088017,0.551971442472228,-0.25474918524967705,-0.5592823870186404,-1.3311082487391466,0
3.889499167808723,1.2876854552771162,0.03058574828241223,1.1308662811575934,-0.5660676853701015,-0.771543071098168,-0.15589156326945797,3.1548466301499927,1.78164475180297,-2.513281899675771,0
2.3934526944193526,0.17983097676180648,1.9208371204012398,0.8211832704097599,1.5814240879018397,-0.14481459470820657,-0.3719460660960251,0.828361771465973,0.5251400739949487,-2.211541681670142,0
1.297893089411808,-1.293178398531758,1.815103517569312,-1.2583711894909788,-1.1502043974956928,1.2972646804332855,-0.8804741702163453,1.3741198870206937,1.4849633127300708,0.7855853474955017,0
0.5402347131143117,-2.9399831723857917,1.8900541801227724,-1.2980925482803407,-0.9087894483551963,1.4069360072026162,-1.2523036860395997,-0.7829867068785242,2.223576362753721,0.6871922696321257,0
-0.7915667153463116,0.6156293248911268,-0.21211153626915946,-1.5582775326107066,2.5880121594923886,-0.8121867819881222,1.1138157578100714,-2.4661555298211475,0.7537406559952818,-1.8653225211615863,0
-0.6957515255886003,-0.6426061010463452,-1.8993029121537717,-0.20371465558361146,1.8580619722410288,0.5961040584613468,2.5735449598202185,-3.749516453574962,-0.2448391895471369,-1.0031411574891997,1
0.6892455026042043,-1.032094072525413,-1.474077002065442,-1.2726004281642518,0.8931374615792619,2.513843707793786,-1.5311347301154914,-2.3891351882685923,0.5870838818252676,0.5730936548360366,1
0.8127465016399805,-1.5732717025508665,-2.268580625449981,0.5959360297779952,0.752606399085272,-0.9462323481616953,-0.0557280506185821,-2.9299446207331146,-0.9140145830468386,1.2400742214094658,0
0.2829290803390093,-1.4313724248488748,-3.000813538179825,-0.025044988597658746,0.4193847590073828,0.963600488914504,-2.07144465917732,-2.8041064213808133,-2.455398004675375,4.696042340813559,1
0.3541090443689471,0.8920346227647845,1.1567200662482051,1.2898655867217181,0.8171589307460078,-0.853863307900867,-0.25626893674821505,0.7549253061677221,1.1433894646881835,-0.5765285480486662,0
1.9832975980340546,0.39401562999913164,1.506404668204012,-0.24664624609195762,1.2784112716561293,2.1698094953446763,-0.27722851709503027,0.8013444954268467,0.9692147560165073,-2.078966455722857,0
0.4264588966455475,-2.0311772663928487,-4.081772068717926,1.6842447117319153,-0.17014002175564535,0.4757589585887412,0.26765318348698297,-3.676284438990056,-1.2347781251980336,2.6567499059271893,0
-2.421612379862376,4.4285842182999975,1.4316100609961748,0.7106547712369709,1.749636802757096,1.179918877709989,3.9652925661269998,2.5708078533422776,-1.936733157222001,0.8831998608940014,0
-0.18057249173006473,2.4469869599360754,-0.2143640343165606,1.0069052102268188,-2.591337029505293,2.195961118567908,-2.1375994171505117,4.4046565597779725,1.2730323688458776,4.226874896864242,0
-1.1965335767338132,1.4644874581604221,0.5145580980087286,-1.2565719622215448,3.759951784719047,0.9051829479956187,1.9179063427080778,-2.6494761646715745,1.221846874306737,-3.7283058602921195,0
-0.9901861581671677,3.0397903576076084,-1.1125751126885213,1.034614267456921,0.9813688739083363,0.2592842028600368,1.4129109321316196,1.126427519899642,-1.6847419401835557,2.0087705789402714,0
-0.40878259222437385,3.2964166187419215,-2.5153521729988513,0.8295108499540336,4.003302645025178,1.759177944381686,0.20648261963232295,-2.409952533604128,0.024185748135063023,-2.34081176897612,0
-1.3947958875448117,0.830550264734664,-3.0128495600393856,1.916064397954666,2.7612422048694714,-0.5736537941858086,-0.4315631470253313,-4.058925846259092,-0.7185533329634289,0.8646444244524959,0
1.4877225567105667,-1.0234592464987582,0.769753617718189,0.9498292564579246,-2.235210029557972,-0.23583727516220387,-0.7033328247042839,2.175819062249122,1.11147266311121,2.0107399552377716,0
-2.907111351765526,4.2075672257158825,0.19929527722634321,2.4724350821215495,1.7564816665107958,0.994421047216549,3.175508065472774,1.3599248857453143,-1.5672337691175242,1.4134471844009324,0
1.7134535681838519,-1.326200812767413,2.5637162379728475,0.5826524674097799,1.2852652153248876,0.6525477682209947,-0.471244928609427,-0.18553166365704443,0.5692804654002626,-1.3488677366424149,0
-3.2023162983083826,1.5441266642104394,0.6822059700022035,0.2625229159008492,0.9465679945235672,-0.6453582621199101,1.0338580674880289,-0.5950823749916644,1.0337999100452309,1.301474244858507,0
-3.1070748992672854,1.3093031121018444,-2.5001553303894006,0.2003007432560473,2.2632757296493016,0.3149352371246032,1.8014587454035027,-3.47543563791473,-1.5185695173481593,2.0515128208902285,0
-0.2653935764501967,1.2329008364338137,-0.41526755762724854,1.1698927128948604,-0.9707957271463737,0.1252135509534577,0.9685728758265056,2.2060059009414736,-2.402210752278544,4.421741213336581,1
2.1337548255955467,-0.760175260519215,1.240735680675395,-0.367562496992887,-2.0565030640909456,0.9165977119357106,-0.11558143154610678,2.892574837247917,0.5935677355332483,1.4653102009077221,0
-0.012188880339843444,0.9760555610854834,2.2724251765593895,0.29518717290349816,1.9190086244783915,-0.5743872175237423,-1.9074264538081427,-0.0682569500668469,3.274048314570872,-2.5192845141210767,0
1.1712093637596137,3.631931741611419,-1.0520662657653825,-0.4652720775444589,1.9696244036153425,1.0531992248509605,2.1470821281740444,1.553226723993066,-1.0471794348031707,-1.694136474658369,0
1.4089387224242467,-3.4733285840808974,1.7804056211117096,-0.11726680966290126,-3.0230552140170093,-0.22123905129853638,-0.9108276207996279,1.0211529228076794,2.329797757749899,1.8637172397887758,0
3.0541627810831513,-1.8172613459196492,1.834595084616308,0.3154530575026483,0.5568783003669319,0.7416080201388294,0.004086611735874102,-0.10192364471950505,2.0578430638986442,-3.311642823997175,0
-0.12419705125195024,0.9578982438661,-0.6274269420198607,0.020674744961945435,-0.7628224041926793,-0.6234965131475587,0.279402296342696,1.4048182374607072,-0.8278841434249323,3.0153273838045758,0
0.6338511766774745,1.758275342829792,-3.176129546371871,1.4118449808939508,0.6038134538322137,1.0242504673347228,-1.6157338363432183,-0.02844266978108667,-2.3702765187078083,3.7694580653873144,0
2.0407998950842194,-5.170188877297962,2.3904208618029377,-1.9642215278490207,-0.5665708745947099,-0.29817523328927165,0.5982655670723903,-1.8022924506933524,-0.18804324728376642,0.508461837021223,0
0.8983501724180375,6.743237980875319,-2.8458639220725996,-0.060297426959347755,0.8176770051993919,1.6360043325851588,1.0892025673987864,4.51216471570659,-1.928960808302358,1.0937288963830016,0
-0.11343694627643619,1.8558442805431206,-0.23439253973244556,1.5108538303782395,-0.6122803743834561,0.9862174286820079,3.332260034248765,2.4848655064275915,-2.0586769734876307,2.1664185564636163,0
-0.38577643233797254,-4.186365736742685,-1.8185637692479966,2.2873956656793535,-0.7950082093656327,0.12959622501180465,-0.004920083893895755,-4.36752830817889,0.4714665585378016,2.4084099119457907,1
-1.5538052110401166,1.6403486167557486,-1.8562365421960756,-0.43170547690505534,1.8231953003832468,0.4115140620263752,-1.1572702531705792,-1.6817295926489009,-1.1926191583430512,2.741357512903795,0
0.28294447441225146,-3.6935773546567385,3.14048890919716,-0.1360040825587488,1.1183723627219697,1.2344809704085007,-1.7246540149725158,-2.936189759248717,3.1726678297228124,-1.797594081245884,0
1.366122846464124,-0.5722928656075078,-0.15834871904919245,1.98316273592161,-1.4196678084024792,0.13221747313189103,-0.7006826603476145,0.995234303600028,2.1930891473808427,0.2546147837391852,0
0.7372528238932374,-0.6459733500949995,1.2140239000722954,-0.7575474916154691,-0.7476663515279413,-0.1754761015333801,-1.6972562111260596,0.5310536907489181,3.9611373775131336,-1.1049489202789062,0
3.1269322773176005,-2.5977041829680387,2.5765254646930296,1.9686028205911836,-0.16129709516138702,1.021046951086386,-1.3398833838022046,0.22254164458833536,2.871738004257112,-2.6265083099124014,0
0.5051585552366806,-1.9657813935079425,2.7353597423912857,1.4395363137455504,1.2891556604999432,-1.1763149946506863,-1.1682654689743277,-1.19350552499751,0.6634574242888873,-0.09476358173277444,0
0.04162264228224921,1.5429754260017274,-0.8403058089161056,1.5820457280598186,-0.4548743306633408,3.0597034698211476,0.5978455801559494,1.9138741916236266,-2.555235370923365,4.048046621776413,1
-0.925056026421594,4.386611575606821,-0.4165163232943294,0.6655782048606359,2.69421292916014,0.8270045505313698,0.6186990019794635,0.8900632577527632,-0.06389447164991713,-0.9260568997184798,0
-0.18441722118334447,-1.4037239710469254,-0.7825981665645675,-0.45154822223540225,2.1895219471882665,1.2837314035773852,-1.389798455158747,-3.895137646208195,0.4037364168031158,0.017937029530877613,1
2.574173780703737,-2.063741188838669,0.2878651806864231,0.9790441198555893,-1.806273413972391,-0.05350802252426928,0.20575765352308495,0.6702478269019984,2.6446326922371317,-1.2079638142166815,0
0.17540831298513782,0.41530842695683046,-1.0511080223249225,0.17045607349106304,4.179786125750393,0.8905404214866363,3.6069347328655668,-3.800082476053604,-1.9846361547561417,-2.9916751072933,1
-0.33530600602627514,-0.4701626391175121,-1.8034340996426468,0.9514717333065916,0.20640674700773298,0.3805531446489798,-0.8605913810169693,-1.3534294642759428,-2.1356648121903685,4.256508687923275,1
-1.2089956091807248,-1.6733698034106874,-0.22791285138097706,1.4924080331345229,-0.005194090176726784,2.000193671906459,0.4867464870178114,-1.9379172465802839,-0.9927236733590415,3.20235520447757,1
-2.0650840787721685,1.4142840545212056,-1.727031276765811,0.8626946568470987,0.590535814821854,0.6503080163319033,0.6625919637786134,-0.7615073666006636,-1.9328623462722692,3.989158275394459,0
-0.2500204240245233,-0.9977356170207555,2.9190539023305613,2.3419672657345663,2.115903998694491,1.0901889459171001,1.7260614324242591,-1.2361468847717503,-0.09028041636584672,-1.403688391162814,1
0.4351103517980687,1.2165157196903627,-1.1992140728564111,0.8818231680873848,0.25241185733726834,0.18722037965701063,1.2329521880153864,0.39416711372047386,-0.033561903601638354,0.24795238897861022,1
-0.19837907127900134,-0.48378931581325213,-1.6254724623852388,-0.16428411423657363,0.932832879524163,-0.6396384369454999,-0.5370878966254495,-2.1156544794197085,-1.0118273650340055,2.1385844797746136,1
-1.6539605848429222,-1.7890345832507184,0.30775572659824524,-0.41832787715010034,1.5439837500301792,-1.5182074415430717,-0.40212378049822006,-3.3339402556203144,-1.169116560874663,2.6776413428802788,1
-1.3689167202503674,-2.266204108691771,0.8050673070924036,-0.17549896790655772,-3.8363084444093762,1.5482500888669017,-1.527044573574209,1.3539819178549224,1.2194008471504905,6.205618530766256,0
0.3026018601522099,2.311987121429656,0.9129919710736641,1.645479034960466,5.826783328327375,1.6720543101298966,2.2376721458203295,-3.0060343012488966,1.435785433045421,-7.3741412490511005,0
-0.12471291940520424,3.9588121729464762,-1.0392040040497128,-0.4025240202285856,0.5153838772746536,0.18260851727918648,0.9737289872939751,2.8180673186070453,-1.5499466611753951,1.9149367272221909,0
-1.6029633722343326,5.514865707403812,1.0323000925680086,0.1807325241838522,1.5494838729669898,-0.14779350639223238,1.5327317635355122,3.8076106746560416,-1.2689375381991677,1.2493866424942086,0
1.9016712351622576,-0.05545302517231809,0.8714049550165611,0.037780107981425226,-0.3554362496302935,-0.7742186877967904,-0.30090926560931586,1.8692348705888895,-0.8117798597685916,1.3966393147211713,0
-1.111807717891013,4.196806102867052,0.2727061719762133,-1.6210934453474963,0.8277239316542818,0.36174292898845706,2.6500394531520244,3.125406053721923,-1.882900574025109,1.6059498002378212,0
-2.4383780566311377,-2.7156552303665826,-1.1585665544407853,1.36744399157267,0.05175818579523084,-0.1688648814678192,0.3650673239434107,-4.053441125646173,-0.9056060411110035,4.138243145563464,1
0.5367016708067399,-1.8884128716994288,-1.476921005102147,-1.4191855338670418,1.1807224894576431,0.7389304471943139,-2.500842638248534,-3.373168717384011,-0.043261717514851306,1.6270651867809796,1
2.4544776789373324,0.4690264095399884,1.0469100005883232,-0.7830764538718485,-1.0480820980978325,-0.34940502410703633,-0.43532689551925396,3.2034945018096495,0.0035829299038753204,0.9357342382276654,0
0.00629676643911925,0.6774705207619144,-1.5972464387415006,1.6905904185723224,1.1210381452334113,-0.33575092467659085,-0.6531879239142201,-0.9678311293916587,-1.8032976167282895,2.5841597254628175,1
2.043220097874061,-0.7230243416735581,1.7633081325986821,1.2868648267438485,-1.3865876965498969,-0.042131398636362005,-1.6106925985761436,2.29832613952018,2.1854666210560287,0.19835664180975993,0
-0.9930098445299177,4.308778407011425,-1.3232626987707565,0.3861453251022438,0.40971884229997746,-0.33167018580700025,1.7353412812894207,2.6705546968635265,-1.5164845920898493,2.1831029902936914,0
-0.7004389349993317,1.0325496394163456,-1.285582899850044,-1.1261522957528145,1.9789454932983146,-0.1905792437260062,0.10342034674040734,-1.633990342797238,-1.598774565624543,1.581871024568815,1
3.9140982651292466,-2.700917474316627,1.6731801652614746,2.0628856994429463,1.5664564361304416,-0.3473779048359602,1.3958744236908207,-1.3264419792829587,0.40794414000360246,-4.166042792718051,0
3.434253953410955,-1.9536048209189802,2.109873963506891,-0.44553013601724434,-0.6484322995918125,-0.5966001712638483,-0.5666953597571981,1.4665714200092932,1.0077340044684564,-1.0388922067367425,0
1.5455335946574245,-2.134358102962505,2.1273181579181815,1.407782153716206,-2.458578001888275,0.9398068105377998,-1.8691158919280189,2.234350844215256,1.1381836987757352,2.8579780114571314,0
2.1902604659728575,-0.7084665786380108,1.5597955483423842,-1.132447235379205,0.980392118744121,0.35177369502872663,0.3954691333266426,0.0702793805607681,1.5184263208268423,-2.8300646533069918,0
0.602169931639669,2.246536894878434,-2.0059386249451525,1.3554340577971815,0.05190184574813517,-1.0640398756967704,1.6386010794467185,1.4658650011633325,-1.9061899263729312,1.8807559227906587,0
2.3065055796169043,1.0205623561348562,-0.10847369749403735,-0.6509557413313253,0.8034530334612194,0.2673112017889141,1.1810426227715527,1.2410539097052184,-0.5063507017490768,-1.259080590780103,0
1.2608429596575146,2.44818912515895,1.008047866591347,2.1603848360215667,1.293158102182752,0.40251741127015234,-0.30583869974596567,1.9122575087505331,1.7807414026243857,-2.3810473739129443,0
0.32837659111739603,2.609956098710687,-2.276047384764682,0.8996213598404832,-0.25446474587350687,0.3634220142028295,0.8086977592030155,1.849639936149189,-1.9909420782812375,2.9690256794922636,0
-5.2157784718264875,-1.0274398563369207,-0.630729422681971,0.08525389747410156,2.266926166540804,-0.10354822026401783,1.4169156775802478,-5.662226747232313,-0.13921139131802818,2.558581333393035,1
3.93583278495458,-3.1038499563000204,0.32025419276015066,0.16078542644502317,-3.6282362072266072,1.0200014065807197,1.0713940171514982,2.3609520299492677,0.9292288185145239,0.7685948980034638,0
-2.4385424828161013,-0.8117953602980649,1.2517054394745215,0.26381939801833243,1.93760516941544,0.027086060391927957,0.40180607800986434,-2.62854227446076,-1.0180272985895997,2.1731959890751464,1
-2.175211342244229,2.8453568220497343,-0.5129329918123592,0.5102727659561062,3.8812070091789246,-1.5020938444974492,2.942481963252758,-2.1361148672783288,-1.0022818973173289,-1.5894925337225434,0
-0.18168109917120656,-0.5971496880519968,0.14546996090193176,-0.8051961237179909,0.5783994910731274,1.2887686740921231,-1.1960981925578067,-0.9868499090567476,0.013900170674857049,1.8212598187196782,1
-1.1808519683089957,-1.3557676063659558,-1.3293855794284983,0.5475184613360278,1.7817472516204256,0.43449896236770347,-1.2018249998462571,-3.9010759249044216,-1.2905536735464516,2.7236536213289066,1
-1.0051563158235597,-2.417822046597669,-0.11116261180320008,-0.7800707199862745,0.5698488545876831,0.09191033069161209,2.0333069194486955,-2.74338709537944,-2.616022977827287,3.1430382715525216,1
-0.982646317729183,-2.894813407160451,2.6089685156707962,-0.4647532616564545,-0.8267198125225411,-0.6662191895323918,-1.0933612393951608,-0.8073337131681916,0.9771219045772309,2.8371709802366523,0
0.39309640721430783,-0.3569126668454313,-1.4475045786815577,-0.0811733797342481,0.47687604413648643,-0.8168677297498003,-0.4029422991247432,-1.1236379397055756,-1.4439985599193035,2.474434253110386,0
-1.132957126933083,1.1185589242745815,-0.42099469641936726,-0.6576327044064917,2.3371491682665293,-0.6220338378511865,0.817520025428798,-1.8102953104604995,-0.39252899946534137,-0.08176578990450828,1
-0.9577895988538977,-0.7959210042879513,-0.20638286895532176,-0.3914761389186533,1.6571326584101578,-0.4304325577711655,-0.1517433236855763,-2.952739947245218,0.9661294927668816,-0.1990657999301345,1
-1.3232314965717435,-0.39828623656355544,-1.4300867857932409,-0.3193100951476068,1.399029144461295,0.4568920718960775,2.0588465407856043,-2.83096477429344,-1.4484259049628156,1.3761106703078503,1
2.495163539941752,-0.3405053295631727,0.0015202568887761059,-0.21629688880828002,-1.3992406125912145,-0.1819992770379728,0.22808949432318326,1.9314292374636075,1.2243199141163923,-0.25221200638660213,0
-1.26068346747903,1.7702192738609726,-0.31040438114326696,-0.39708726043174203,1.6656632053016875,0.8779982006609992,-0.6973846115123036,-0.6279376303719052,0.17536593287281732,1.0146495442180832,0
-0.03331170408310535,-0.17868419055544027,-1.4075562083902935,1.5495282937624069,1.0426804234233127,-1.7180027988221993,-0.09085756959593849,-1.8164609961842952,-0.6587039226109653,1.2742695791641852,1
1.791720510024271,-1.5936868744779735,0.9479715284286314,0.161084945560977,-2.980249651363629,0.0011603733506844738,-0.8146958059915307,2.3734490863510707,2.3125963299791987,1.4465372681010153,0
-1.733855935974817,-1.9618991840272844,-0.5787797622505417,0.6360023429841204,0.3375613465026458,0.27426959661989897,0.7080568452026337,-2.8795205601092677,-1.4817614088934774,3.6210433028846065,1
0.5359433126655369,-1.0560959321357601,-0.10712670767078902,-0.6012754941726777,-3.4549371504919257,-0.15192278387070057,0.02230140034649064,2.368302659556053,1.032912939725059,3.623405290452838,0
-0.2912252981414055,0.0900942704309291,2.2765084223132033,1.3722071351445417,-0.7150399065589444,0.5673253939736518,-2.388693090961906,1.6254866038909173,2.742463316572237,1.1640369442633984,0
0.40321577928511443,-2.670425345275524,-0.18197461674981408,-0.1334705049967283,-0.8812532956742617,0.18705879403352932,1.5835503670485855,-1.0821512095299686,-2.277428166608097,3.486081131729364,0
1.247227256855441,-0.6425102834243587,1.8699747703527665,-0.9300561650098805,0.42970443898605304,-0.4658976082912958,0.7842113902658575,1.016831325277726,-1.5678814126050087,1.172936009059423,0
0.013740551758309572,1.6401227905901141,-0.9687473090253597,0.9456052360141701,-0.6069275693746864,0.9982981065752653,2.866231426147864,2.0465278546334402,-2.7966625613654754,3.0951262387761203,0
-0.6564122827998166,-2.250749351934816,-0.022924119102898488,-1.6775879133945502,1.3341588409015535,1.1576205571697016,-1.2934585011101434,-3.6491115512480827,0.6281283529119247,0.9601600677271398,1
-2.2270695585652773,-0.9767818294511553,-0.7947691903521524,-1.0858147447965334,2.06262564000871,-1.6573397208388756,1.0551819313845576,-4.3209316107201845,0.3588112932957691,0.24646344273019408,0
-0.13985371881005926,4.904423701995996,-1.3095544998583897,0.6773418946300886,3.074805414765541,-0.952159716758321,2.7203881627826125,0.7638690017158607,-0.14293587202135016,-3.0708351650637282,0
4.968373587252513,-3.5439876604356617,2.791123385192989,-0.6669895047020143,0.7838923499369267,-0.21406274838895367,1.7231571397089067,-0.06810740382752445,-0.48035229281126124,-3.52308699505324,0
0.07195501246173308,-1.483682830760105,-0.8448329381402678,-0.47244950176072276,1.1108521933841153,2.5719304094137247,1.5425459559104353,-2.682043068162396,-0.9622580326975579,0.472279259675112,1
-1.9553261435308555,1.0781175650051815,-1.9785920035245037,0.3663039220210906,1.6631151294670952,-0.02539929015022052,0.39568767378473024,-2.517905650491607,-0.2215589900955497,1.3599041315788938,0
2.8562162402252995,0.6655219694651292,0.6806064254282403,0.15378384781554094,-1.3002978516311416,1.8027332547452821,0.2182297809970506,3.3534432577110658,1.0857407167045494,-0.5492042222283019,0
0.007916487070585121,-1.8118329466581407,1.294450640732729,0.3408384960327472,0.6736557078843626,0.3590700333785969,1.1210736219549853,-1.3888961135359756,-0.4707595367763785,0.6683039588114037,1
-0.08296941180340212,0.6418501537349698,-0.8220984298611299,0.885290181674022,-0.7002501268932552,-0.6935605045738898,-0.32685520493515374,1.2961889746012165,-2.534327572312389,4.957366999526381,1
-2.136287406626077,1.3708922940404324,-2.680001633058347,-1.1740195923759074,3.275084089224729,0.48625439421344385,-0.025628445121302357,-4.328166048427133,0.05470102044468139,-0.1158787275005671,0
-0.7435540702442839,-0.6250231212702514,-2.8666279114692745,-0.6329457135284661,1.7022254203490808,0.6541402642261362,2.8942876522958296,-3.7647135402922536,-2.505146709528552,1.220039428893211,0
2.2476194381101924,-0.6141262720870394,0.3016995429539425,1.355783122926034,-1.1645636610117203,-0.5309499869541119,-0.14867733598979493,1.1508411863431083,3.2632207944063616,-2.0482831692309493,0
1.90787572115884,0.17971889134845598,1.3996167846446035,2.04571832367078,-2.356532122686256,2.5771775443688463,-1.3859236083508302,3.9598013179678055,1.196027121644268,2.0708105728794703,0
-0.15802399598640338,0.8475437886221576,0.7697422974401976,0.33522240911980544,0.08641606561538973,-1.463800881738754,1.6665410575675725,1.3999482527471288,-1.432722464365038,1.8976191989616953,0
0.2796554569572077,-0.8239207585873606,-0.9279491297110184,0.8091770374883798,2.4912866749201266,-1.85936032015896,-1.2259434952674022,-3.442517916555957,-0.11697608549077754,-0.24603433061841096,1
1.9698512409262308,-2.357861009713121,2.1862009427704385,-1.0860800158838773,0.6886329398702483,-1.9411167532439917,-0.07692314795964983,-0.8111584921207101,1.1888038409780068,-1.7265689293267146,0
-1.5874296198031326,-0.5260358956468754,-2.1390771218196605,0.8529264463205459,1.6281867839553419,-0.25173762537627353,1.0389288155254222,-4.00136430341744,0.22830132895874344,0.36624934519707625,1
-1.8325862485766855,-0.9888842586330887,1.0617649935575502,1.876065786996152,-0.6443639422894767,1.1343433607006717,-2.0001905261088515,-0.8334748254403045,2.715683349541184,2.1379219399326024,0
-2.2745221264969477,3.374504082813615,-1.0421575291248018,1.1363779598455004,0.41329421055536397,-1.6059658564584458,-0.8666007571963222,1.193264379380208,0.055609806986431254,3.212271664360694,0
-0.9106610549218469,-1.6006871976085768,-0.4006109288756674,0.826219743671212,1.7084287665793285,1.5880894645300199,-1.0702229621405008,-3.697006607294336,0.34756487011141257,0.9034336559889583,1
-2.9134551676292904,3.3062544636700024,0.3129363963775623,-0.46265082139483327,2.017528169527231,0.4960647128447956,2.8509166087156848,0.2601177430846367,-1.0656692550734346,0.8982642456147898,0
0.5435393646140464,3.4553885295292814,-3.2357166368233425,-0.5447275570335086,1.7648729387754463,-0.7616527915716954,0.9671967394650974,0.3253400913824876,-2.5862609921818294,1.2704337142722624,0
2.88423175122262,0.6731416190080334,1.1909023061138027,0.5209433793967901,-0.6901915830212567,0.14009885795086946,-1.2205414590572348,2.7866825722134774,2.910727271499264,-2.10362871058736,0
1.8540160546033468,0.13674634705385325,-3.3782091715410907,-0.7397898759646989,0.048671585864639266,1.1591401723088326,-1.2006655530732728,-0.8119800913854615,-1.2531543510113488,2.1459641597673054,1
1.592789169135187,-2.814805624236566,1.466297191797615,0.6499530199951361,-1.961491516478767,0.5380961500098796,-0.5045877085868526,0.7051302029287692,1.2225320132092912,1.4770379808602447,0
-0.11511059194201045,-1.4753078858008224,3.1431611476053254,-0.8136917977750974,1.8766354036542436,-1.1920466795098337,-1.1600892959991023,-1.5104577382574012,1.641524031933515,-1.2008928515525201,0
-2.9585151484521,-1.1503049696413412,-2.816359904593865,0.13836212122798283,1.7035012740974587,0.4435370358486882,2.7714918961104615,-5.396456588057,-1.3060202915419694,1.8221009104257115,1
2.0053916955883597,-0.5412098894963258,0.031155542185877017,-1.9554058057418646,-1.313401563014835,0.3622491616331193,0.35003924928790575,1.4775063098669725,1.1805199350634643,0.0077506785527562405,0
-2.209360590073518,-1.0420640174088018,-2.312081792558366,-0.8536870680619663,2.023701465188722,1.9386474875164645,1.630457450376714,-5.095335009259411,-0.5299187017815624,0.8464972226989391,1
2.012228581888478,-0.9735357206689187,1.2868947287635892,0.7920256361742689,-0.26612404384568833,0.7974191149125988,-0.758545228932262,0.6653056238134367,2.246333139563981,-1.4409671913230673,0
-1.3960365838172848,5.704326356998077,-0.23410267536624507,1.0651174355271131,2.587020484243603,-1.101139038527302,2.1635880084540973,2.292814150044465,-1.219776075537235,-0.3307489211889634,0
0.47841426004374366,0.7734935503679806,0.21136958661153404,0.31814402619096077,-0.9364268845729712,-0.931402715331927,-0.3983469826911371,1.6803533825988133,1.8024638128375279,0.5702814266233011,0
1.2413316817291746,-0.17323269634242944,-0.6332077433828257,-0.41580277098602336,-1.6964637242700702,-0.35160020032247574,0.02907102906564918,1.3886436552964017,1.5605616175946406,0.8018884093879228,0
-1.2274165694203303,-1.930961643631743,3.812423070157739,-1.4315642908911022,0.34736909624003787,1.6621652934538607,-3.466592218114595,-1.0211004098195815,4.44266271057673,-0.16741447066574,0
2.3891349995926867,-0.6912988129471475,1.9619244933112832,-1.1494659845107442,2.103303602809873,0.21705017317379544,1.0190544474617251,-0.043512961033069064,-1.7815583127683263,-1.2977590067811282,0
1.7151804807933178,-2.2467738394757,2.15018324798485,0.7779245729981428,1.7025507555754387,-1.0430288824276017,0.9290524431955626,-1.767656190598299,0.8458389560170547,-2.8227664164581627,0
-4.009814312590196,-2.576564551869061,0.9240722884388654,-0.3646439429162105,-1.7513492129315331,0.1091767003943443,-0.7894796556862015,-1.860309486271746,0.4748492654797879,6.400022788027296,0
-3.4112764514082947,-3.1467041344523663,-2.695105223479293,2.160776360301808,1.8666530209967918,0.6385360861404268,-0.01451902433072838,-7.569875044985476,-0.6171472389000122,3.0804517663952766,0
-1.6050797511156234,3.3778332017447394,-1.6499919635781954,1.4345006853369413,0.8745221902380856,-0.8154579930727465,0.3203707891730764,1.0030794251317054,-1.807940942179314,3.3606473397065884,0
2.870034326022862,0.6847544184215094,1.038410066112664,0.03738902060767152,-0.4084524541403626,-0.09100366859627079,0.526725792519425,3.0716647624458258,-0.683463968117867,0.062310063787364645,0
-0.5972398339033022,-0.5254772319902927,3.0927252697127243,0.5403072774772975,1.9532868346449432,-0.1766030202336012,-1.0184824383315827,-0.740450805135955,0.538540103687662,0.032939208351418614,0
-0.1608800594722134,1.8452245473133457,0.8000617787929148,-0.19200760450159693,1.0059269577587147,0.733092737676083,0.34999352135450745,1.0371881356570505,0.948652572912882,-0.576804361692522,0
-0.6912474534600227,-2.814810962360861,2.2354199958266623,-0.5832602169365084,-0.967432083548463,0.36239900469302605,-2.416080236323974,-0.8537622405246231,1.9651266924951738,2.6055164462386764,0
-1.5533419765110672,3.844951525692669,-1.2744751303928967,-0.49107261682059244,3.7179952938306347,-0.33241232496852335,3.4622962936651875,-1.138417799561899,-1.6690973428506877,-1.573561383355695,0
-0.8181084105168065,-1.049439669799359,-0.36237904887469485,-0.3578350097477905,1.9570078990978166,0.288593887753907,-1.1980946135769979,-3.2401350820873307,-0.2850309312448168,1.250618048470625,1
-0.819370555043062,-2.474931326845313,-2.030750983397781,0.45432746220174874,1.542820648237476,1.5027277727649015,5.761023604349909,-4.769182093714416,-3.282544801097655,0.5129687135940403,1
-0.5568000553684392,-0.13600579928428824,0.05550331319245405,1.3021313334708786,2.040438619155151,-2.392573719445299,2.1583170240609695,-2.033619287655451,-1.1668923559915263,-0.24169731474248335,1
-0.5269113746469902,1.2225092029736664,3.986249796241368,-0.026632582094497426,2.783255927856288,-0.8132560517681037,-0.11881728364506927,0.7697443490779317,-0.23970881474414485,-0.7397065799973775,1
2.6110272970749846,1.3730138719275073,0.11816207529050404,0.20150192202418044,-0.6622773725841068,1.8156561353379437,0.061098083339759635,3.124606260911185,0.20072418862496144,-0.05857318542435591,0
-2.738238675001997,0.993799571681956,1.2731847197905042,0.12480872151918537,2.9559335192115728,1.16012194084337,1.9893535868828915,-2.33590233070965,0.241291578788159,-0.8637686224194886,1
0.2439975633967132,1.309191332530411,-0.21259422176282683,0.7705320040954808,-1.4194439795496088,0.1426876823164861,-0.5034153846841573,2.8659501943028927,-1.2648250705063608,4.257129663079092,0
2.2376157852488157,-0.8689913603980618,-3.4494879758318424,1.6624670762922609,0.5030554426665922,-0.06368708299334114,-2.076288185881612,-2.18113160846541,-0.44104521994638113,1.1841333432097236,1
-0.22450256103865518,-0.36146217622849286,-0.2511151772616035,-0.3799360274648763,0.061086338878814206,-0.8138044072785177,1.1514151993849868,-0.3278807584846456,-1.382449866660758,2.3199815818251883,1
-0.6791735622310088,2.606776731075512,-0.6751585369220653,0.2016647789685541,4.84016591486275,0.3989840342955203,2.172154778546654,-3.015730694048984,0.62461162210455,-4.774775912022922,0
1.9635460936470954,0.47239985414105135,-2.025234963906605,0.9036536987127629,1.0664172973538704,1.3221782569365583,2.8024950515202005,-0.8389164001041559,-0.6048268070671219,-2.04712833463795,1
4.198138038391754,-0.38868348254573803,1.5311013799357434,1.1381769491334381,0.11611229760220798,0.788382570564067,0.8403316741811143,2.210778241853272,0.5342709175772651,-2.8067387735004314,0
2.077546900909633,0.19020556932131538,1.2304839229730669,0.11100931952616414,-1.2013829210017803,-0.7163608503547617,-0.11074217480075343,2.877501959645773,0.8204970387908043,0.3922234400655844,0
-0.961868924811743,-0.37476326016306183,-1.8010649641507666,1.2293835504501462,2.3039832252293686,2.3947896749997017,3.644803620394339,-3.950936644049168,-0.5608123118690932,-1.5993025963335308,1
2.0985199129407412,-2.9663223162566297,2.2518656149196694,1.0546277628602956,0.42044595174394395,1.1716160122391324,0.24369935042003465,-0.728016175200879,-0.385718607403691,-0.20139191133552525,0
-0.2336485855572178,4.4317958036091145,1.6289216624849479,0.5756738009066807,3.0163076510639573,-0.3885414712963703,3.232583875863663,2.067752133270661,0.032321521474080406,-3.5088461254574406,0
-0.3473152699369694,-0.4167972198211033,-0.7996883548343933,0.7603429988364887,2.3490556058038363,0.8806813793663495,0.9031459513706789,-3.34562070596509,0.7539155685265028,-1.772071842781338,0
1.4922418969316653,-1.4283059472952067,1.8270888027904726,-0.038518115356280636,-0.36108838604555804,-0.8133475951639059,-1.1974146030980028,0.41694693498972146,2.423326115486415,-0.8635753072734939,0
4.476432839206462,-0.18568653854727513,0.08078682983372765,-0.6166907722558388,-1.3877950563686108,-0.7184809054051281,0.837734147659103,2.8359196882762214,1.8030918828291878,-2.69392809961306,0
-0.37814224458043266,4.495413419618757,-1.7198246563956014,-0.2627883870855583,1.0930958900439034,-0.30223407350305853,1.9661035313979616,2.520520126330064,-3.144020065222439,2.480344545521955,0
-2.316019658412207,-1.687904575025704,-3.1446056315856814,1.1731447052606736,-0.7805673964196532,1.1822515597509675,0.682579311127308,-3.178928429024548,-2.4089485312275456,6.175894746980031,0
-3.113799766700219,0.30957882768579326,-1.8036836236006906,-1.1102601409435064,0.6379187492182694,1.2822496783982298,1.53703703149151,-2.449123179025187,-1.373596800534456,3.7143872590337894,0
-1.5871962326949922,-0.34904263846876493,-0.36152606086550076,0.6570278942037454,2.1913192976236586,0.5927036765394064,0.6239629404971478,-2.8243385878465936,-2.2335641654762624,2.3621084902109057,1
1.5389994697661846,0.3065335572451363,1.0572198833252582,-0.7435440349345822,-1.6964537749242816,-0.6672483451158454,-1.4029864760053177,2.973315828294814,1.7684372600233926,1.1527952687081924,0
4.154280524798652,0.14724219936542793,0.943831122284976,-1.4523635096550347,1.3240681375051886,0.10172327717196808,1.6291737625561744,1.306375984875501,-0.23915949067266784,-3.7055910368635074,0
1.2067582173625881,0.34039208120239006,3.527444954035916,2.583867468185586,1.7503873218825325,-0.07566708027328717,-1.7932021193056848,1.4268193056470024,-0.0907980321112446,-0.1024233152492463,0
0.4270727404362308,0.4509936491108545,2.2924710009275695,1.9628033734823855,-0.06641562474876028,0.20224994925734927,1.0364307423172394,1.9678615973693976,0.651817288367062,-0.07205335020171627,0
-0.9989249962425936,-1.8215809509336833,0.6896701542477498,-0.6839727208865064,0.2473890457703921,-0.7509632441652577,1.5941911065571466,-1.4410861717059626,-2.353397287084802,3.4161583038395005,1
-0.2271460247959537,1.0404615443323086,-1.0145777301408923,0.46868447745321634,-1.9664230334642703,0.7744225370175093,-0.742287120447149,2.4870718468727153,-1.4009197136313918,5.475307540053928,0
-1.0699057869839654,-0.5637715633918426,-1.0328802276412983,1.0199283245610853,2.7295015061631775,1.3200246343058137,0.9956544431306938,-4.207938297230025,0.28696154004344054,-1.196053471707692,0
4.3323836147095225,-1.7268372938338787,-0.23403019778555356,1.8458168384436138,-1.7511291248061993,-1.2129706518870544,1.4707867431984512,1.82234782484089,0.09763361206458498,-0.8768227820691944,0
3.1596442137418213,1.6559466160332321,-5.1647571483998895,0.9312589530456756,-0.6593589705371722,1.1146421501488457,-1.3388226353301738,0.985831795619942,-2.4910748276675876,3.1556069534366245,1
1.9406248123650514,0.6940983978312275,0.6298301331320256,-0.0572070939197889,1.2794285979136366,1.0914489838421604,0.6051981946915784,0.6538275253499641,0.2019817392037554,-1.813698049643849,0
0.3079872904966775,0.3272856465921511,1.2529426255885396,1.7187342452020085,-1.6346673424464306,-1.3828780767515485,-1.643330735106316,2.550668437852312,1.6525215369190298,2.268208278444837,0
-0.378328962371533,1.554024379260031,1.8271550940643944,1.9513012028744265,1.3717309574260677,0.31922883388245965,1.6395371374603749,0.8720966265920058,1.1593609447560858,-1.7825418155628077,0
1.0892460361926735,-0.44437812915921693,0.26811176997352637,1.738118328939728,-2.146148103007897,-1.0529156275912324,-0.42889249981871813,2.078086911311848,1.4523389133455935,1.7231479325997694,0
1.2980577649634135,0.4482416564643722,-1.264696394576748,0.34749114978285334,0.7701074117372121,-0.28071232137333,-1.3322164402336285,-0.4731323080243567,0.30317292976799337,0.3250146690879569,1
-0.10707116691610874,-1.0334244774277845,1.9783736564324634,-0.012873522338095245,0.6993316888317621,-1.0028689427518223,-0.8787139251739985,-0.5825461934845347,1.0975504240936393,0.35380165507659034,0
1.9397800901053825,-1.2344520533483063,1.5244494174170078,-1.4393881162842659,-2.2168419453013306,0.08392567593828582,-0.5569255141351971,2.8231804002600613,-0.009397289780814222,2.6290136496298206,0
0.3664907522434532,-0.5269355946614012,0.6157279633030074,0.6905348137692425,1.6720543552292848,1.6119548501093974,1.260277788827188,-1.2997284761996903,-1.0873199919104297,-0.11356217100616306,1
-2.3174444000387355,0.9254607703674658,-1.6174193221283706,0.7421838896981059,1.9970606798067037,1.1168316411507795,-0.5366983269436892,-2.953687249972652,0.10736963510757436,1.5327192369662672,0
3.5716859933979053,-0.12285314211482956,0.07139994460563293,0.8616632557876579,-2.866070951865171,-0.12097090403459831,-0.8353210149490365,3.8801208799589153,2.1817481439597874,0.10179416484737919,0
1.624434447894755,-0.06196605147978862,0.5155938730944133,0.0255021404793766,-0.5128824089269128,0.37245336794429773,-0.6094243411355428,1.19384085648375,1.7768207629992405,-0.5443706699737771,0
0.6994288055049865,-4.460596169479082,1.2619707074987287,0.3686721385148387,-3.039845320077555,-0.4920628657907872,-0.19264293055597337,-0.3309522258770057,1.408722207771861,2.9358326387987863,0
-0.9070659489286107,-0.6457988502836876,1.1550361726518203,-0.33458659163264937,2.0251392747747547,0.18600005892979643,2.050564150940291,-2.14641624620155,-0.2610057658178594,-0.7949542528822872,1
-1.1984508991731841,-1.6326825307901895,4.3295102951207705,-0.6791175070392751,2.8079629588165185,-0.30778357562578107,-2.2523180189097745,-2.171668209547432,1.1452403000400313,-0.21690423905275258,0
4.209373846836673,0.7947943171138451,1.0147146001008345,0.7230502933732359,-0.11977399197161231,-0.8039519982359923,1.0483890384328625,3.5925164418190856,-1.4542539623598896,-0.807216071957863,0
-1.0430706774931267,6.17986154321189,-0.05213357815209374,-1.6745715474073477,1.5880292538997947,2.6649764446277713,1.8427639794028914,3.7827024956021202,-0.3291810795600051,-0.29381746381195906,0
0.5626380135991701,1.1400181669566556,-1.6949705037246066,1.0098149731940755,0.6917263554769321,0.5712888095007437,0.03996701897130894,0.0279499576360821,-1.795039324635186,2.1549359077693007,1
1.140341552256534,2.7579195434734234,0.9636561450178226,-0.18250995010033677,2.2585225295896776,0.010439968577301506,2.4849827122337307,1.6923686787542174,-1.1868375222017264,-2.067115389341377,0
-1.410871399831438,1.2990726161886665,-0.4974793430053691,1.1548362266740966,3.310856481393921,0.18572880298975927,1.3217212937337188,-2.996513285913286,0.8913689843337279,-2.3956061920012353,0
-2.16139665599944,-1.7318851120504606,2.7896721583063457,-0.3580026388715898,1.1174135492370878,0.04259303444013257,-2.7738416696087675,-2.4500139953178626,3.6166994431761035,0.18155946332961376,0
2.4523379148176527,1.9270125931434836,1.3635539202881457,3.849440948292548,0.731163037297237,1.5587573073664518,0.40786192813660616,3.30034810839515,-1.4872891876064163,0.025457888206336265,0
-0.6377107571466927,-2.708096172697947,-3.5801907491531666,0.411241812871709,0.7665460104766447,-1.6720833647974715,3.3098088840371784,-5.510306103874533,-0.7935558026253274,0.27969828913298705,1
0.3839315148150443,-1.0877889751330816,0.19482783468148412,-0.6838051254904104,0.8566765351019514,-1.4796553258922578,1.4768424798749278,-1.4899028159592507,-0.03777856029474291,-0.4192112779093269,0
-0.4772456709608338,2.1562587408366927,-1.0984043432454027,0.29219660443030726,1.782285921648766,1.3313216573661397,1.2877299839923673,-0.39111365465426673,-0.7783856424223125,0.053345112038882314,0
-0.5729627000512179,-0.664596049235774,-0.5331002140500879,-0.9674394834023986,1.7880344125588294,0.45701140203857926,-1.1570169554835519,-2.7698611564518147,-0.04193443539510133,0.9654964802541762,1
-1.2973080417988152,1.0930027452799211,1.1773016472337905,2.1281938381751537,2.0279247679382766,0.009759434921095766,1.230324678058361,-0.8687469518473233,0.7143458043971628,-1.0262442538581702,0
0.7256997812573298,-3.6740042844011795,2.2405800536162133,-0.40519125987871407,-0.8679524353971834,0.010944856091087696,-1.13355977946709,-1.3855267773035256,3.146087352590898,-0.44153425799247903,0
1.996504728363142,0.5659706008717663,3.5016297892123354,-1.4365972494865464,3.996166767800367,0.6390447890437188,-1.2575195108417092,-0.47541899958324907,1.3643497403571678,-4.682342822350459,0
3.906724509172424,-1.118740030069398,1.1856562823142824,0.11183389517204556,-1.5784091045708273,-1.0876747789127452,-0.3727371970382052,2.6778581877208585,1.453882166043655,-1.0128926659002273,0
2.2893523835589025,0.20914921896833183,1.919897695560318,0.39036730175510453,-0.551341515311745,0.8613274219819417,-0.6767091433125961,2.8444810755336207,0.5652586537195396,0.14254529075198866,0
-2.9953620022473375,0.5380354534615533,-2.0577212232526993,-0.39290406044391124,2.769103134361251,0.5215500245650608,2.408499787555783,-4.50652502706533,-0.7959597986209958,0.4121834526671356,0
2.6450019306776404,-4.9943007539356294,1.8636134448729123,-0.29606879886341164,-4.206496240261756,-0.38180421169651646,-0.5520919191769447,1.4670923907040754,1.5735069130138264,2.689431696274546,0
-1.4576596221569469,1.6160413167237433,-0.7562425772148559,1.3124176060440338,2.84311618549846,0.2670013026072421,2.936412234648952,-2.044275491602387,-1.372460829122172,-0.672421869110701,0
0.33431506595632354,3.8372372216283033,-0.29447455217467466,0.2473580883204992,2.302194672780764,0.37871566067236395,3.1125562595080054,1.6257013131292521,-1.7232830976051674,-1.3561465852783816,0
-0.2964306098507109,1.8021789951276164,-2.3510391461199975,1.3891646432630376,0.3160671951584172,0.30394644502620016,0.9422427427258495,0.2342216562984025,-1.9333061844347692,2.7693213305062874,0
-2.6897021823004046,1.8220767468651085,-0.9577722827107339,-0.545596230824982,1.0403093358774702,1.201811217368713,1.2726411523220111,-0.7041370671827368,-1.5767952268123189,3.255067881598748,0
1.4127076608844993,1.3450191850613327,-2.271827520665553,-0.2280718140231679,-0.9235408567861861,0.12061883712573457,0.17854387751281353,1.8396052526103892,-2.151910321107676,3.404324590202169,1
-1.6442623198684627,-1.2687387637655911,0.745755054212014,1.5411072492505378,0.8767911852913985,1.50276516749289,1.0716621549524696,-1.911076134702523,-1.5770418418242884,2.8112298511533464,1
-0.12922434727958365,-1.0733999304538933,1.1984828864259054,0.18453426268089176,-1.2422905900685315,1.0335337142986596,-0.7707424774037336,0.7374736320886739,1.1662085586346136,2.21148732757155,0
-2.5631697627462633,-0.752350857649906,-1.2414665453636569,-0.2321450305963938,1.4946408859158988,1.5753527032088575,2.661454771797622,-3.8013135653524723,-0.8268060355033547,1.2600694114671145,1
0.01011663950875541,0.5415910105517922,-2.0944917975804302,0.07079672123299136,0.8806635198705337,1.0077404574642275,-0.7270931246606168,-1.0228083891065678,-2.519498057905458,3.58334644247429,1
-1.869954918415568,-0.9165455742008116,-0.9678366870472396,0.02118025178466465,-0.25110277004846415,-0.626612053902181,-0.010063897167068236,-2.115766450007976,1.0597855328560741,2.2549715370514245,1
1.0567415814174113,-0.319262801196066,-2.664164349683369,-0.5037867277456365,-0.5515906888315768,-0.2957378422082345,-1.0089191937443118,-0.5674488689751155,-1.3003038952154924,3.270213751870583,0
0.22346785023707105,-0.21225598289525938,-2.672238628142353,-0.6875141574210769,0.8378601347802821,0.7434918461040128,-0.7701595732823329,-2.2176040652560016,-1.0162351471587927,2.0873486800356154,1
0.5995054780637016,-1.1357330937303134,-2.9689327897076727,-1.048315441478488,0.7676152939883147,0.9743624343305447,-1.8429367206273324,-3.1314494916662836,-0.2731210260197906,1.8459822583907246,1
-0.40557237364239007,1.1296347268489448,0.9505096396592908,0.1746494755012233,-1.9242488471870351,0.34956540386294643,-2.8279412296888125,2.7562328303505765,3.4889378290126407,2.0078519460735307,0
-1.9347456577757858,0.5297771450760204,-1.5559116346050414,2.095703918257678,2.1509828189778255,0.8061424665419645,0.8326691727822519,-3.278727482867284,0.004750560235216694,0.3815939722390337,0
0.7407802224510031,-2.431323936516393,-2.4187172668595625,-0.8145612677050315,0.07014576221993096,1.4127853728307431,-2.711566421315266,-3.160030162028248,-0.7109063044152256,3.4132677569362517,1
-0.5984350900801608,1.1765510599991522,-1.2691193536956953,-0.12110506507858554,3.377950404756472,0.3858805345570643,2.9801105817451012,-3.0089862041239686,-0.7989075295817788,-2.4003852696395045,1
-1.8624266940635859,1.4226774984619452,-0.2959850645517391,1.2820490531862645,1.2451156109716268,-0.331563369478167,1.3255344887427565,-0.7456297337932848,-0.3641452139165965,1.2116328367802753,0
1.9166679145625802,-2.2592237182349373,0.42163155504692373,0.42233886680134697,-0.37397004473179707,-0.017141374605046167,0.8501785469190987,-0.8749088807273656,1.495026718469164,-1.4147233621442035,0
0.7974471067112167,-0.4940679491840526,-1.612638155599376,0.7405770787399739,0.8201429246671195,1.3752126114061727,-1.3283179006462134,-1.8053247753344484,0.26534543906965824,0.7378272937467251,1
-2.216571436563648,-1.7922025982966652,-0.6792517431063677,0.6536632442318826,1.9656922853770835,1.5203931818866114,1.7653966553139315,-4.92576713635735,0.3740592599469611,-0.07683968198119057,0
-1.9161061216978088,-2.0250467219366994,-0.40814049083128356,-1.3292245201076538,0.30374924476042275,0.45318413419247594,0.9053856535476998,-3.0261036108746686,-0.7477059465674184,2.959511243237904,1
-1.9055800845374433,-0.3291429299228318,0.04698120850158283,0.08663653733853943,2.466196071544275,1.368528502701043,0.05257908540679446,-3.23867464950063,-0.69104959710891,1.1607966635941114,1
-1.3661747127252744,-0.6255923500101624,-0.35376244518566224,1.4173960601028042,-0.6878952126557155,-0.07812968827510564,0.005803448034542247,-0.599156661661539,-0.23106744678247582,3.517310193933259,0
-0.5525290905077537,-0.8190686401760358,-0.2045486537172505,0.0982926091215105,1.9572055824678594,0.5428761525838458,-0.7085484296987913,-2.896694538945738,0.05484932653800867,0.4121816563213665,1
2.9531931046049076,-0.8127941854216189,-0.6006112270375131,-0.4077448103749952,-1.7270154179571757,0.5040407555360952,1.2911339657284624,1.7832868266662216,0.3496204119852583,-0.019473466720487387,0
-1.8856097001852832,-1.0238447351135318,-1.3274289248637356,0.9279118343883886,2.4643795741862493,1.598920479343601,-0.35997695184226874,-4.584429469899278,-1.2160404550567163,1.982342924042419,1
-0.09869943878326237,1.1587055448161427,-3.037060100775583,-0.04559988128575371,-0.9784689249861983,0.9406170007342901,-1.1191010141289972,0.6520311382535746,-2.195863687950545,5.45663940984391,0
0.38860413152173157,2.946353807718831,0.6157189069730096,0.415791408742971,-0.9582774616890554,1.494141222192379,-2.788250013364975,3.518714890860326,4.149600437552834,-0.2813398091643027,0
-0.6172891566377892,0.9054954032680284,-1.3676731029344804,-0.4665075729836714,0.695052640386065,-0.2998872331058364,0.011925085493830756,-0.5025029308174278,-1.7828632527789021,3.0442565555906738,1
-1.0186031586636015,0.5634873835815225,0.3481576827622038,1.0627262255582193,1.6771363655757998,1.579860835775266,1.9891839268360862,-1.2003058008430587,-0.4392310748956312,-0.17196717405345374,0
-2.606948345915574,-1.7031762306463123,-0.7186992103947217,0.3884210844162005,3.04335418256732,0.1525567700837389,-0.9324982135872054,-5.8265719943270655,-0.5015912984112267,1.6040392637273535,1
-0.9891070295873595,-1.86974031146373,-0.370306178387238,0.8598440619692045,3.068296759052916,0.9720764565469425,0.729003292256285,-5.521575860123888,1.4904857061130339,-2.5732898958900883,0
-0.5710114354774004,-2.250555702292941,-0.8313995806667115,0.4650633081659263,2.7944538348016237,1.0141973415477605,-2.374426543714818,-5.7064051364500425,1.8973432519170146,-1.1148910342970173,1
2.337927422072874,-1.3440276457779015,1.4189819978490732,1.4535760057330398,-0.9113472921457039,-0.24289722295794258,0.5698569963003096,1.6516279051224494,-0.5119438280384353,0.8421163116167987,0
-2.4067820951851266,2.459097200870788,-1.9914394401180648,0.5429155981686506,0.3923780426238269,0.9336213909585576,1.9857375704523514,0.2936682050297029,-3.217459691673217,4.863089797299743,0
-1.489576691978523,-0.2430831928190217,-0.5229031686156179,0.25928206721236385,2.2601006794546286,0.4612151515281069,0.8177784313428931,-3.3424786348846918,0.33243041735371903,-0.3791682560377667,0
-2.0675119715966823,-0.6510629552832722,-1.3676846388589694,-1.8757876774810636,2.3303028246003623,0.9613207817686021,1.9014634632812508,-4.359460456504072,-0.769995853632243,0.45189104417971154,0
0.7184595305047093,0.5884408037878229,-0.3084297724118371,1.1947356525003987,0.2668181469537546,1.9097359044637794,0.09138911468920263,0.3824133707371888,0.5318916479215247,0.14908504858313548,1
1.9835170683180614,-1.1240119229313992,-3.0516796001460604,-2.6002384342460023,-0.012832801153688567,-0.6908182349614364,-1.6897157409127774,-1.984563805213646,0.508918514787711,0.735585525356498,1
-0.42147353238411667,-0.765134535702492,0.9403251037575139,-0.7716146075731133,-2.0229512119771127,0.2350251183736609,-1.5184466552516804,1.2561865790783884,2.463842759107183,2.402042025559835,0
-0.9438946653943786,2.524931593441482,-0.599812435484542,0.265965468140444,-0.09866970278285259,1.8003498365416761,1.4060934166061592,2.109642220914246,-2.197181440914996,3.555667224409037,0
-0.5064876695568723,3.108008376535557,-0.014547598197760525,-0.3259348973780771,-0.5233592169067404,1.6597623378747732,0.8258432060797931,3.541511775061761,-1.856375076507843,3.623163069181389,0
1.4339307826521996,0.7113152902089691,2.1062708112477018,0.8446366156857668,2.102261495150375,0.6771022369161159,-1.453934406888282,0.22876448757928874,2.1964714233290925,-3.0056947157055327,0
0.9255660016810807,-3.4554207040190597,0.4650484660713826,0.12761283299078174,-2.355073378177489,0.3144874173711119,-0.592303751899469,-0.7715863986580792,3.188542333053306,0.5862693864446653,0
3.393047937885791,-0.22176653892126352,0.9197566866032911,-0.20749043715212578,-0.7008198521115531,-0.08284118553350661,0.07311002498338692,2.0435747786057075,2.6590030973262504,-2.9631672803898508,0
-1.4041405061446524,-0.10649810419715033,-1.7365872555728576,-0.7585142918733804,2.0896765122677383,-0.6482059577694403,2.695928905103402,-3.5756551403695305,-0.8271745555101523,-0.2373947720656311,1
-0.2772563610820097,-1.2673857746258208,0.4994937922382964,0.08615527342840934,0.32466080962540833,0.07286303023866819,0.31369775987154613,-1.2409443483439064,0.08069748156608492,1.1905767389473714,0
2.2511722762086355,-2.8097673922547393,2.1136600587323655,0.8150666685997945,0.7859267721370776,1.2216542780134279,-0.3401781702903788,-1.4677008623443388,2.4042705934234427,-3.0341704146683774,0
-0.3536546804059789,-1.0368181745477925,-0.4802126783563342,-0.43229078451896286,2.3344865827806824,0.13671531270828222,-1.5232926290251578,-3.45582268979548,-0.26269583200940205,0.6999863348211253,1
0.9612247767710215,2.095508036782502,1.4398391418985996,1.2055550103614368,0.07808745188249044,-0.7366515604596281,-1.6221175984582663,2.987195030989191,1.3867695944636078,0.229150205552278,0
-0.8869735123683432,0.7835611228675138,-0.10484548222764112,-0.349186194427742,0.13223026312469266,-1.395459760028944,1.048830034341409,0.22719349296392982,-0.143370542949516,1.5591946610554346,0
-1.4718967911396494,0.049483647196858827,-2.32309974218428,0.9951737266572158,-0.48227417587650134,1.7904727648527397,0.5964222371832397,-0.9690007372630228,-2.5993437541366746,5.376285457725279,0
1.3902809569182017,-2.5775623711841686,1.7205180091920718,1.8974879737198669,-1.0800036776304478,-0.1674555125329601,0.2783238562664222,0.42123766362096615,-0.31105956866558826,1.7445681600743317,0
-2.958152181732609,1.014166239901742,0.16377523593098853,-0.5738099715873549,1.4308064858304235,1.0057619743110129,0.4842220939334806,-1.6158375853162377,0.3955951711850526,1.6211601408294336,0
0.043050474963212015,-2.094969326797341,2.5630875952487506,0.9015001987690748,-2.8236032055297553,0.5329293308492069,-3.0850301940391716,2.0803826536989236,2.1153448669927495,4.122244129202599,0
-0.48644755453764177,5.598222372392275,2.6713038928477726,1.7508375679925954,1.2960632662775007,0.29547318129495936,1.8918313764195602,5.104413657200401,1.2423230671764816,-2.0508050486965823,0
-0.5685796096171251,0.6748083296952484,-0.8342327357933893,0.11312695338746206,2.1417277892900612,-0.43812719099209907,-0.5571972652337166,-1.6922932024264186,-2.0206429215116906,2.121858519933365,1
0.9783565342163018,-1.071656358609502,-2.1969755497477386,0.6047164761794642,0.9047970661559555,1.7049930169514158,-1.83141448219618,-2.5564320899767936,-0.3750376065869049,1.4833793577997922,1
-1.4320236466695988,4.544774693119734,0.7714091488742926,0.8027865220632942,1.330604936698467,0.5157275163620333,1.8222500753059285,2.8129307583802152,-0.1170549188304183,0.09906217920870847,0
-0.6095062461912732,2.1788343495662614,-0.19874208991476816,1.318536344767932,1.9312338171118375,2.5012237796772228,1.6979090737390874,-0.11280182178808668,-0.3862581900842801,-0.655867390930381,0
1.2681750454620309,-3.504063712072478,2.201449890352151,0.8296997012418444,1.518758553952937,-0.5584396242334525,1.1828533118125555,-2.6889686438001497,-0.3476800373891008,-1.2497755362859384,0
-0.08777403495865732,0.03988605256032818,-1.8029881794681129,0.4570221419173269,1.2979998395864831,1.3264781696348429,-0.1826311862671438,-2.158527491798515,-0.44699211374002845,0.9160657040920019,1
1.1776454812569237,0.6513388871731581,-0.830377350780327,0.2981475712797702,-0.9100871734116877,0.7971870975750254,0.36940688500232055,1.6350909128294466,-0.497508427203575,1.8262337421773354,1
0.6080243731696433,0.9354157609222747,2.4340625954249813,0.1542686850352236,2.1065398038017618,-0.4449245622961715,-1.3966450293064594,0.20382078195358813,2.5530344747313483,-2.787521248768285,0
-1.1890434126050997,-0.7046145445099176,1.7059208819335665,1.2687302306706334,-0.4673763441120352,1.392783115321519,-2.3736079542488193,-0.19469142807745654,3.386725161188686,1.0142270004960139,0
0.9823858248200811,1.745027472073804,0.5387386984332402,0.7518104540674039,-1.267367947088518,0.8035385737332457,0.992094340495295,3.9027219621937053,-1.5246143413554827,2.856877602691513,0
0.5431976017660763,2.5946762560989725,-1.9168850064891356,0.20971647935954182,-1.1727973582064046,1.4014132582068188,-0.7348532640700506,3.0167600132696824,-1.7647407699170174,4.41933390053588,0
-1.4723321256338529,1.3530934968471597,-1.7227340501472646,1.5369179939135122,1.8342695301469814,-0.22934294358649954,3.2893598251185883,-1.9034458303964463,-1.466828974312468,0.27366255544249574,0
-2.492058434102524,1.9734543035894845,-0.15252850162811227,-0.9436718259923133,4.3627256060698265,-0.17273845843058033,3.346037380974272,-3.662831418414522,0.7571836842630618,-3.7558268878446364,0
2.4003869177625723,-3.9205043612901576,0.8732969948214834,0.6583370160312494,-0.9728989537866538,1.140651452172007,1.384689776014,-1.1611199800341758,0.4224991051342374,-0.4131251252265351,0
-2.446242336150241,-3.3858205394782876,0.8668026015748983,-1.809236827947482,3.691865989233724,1.583156566205448,-2.124662290036128,-7.095955833823721,0.3241477389711077,0.7584827198109372,1
-0.5799984077663504,1.1115345534547028,1.2101217209908266,1.4636655774232388,-1.2858840548418864,0.45033806750778754,-2.288812900342479,2.3281483946800177,2.8081729084489058,1.8279068674968393,0
-0.7373240397947148,2.190498853783704,-0.15661521630888264,1.0134068456459449,1.6106812586372379,-1.343152181835308,2.9161716201636914,0.23775683295677702,-0.884231236447483,-0.4895257698887048,0
-0.0871937450459096,-2.5049751605643515,-0.06970766953664431,1.7194307048197404,0.5965862532912858,2.0887329589068937,2.6954078214872212,-2.8653584465603883,-0.42252722654109276,-0.09526579818458086,0
0.764583334209525,0.7296315509797547,-0.6459760755393443,0.5651378077264748,-0.9257660559248634,0.3746866262328342,-0.32429707824359066,1.1596670066013632,2.1946332658818077,-0.04675795707672148,0
1.5185744830968213,-0.9292638855690568,1.2566473005092555,0.43698790062627546,-1.1251693387652573,-0.5163732022010507,-1.2757350401047747,1.322194259015249,2.17392305912012,0.17024521198148557,0
1.6821487639380464,1.2137524801734991,0.11623475595444333,1.393026205474765,-3.2199387354901887,1.1188849378991885,-0.6612746271130342,5.2132079501760265,-0.7282252668967338,4.539108518488392,0
1.6870984334728645,2.0424035629048025,-1.5364333609404714,1.2252387872654422,-1.305924629802686,1.0149012348047575,0.604750426968289,3.54957662260946,-2.957830370675608,4.048882978653349,0
0.4012844691616707,0.8575807111948558,0.8435528095466539,-0.7731806794304684,-1.6467475695759042,0.044680366343897826,-1.644223798629231,2.8078019854549403,1.8399814233108027,2.0228638031318344,0
-0.7635306977774369,3.3005555512202656,-0.3781125515382645,-0.5078782337259568,0.49946431714556994,-0.809228814002689,0.7256452886921327,2.163849087179298,-0.5341739555341616,1.5801080131259133,0
2.852756008183389,-0.2836335884150635,0.6565756825675113,-1.3846914677654798,0.12404506525303416,0.9581843203577058,-0.1464058535167314,0.9564910339034821,1.9169625920470823,-2.517931366335513,0
-0.3032697264627403,-0.581405238770824,2.325605686003166,0.4129333253406954,0.2104987677976239,1.0173248215524833,-1.4586496288619806,0.2297417754825684,2.1955958475193635,0.24435556873934627,0
1.9854699893596246,3.184240407369597,0.12068671169024048,-1.2119251325636209,-0.5881537488471543,1.5748680062069242,1.1551514065326172,4.831127582624389,-1.928856217331043,1.6720704238395845,0
2.1676392356001526,-0.7201214397365946,-0.3620095938177278,-0.6967533828724123,-3.1721849689964716,0.03555786847870951,-0.39690353278739765,2.5923457973656188,2.991541395738538,0.4605256973992484,0
-1.4345950837744565,-1.2122762532515843,-1.347059481650812,1.201423468562476,1.274049640234463,0.863387570208848,0.3708390014418016,-3.130882609884982,-2.9365827839944303,4.068028862885272,1
-2.1718705816247144,0.22012894260267168,-1.7755911757403253,2.113508596076846,-0.32407582833723436,1.4636888613147678,0.9065776718989199,-1.1896906137672372,-1.301334218572499,4.2763248868537715,0
-0.9525793332394578,0.5749404256695226,-1.6381629726105786,-0.7494723385698497,1.2523696976557805,-0.38120353801672635,0.25343332967473475,-1.6728828083798724,-1.6703387805156318,2.509503059524578,1
1.7823743811070583,-0.4325780831059788,2.8170471497853264,0.24368669114663846,2.6271407625282768,-0.7437857869063565,0.019009614590069,-0.4094536998601893,0.23234885805586047,-2.755898771063468,0
2.2620663354182136,-2.1752775316606052,1.1936020442752149,0.09925462965372428,-1.7345372612023535,-0.32469945312984005,-0.44330035270035506,1.0801700457355972,1.844003875050733,0.0910576697158742,0
0.7348420659293172,0.2759190355081541,2.928897546078242,-0.6081194014234854,-2.0709796279707358,1.225834587250046,-3.061757612758695,4.189503526101618,1.440372438834201,3.3782954436242973,0
-3.4155584967598545,0.3590946119693025,-1.197928118771686,2.877686144119411,2.339724142035253,0.39750575873449456,1.6200575570996496,-3.8091204945415655,-1.2929915538690384,2.0879606831960196,1
-0.17052101361061056,2.2830640943838603,-1.1785557873143166,0.6056690336173817,3.1016794672291472,0.6418384828379895,1.8037520057434437,-1.4892007923407076,-0.6394098505636813,-1.9436563548226102,0
1.2580636987549985,-2.294584173017396,0.5030461290810528,0.5168934868654204,-4.1709139489678915,0.978140173415195,-1.2076574674402711,2.4145236270516177,2.1167054826077236,3.5099472297882217,0
0.6651024281853709,-0.21711821903807638,-1.7290759488281,-0.03625465422566876,0.0486996000745451,-0.21808046248801738,0.9002937061714165,-0.6730992274447899,-1.443142145490718,1.9196670285427766,0
0.5195888791493305,-3.299228076760776,2.1178949317598605,1.242814179186204,-0.4749616735727885,0.08589551972332354,1.084022453396075,-0.9006108159336678,-0.7027029319118973,1.7066674297581321,1
-1.6772730353135583,1.8424178457774065,1.231128886670109,0.7908233875177653,1.3835324097992214,1.5774700764912022,2.100765091028726,0.3479305143052053,0.3689571422378425,-0.3149650718399847,0
-2.232282734297656,1.5469080646658715,0.18801647100654417,-0.007929998557261286,1.279294715765046,1.6540932563502553,0.6586903922552221,-0.685583300974206,0.5338957062460431,0.964074989707845,0
0.6339873622010596,2.4877282189453154,0.19836511359420006,-0.4677476287030883,1.1540981098789027,1.6582855735057023,4.092124445518785,1.8377968101127058,-1.5041176219590748,-1.1981062216135454,0
2.308163987447595,-2.7394281317085096,0.7167361878379752,-0.2382921773295088,-2.4890859672829104,0.35793432524008006,-0.10867039231074738,1.1469546118706808,1.0993935595307995,1.371403561306575,0
-0.5385025408108611,-3.0429922796612,-2.3142967020604543,-1.9486243812000716,2.455583702742463,0.7312285017756603,-2.7445994737752195,-6.368812241310312,-1.3144150887134098,2.618036976842367,1
4.675598796442742,2.479440630344937,-1.5852843820438824,0.08261013830489566,0.8393855302327704,-0.40836212430162855,2.406022582350334,3.075851646274327,-2.758876983525955,-1.6403080242791188,0
-1.2296509438202592,-2.742956503763772,2.3090330063315796,0.3950902090043647,-1.2815317329556821,0.1416363863020709,-3.0635766091671366,-1.0514419951482123,4.024300592332694,1.7150091649847883,0
-1.1747228311987246,1.0087512062525001,1.0390063177032451,-0.5140357873881336,2.788419799271639,0.39196500885153557,1.1224512317036086,-1.692021845344526,0.6753949631220456,-1.7682762606282836,0
4.912882986719913,-2.203469616680715,-0.8994941753273743,0.912589060723981,-4.029097432849904,-1.0356393623088818,1.7277255464842831,3.3013629539263643,0.6072580235227302,0.3594320621996967,0
1.6084885465266847,1.7303243689218677,1.0454881468374504,0.6079071073064763,0.11204629548175227,0.3394936459942814,-0.6309859948765445,2.695674956604825,1.0632738388554013,-0.5451936383182882,0
3.83571497918332,0.49880447582926546,-0.3144932346361863,2.1113289084703903,0.8322213346332376,0.40621134552752997,2.1924422980332516,1.2877342864359846,-0.7532342787073795,-2.7808037657052163,0
2.8136422311233003,-4.716492243413994,3.5454431834008244,-0.6547566375528143,1.0344413304622542,1.43646871110905,-0.9469752399992629,-2.481307792874043,3.149184592913946,-4.041054258814463,0
2.20589819515045,0.3571386144134975,1.5220343751877672,-0.26301988031252477,-1.6865292075712621,1.2017740171409521,-1.2479899413635307,3.4947350199888207,2.1782649971002503,0.13054054361656217,0
0.26286905835501695,0.2255250787155355,-1.5432934549980986,-0.24176602689087456,1.2226765831174344,1.5491076150729004,0.6761155496193356,-1.648155692777006,-0.3568190703192694,0.10726937926268904,1
2.1264212342102495,-0.21833533419890716,0.15926885570439964,-0.24023337838211045,-1.5823258975407812,-0.18659183660897083,0.8747962215517971,2.3143053336135986,0.3023281994099968,0.7030824405951658,0
-1.940742181771974,-0.07654839241764566,-2.5101844729916385,0.9730319045731353,1.855576393572869,-0.33232655465208516,1.5873505394598402,-4.309240826726916,0.8308685400140273,-0.511112956603178,1
3.707440206451571,-1.198592563726971,0.12160746145903001,-0.29433307428461697,-1.3819915380524699,0.7348716897814824,1.7146273064457307,1.9189388735251227,-0.02474698559061317,-0.8365970848605587,0
4.878314370385699,0.9056187739083646,1.3077758385162086,0.8033080378819151,1.1644551178810114,0.22077512528955984,1.022138249287567,2.99811876851348,-1.7890300133962729,-2.271689182207496,0
-3.197353399971321,-1.4903649351882122,-1.9317898233152317,-0.2429228427621989,2.8771831816799396,0.9866624581640591,0.13311009479109093,-6.74995100654823,0.8910395770373002,0.2648422577324469,0
2.5586594763160324,0.8224593327577782,3.212991029350911,1.6150625144581148,4.023933290151473,0.9099667283353968,-0.16448076359412167,0.18046110035936055,-0.7672357050853927,-3.7257580846647103,0
-1.3627752437653342,0.9210915896137869,1.8990221469756174,-0.486110277413647,3.699987669332441,-0.2721617963550156,3.4553966633976,-2.3313295430191,1.0223813708588163,-4.301702042398208,0
-1.825743131890703,-2.3359605969174306,-1.9261034212921229,2.330097031203796,-0.17392303249626606,0.6859116095361567,2.503642383248829,-3.4748688341338503,-2.3105832259419317,3.9924312435846327,0
-1.5667325824231098,-1.038379578077683,-3.136135284436255,-1.3330441327752869,2.337245176355061,0.03448880715601493,0.11293030120410086,-5.514757468841381,-0.8300713532079814,1.2794020351966982,0
-2.365070030891443,-1.351729324563034,0.8703859035782299,-0.2834264321523865,2.2529453839185214,0.01637284799233296,1.77886794320625,-4.081108132779289,1.1901363442136197,-1.1255791322971378,0
-1.983863764189802,0.6502588553753456,-1.2786562188965043,0.8790164497596503,3.3159929378011745,0.3470294384402968,2.935197518748304,-4.176877070114865,-0.05043810222492151,-1.9691947643247532,0
1.5839862418611514,3.403949037762206,-0.3720018142300522,-0.5269350234920296,1.6187464010030168,1.0760642422615012,0.3897677679240653,2.0494344095845136,0.32038559022171154,-1.9408641489712477,0
3.505916846051969,4.150935515531539,2.1442803369839853,2.4428885028871017,-0.5547772983458962,-0.6180997582308014,1.1612796702398966,7.461587816668917,-1.4097566966761477,-0.12903545102086178,0
0.7270262221461306,-1.0262660370075753,0.19601754905525415,-0.7540684414541984,-4.489727210650168,2.4927357919234425,-0.733735961491793,3.459790424351602,2.118150852592545,3.9042881103623537,0
3.173691419599201,-5.369684505066379,0.8498901276445581,-0.01817290649856168,-3.2056572681642055,1.1718331589262445,0.15633184509412124,-0.22122378962393652,1.503996351585521,0.9848423611865164,0
-3.721552763047805,1.186763208024395,1.1758425619814803,-1.3397397666304642,2.3048764533574317,0.8953134066612696,-0.3333290000548431,-2.1989936614409804,1.5001832436741318,0.6995300320056972,0
-3.1388930679330027,0.7228765775700337,-0.9428020608086866,0.1840892307327275,1.8449227586842443,1.1965505186335776,0.9904281759854369,-2.967627596727496,0.03728455436000555,1.439598532162286,0
-4.573480794816801,-2.221408419857738,-2.817588526541247,-1.2969820091579667,2.832075627619292,-1.7057669503158293,2.422829605747559,-8.281672180285646,-0.5849273417535455,1.4662737537072665,0
0.061585145029525834,3.224302180733693,-2.811289559750529,0.8957470771817394,0.47483665821605014,0.16190868217577248,1.0332259640842607,1.4398780531472521,-2.8475110644674375,3.1309376167010536,0
-2.17461391363616,-0.4033610326050342,0.3729005933279138,0.9848156806991425,1.4531924366368707,1.037670320421736,0.3605893759567852,-2.0453185310469757,-1.8576911682422068,3.312399790289865,1
0.11712691800115305,-2.908035833344044,2.7739512302048372,0.7197601197381125,1.4923557116267463,0.4567285895946363,-0.5259086226116981,-2.676593147843397,2.0380304087061827,-1.6848632018366096,0
0.3701113872154077,-1.6573769289121634,-1.2810286682989958,-0.05641713152712219,2.4582241985353743,1.164708741642633,2.960490105566643,-3.84678774514165,-3.326877021239271,0.36200697441400603,1
0.19912548756363857,-0.05165837564874731,2.006193606334063,-1.2123199042798452,1.267140573376341,-0.3146834701811969,1.8139796038345275,0.13541181065493027,-0.35598663868374836,-0.6933853590925326,0
1.4479518286793995,-3.379854320767039,2.7840046452492246,0.6909096939773506,0.1296386236812308,0.9525827651666675,0.08154850692322979,-1.0438446829982997,0.9653852625971111,-0.6337067849609266,0
-1.1174795019113262,0.9781135048428874,-2.259960659546258,-0.22090828243140603,2.18150984771189,0.4262570625389931,1.3059973979980462,-2.861410887757278,-0.6188437311266025,0.06238494899013397,1
-0.4285208454874432,1.9967252160262952,-1.3678302852766393,-0.6460092339696474,3.308819532200621,0.9440014490578768,3.1656588093589204,-2.0603539515017504,-1.4243811295264024,-1.994473550233343,1
-2.253398494500114,3.1418754784862695,-1.7347196999483931,1.418739021245786,2.1827745661476587,1.0104106923170302,1.509270730375254,-1.0314083388889914,-0.7113735683494239,0.779483821440514,0
-2.399862364537395,-2.205829656151305,-3.03450942632106,0.8367317383227875,3.5440769707558273,-0.31686520090627013,2.475173006972932,-8.18052822511459,-0.3954828714902957,-1.0932927490180782,0
2.3746939556024964,-0.41444954553411717,0.7107287059748363,0.2750375400823106,0.24746335146892762,-0.5591967100964268,0.30830573303272135,0.5796506137199582,1.677157695340573,-2.317934583786914,0
-0.575309636779246,-1.8345762658703317,2.8904911608475756,0.9716835343675141,-0.25179070544196647,-0.7520453999916944,0.18883044860617837,0.040235431629142004,0.4059929420857392,1.685677343642833,1
-0.7869924829924907,-1.9141479628055338,0.9998671793283266,1.5355311087931103,-5.150899666891627,2.745402962077425,-3.325183872700107,2.787330856918811,4.143714418832252,5.306988013702943,0
-0.7416423671722973,-2.064464312061016,-0.25136358449213125,0.6994488485107978,1.9935715635102937,-0.8354323008810284,-1.378373130431688,-4.418670695514393,1.361375164452281,-0.2928784851462758,1
2.357541372608163,1.9944170347534977,-1.7700980944653817,0.9114187237536323,1.540082381007919,-0.4556038037031753,1.636700454102054,0.8633811742328108,-2.7049040587003828,-0.15621239216735838,0
-0.6421446935397682,-0.009606502658120797,0.8689050237213606,-0.7668495638612648,-0.9603750013855504,0.29986811430818366,0.1789858698815321,1.667293557152108,-2.309862246638462,5.08193622435204,1
-0.09110446436847919,0.6840072578585906,1.951400411348156,-1.595786340827368,-0.11728640902095044,-0.5808059344921178,-2.2492263863101614,1.6126200520386083,2.0911953023066485,0.9504152863461589,0
0.18076368616235083,2.165281100934639,1.401463357962399,0.6131265987271872,-0.4663917685625937,1.7735910168474498,1.2816076170636486,3.5522288044187036,-0.7869202743712266,1.7239657632402108,0
0.6432758546496607,3.5452212064979447,0.5475846507113996,0.0072053521959468125,1.9458395196181653,0.2915555116433953,3.727769312398563,2.34248956695068,-1.8356814877431993,-1.5127508440378383,0
-2.299961520109042,0.42958644964682635,-1.8081174087844611,-0.9393874980559179,1.4276144719022619,1.353638427691418,0.8612683771214215,-2.9119536209259067,-0.4069426908594008,1.7753842100179598,0
-2.755047000829842,-2.4289973834388037,1.2754568143438436,-0.5363346734160506,3.9452048456145272,0.07967258820599044,-1.3349613160894145,-6.286481140629994,-0.08346846734956193,0.6054947487433069,1
0.23750158621126705,3.1827864035067335,0.15667535817300793,0.4258100978104171,2.274062342716656,-2.1984875448362864,3.1352411001147567,1.1154294638162954,-0.8610530268611695,-2.09385754539017,0
1.0949401500263223,-2.487440668871082,-2.5099845515833694,1.261892717997017,1.0224243122427574,-0.4722157102789827,-2.782584133908735,-4.095257475379194,-0.3212819340367916,1.8647875982918376,1
-1.907129792618759,2.186701338923456,-0.21060470524797847,-2.3680167531767555,3.0166800093275503,0.32532886231632296,1.917634026691002,-1.8694360192673818,0.4421431295046986,-1.695803464483526,0
3.1492764097162786,-3.239338818243698,0.09963272358403896,-0.1688487601451607,-2.92322840502813,1.933360170739856,-0.03436796682037968,0.755578208266628,2.8462622693391206,-0.5219636014048262,0
-0.13889026144102468,-0.5152745150275349,-1.5949066126575535,0.37039109852277374,2.1837667657819293,0.5603150960137664,-1.1457676888883301,-3.4574892891027305,-0.07198627534236046,0.2980894138165669,1
-2.2599842264507655,2.829764751693649,2.890672270318197,-0.14405436245423814,3.47497471522442,-0.4686029129210597,3.1932903632762817,-0.11747257563413105,0.8921288082019675,-3.2299068233822434,0
0.8469693007702926,2.8737487094103575,1.5980070979078524,-0.6265400193989119,1.8357469445965582,-0.16245213941018333,2.378068387563839,2.2502754507712637,-0.0831864609277363,-2.4556282316723688,0
-0.38094114081372477,-2.307117012765326,-3.705385487129266,-0.7037019488094408,1.0468400150853485,-0.5351028733887137,3.0798346348690804,-5.3039231658952195,-1.128735299289331,0.256661199987434,1
-0.6996101679933181,1.1880624079226703,-0.7108307664958248,1.063116513332842,2.1189477385920514,0.10113633774958117,3.874641139221214,-1.6328561685441851,-0.24867371526282933,-2.1555894944704908,0
-2.0869848752584717,-1.3871638214205064,0.7424950343478712,1.3201404236529328,1.8320030394943103,-0.01709046700333333,-0.8224318123415567,-3.2178748479735018,-0.8258419496371526,2.6038297455205326,1
-0.8729726744378806,-0.70902923959339,1.593662992172601,0.608663694794866,-1.5061133630000842,0.588262702267921,-2.7251545847431333,0.8640274179444962,3.41425024337881,2.003002724866844,0
-0.7935900787836369,1.4585802035300635,-1.7914689455373032,-0.24219830060710312,0.7695062758026956,0.45127366235048993,2.806867494450661,-0.32910759364908015,-2.5093873546863823,2.1233276206717835,0
0.23646261600539564,-0.7029641585565699,2.067843560815652,0.4984205248806819,2.0423379268790525,-0.13997142514328081,-1.0462759896473122,-1.6702337728439751,2.7560992540830695,-2.7702618410903574,0
-0.8586542853394629,-0.25668821285407406,-1.1828472387717492,0.08699846779725628,3.0891386160288423,1.2124256547801595,-0.017002421396452916,-4.356121311291922,0.8854353641117184,-1.693857023075486,0
1.6553900759989326,1.2572648503824424,-2.3349418742120895,-0.41278996693118974,0.5157025312229714,1.9316684203063033,0.8631061809697631,0.3199250680249729,-1.5503837681881292,0.7948630889558608,0
0.16840645830583567,-0.4537485238416069,1.7540039712185913,1.8065861949472675,1.0232705520060903,-0.39693336788149536,-1.959832414796471,-0.6780337635936186,2.8312582043588743,-1.2229885091006203,0
-1.163495056137556,-2.2267319964488665,-1.28086530108106,1.2424970969466034,2.4564150411496137,1.9903462801641743,-1.5451186352462618,-5.650940574942282,0.5465114238932417,0.49640134075574216,1
0.07179032440929256,0.4804585590123077,-2.0999099457800288,-0.32649783213288297,0.3883754390118107,0.28434600403074606,0.07607146695268496,-0.5394090695497193,-2.873450245912322,3.8926704933077017,1
1.1353272510309633,-0.9588064036788785,-1.3660351529459733,-0.6165678812825679,-1.316513777843574,1.309212113274876,-1.4165725444862858,0.4711988250002781,-1.6736788881018994,4.559204512426764,0
0.38784208486274496,-0.2955869596071402,-1.5651851564699304,0.8470114649917848,1.0660519665745252,0.0636948179727459,-0.9070618298765133,-2.002535262042243,0.19698867635285833,0.6047767217758979,1
-1.3772584417506728,-1.4964847160906687,0.2845012681021012,-0.9055942292846354,1.1443268166290141,1.736455918187099,-0.6240036772511579,-2.671758413280442,-0.6516263032151784,2.489671183421336,1
-0.3537666030514327,1.8572893632470824,-0.8604196360339006,-0.5935749900086709,2.603057725105259,0.8066606167406443,2.128665066285457,-1.3182271478211245,-0.5482058677558644,-1.5846990830653311,0
0.3120440002630792,-3.9913540466375745,1.6726929836895903,1.292765871392521,-2.552711189765103,0.29246629651882566,-0.5977557912678952,-0.14206128179171768,0.725075836238834,3.6117824150793614,0
-0.7914349352868836,1.9195523901221216,0.32929696605309744,0.6661383871765334,3.241215408173909,0.18688530332294254,2.381562249124729,-1.4257930153530998,-0.13885684187815972,-2.487369091418749,0
-2.210577211709423,0.408622619828774,-1.4202801533644616,1.2368189043087903,0.07993970706303466,-0.7576927441022198,-0.23044202533901414,-1.3559005965882238,-0.3532982870247052,3.6448803262629084,0
0.21293942609170058,2.672352878028747,1.0348470908831748,1.196549456126251,4.835576358928767,-0.5600340023229388,2.7362420301419763,-1.8834596150244614,2.3598578783411397,-7.528025739250552,0
1.0501646875715385,-0.7988583833873947,1.8621396396056276,2.7876035675939534,-0.9329556338156096,-0.15739570294593375,-1.4643325263787847,1.4416689950720838,2.097523715912247,0.4908196258163658,0
-0.5470012227091319,0.24821688271763398,-0.7095393055402949,-0.11554412946230896,1.317125729164325,-0.6177889400346832,-0.1968580315835855,-1.4618748319476942,-0.769890062183655,1.5155656576546304,1
0.26489457071619726,0.4404257684517904,0.1711362152678252,0.4041320185088229,1.259111423306491,-0.3605748557564127,1.1647112059817015,-0.4887138006386331,-0.22905826007792573,-0.41989761596050634,0
1.0342818139075831,-0.12246763291276397,-2.276832955326294,0.1551162767977771,0.9419895781044608,-0.25352605208082346,0.0357026240714956,-1.7001249518996966,-0.8505891999029186,0.7093076842472612,0
1.4322033920162185,2.1906841839902946,-1.8163067471966907,0.812610322760781,0.18655894399285067,-2.317586927869238,0.6479237050335385,1.7403820424556753,-1.6855222262934992,1.4955295186223942,0
-0.7809591653553415,-1.29576025247784,-3.658497123862348,-1.9819195250689146,1.6219767054664924,-0.1022260597758814,3.794765967055289,-4.981670413201268,-1.665785784290414,0.032150167390152196,1
2.095017014674449,-3.3692944468224573,2.27217899633515,0.3363159750945834,-1.4928949222867343,0.23501418108106453,-0.8328403299156152,0.48638622337142967,1.0724707317466013,0.9639289365320737,0
1.3426462324328345,0.24258677864538603,-1.041705871677384,-0.18646816665144916,0.9121410568023527,1.300146727982582,1.3153672374641685,-0.4371707791783024,-1.1398202169848903,-0.04171595545672724,0
2.910524380133245,-1.7581527267463177,1.1266176618241959,-0.23156449452091077,-1.3147745411198284,1.7438879952392812,-0.0027869414942736093,1.3372724253869974,1.5989577009019946,-0.8592677991892282,0
0.4117863440286401,-0.38714071840936437,0.21766040987361568,2.361144506882512,1.162620940670327,-0.9833322888670953,1.4168405614409258,-0.97008107879716,-0.770183350977847,-0.030074954030634482,0
0.8573274113290988,-3.4643568833876763,0.2214177030898391,0.8075228594658674,-0.5020276003441483,1.090455317696919,0.3796381017070717,-2.008443171033238,-0.6881258218594769,1.964482373913837,1
0.24418565814312754,0.19381035584617035,2.6005247859539513,0.2530493393921242,0.5590870133101703,-0.8398801463673483,-3.089326621801901,0.7935578578221971,3.556517018006702,-0.8981948535857228,0
-1.8890219313385752,-0.5363381316539557,3.4632907767959273,-0.4419695010986324,3.3078834075607233,1.8600235451274827,-2.0692179329854885,-2.628081137460979,2.0095467812904175,-1.1541306962009727,0
2.0364035589876073,-1.9909561849315698,0.6220978108694022,-0.1649895994879913,-1.6444375239036635,0.5784167282178747,0.22525605447914976,0.9034643541500298,0.8061475530687043,0.7889212409931127,0
-0.27368805568194976,2.0204183025885643,-1.5269712797124018,-0.2359106325262763,-0.7632658751812406,0.7966402546542325,-0.3921663206221616,2.040572096921905,-2.11974052465656,4.772941106488945,0
1.4101743306899843,2.1439047147894046,-1.8306249122907117,-0.45454678369652135,4.165576442437273,-2.020075310780903,2.3259506224377096,-2.2743543602849736,-1.0823525105185867,-4.054847668247932,0
0.10574056614574256,-3.0245064519922735,1.0259801401697293,0.5684748137454099,-2.3660606156870347,1.0641524101331705,-1.442196869874659,-0.3640886823708499,3.224489797230993,1.652696209407286,0
1.0251241466174945,6.6294897826662,0.08937783771167096,0.7021802426532289,2.463473615680621,0.33858697947757116,2.1641850916485788,4.517712478318865,-1.3280195435168185,-1.978979704397736,0
0.2548507086701145,2.268879983197942,1.3633926940136223,0.15285363674826155,1.6106051104462051,0.5404148493867043,-1.0772074452469775,1.2530464034969888,1.7444376467327225,-1.4475512671607595,0
-1.1059228503974348,-1.636474811236294,1.824095938291849,0.7182214380282963,-4.018353244734,0.8828653506793226,-2.9202733261235583,2.5505202287104694,2.8913773793042528,5.3429107752172555,0
-0.34067252479025145,-0.2453171783929745,0.12389711180792762,1.4151129860357536,0.5083870697142081,0.5038018347147598,0.8730981414706055,-0.714570859025549,-0.07252660698962876,0.8404399593139245,0
1.0993021426329546,1.4839134381407724,-1.1589944887572101,1.2664978953783508,1.0684272366434993,1.6506953851947008,1.425749414800789,0.36421793598434005,-1.06932211400704,-0.19433002768505458,0
3.7978949353192366,1.742231780476207,0.9936944981146957,0.21492426356780808,0.5988855611145497,1.0744585013888919,-0.04508718401872236,3.1788040673503373,0.8434504022998728,-2.8213121848962976,0
2.468066832952242,0.8332719255986875,1.843223356744267,-0.012954159040625357,1.1315979585969513,-0.04239931434737115,-0.6647468388281824,1.7526131558934477,1.042797001759204,-2.166942010682999,0
-1.3365889697303506,0.9635795150951255,-2.326566227411415,1.0220649410350935,3.704154170587738,-2.4672205810100776,1.6961249597154295,-4.694833399125734,0.5516225521656696,-2.659040632611629,1
-2.6788870751118092,2.814606309621485,-3.022747972301248,0.626617262619521,3.240396470056895,0.505045232016168,1.131782311909657,-3.2832147049270115,-0.747712795251572,0.36565471674588407,0
2.7482887017825695,-0.8575345220661689,-0.10738317946627995,2.3113403105943977,-0.9146282028129674,1.4205951666283152,1.8613008354099727,1.1577945121720836,0.3694673914869876,-1.0549936667664856,0
0.3959366225708164,-1.3276882711857318,-2.2656394238526363,0.10395015647957856,2.877352674887969,1.2892457032733715,2.770162475521326,-4.623463196108167,-2.786296508918515,-0.4624096438792761,1
0.7543676785733785,-1.0705780812172048,-1.0512503883178423,-0.23811252912582648,-0.25316160006438937,-0.9513052767493392,0.7546325927256092,-0.8338778309227072,-0.8463110229290903,1.6727501343172677,0
-2.689432699965008,0.7055921766984871,-1.7853454073081751,-0.6119123093947981,1.7040493088463493,-0.011228138655436593,0.8635661916018258,-3.2249770876506765,0.37662305327855783,1.0209123936776066,1
-2.2485141454067716,-2.2467102297607684,-1.3356102324914145,0.4479895571096125,0.46103900496768113,1.7427480422663013,-0.13193934394148876,-4.312774041050143,0.6040217003013605,2.409988203222384,0
2.1269016247872043,-2.133483412720755,0.6485124120176711,0.4236670562875429,-2.107688020343066,0.2737539151356141,0.21454757137369973,1.2796409895480498,0.7518259845715627,1.247627975573283,0
0.3531324934489183,0.815999873154222,-1.6792213063803687,0.48115606158769064,1.4489279513015223,-0.2651783237559455,-0.5977841393518669,-1.4850003555558202,0.45014359571991236,-0.22291316020929808,0
1.5730775726643733,2.1611652223950117,-1.1563044861642844,1.2919042221496908,0.5400283272129865,0.3820355101747708,-0.16567868964251387,1.6060101964170337,-0.3803848938029879,0.23680541558044474,0
-0.0768297177245576,0.731009309842764,-2.285377059475413,0.1425704495707014,0.45748171774139634,1.283647712596114,-1.6765755857953137,-1.067634296624031,0.07318267175555826,2.130980790030907,0
-0.734108827577887,-3.7649468040082303,0.5103736576537697,1.1517579670505511,0.9598740097173631,1.157021518794781,3.344879365128105,-3.5768000226707133,-4.297201713560169,3.420428631463024,1
1.7635498645792747,-1.6123773644029864,2.2343847920444824,-2.343430279529266,1.2971287382618502,-1.0355527268044566,0.38746236440806225,-0.6492098309958066,0.5175248946347792,-1.8397464170912938,0
0.04843700951004204,-3.4091854670117954,0.7916601773648709,1.843279240307289,-1.3047057199923549,-0.7902080944288877,0.945560035472138,-1.1849964987971129,-0.8234719277703332,3.1456776569518268,1
-1.9143579393392884,3.8577435328316234,1.000568204704955,0.8466002013824475,1.241941575795705,0.33454405437527446,2.8994199107737697,2.5295590751852743,-2.0090847884544307,1.7564629216438266,0
3.5161186563979574,1.4790086686258839,-0.7394885477498533,0.44549374375052564,-2.867826701947299,1.709916141211417,0.2621669527201528,5.117764320946978,0.5948466375792528,0.9894146336854457,0
2.7787268150337057,0.19854661665637363,0.3970658825780714,-1.2527271173380035,-1.6161320191347763,0.3616740484829384,-0.3284210985773417,3.277463693651931,-0.1840185584345314,1.4116470665206275,0
-2.465911152186063,0.936863803520403,-4.884408060938945,-0.8365065944485376,3.293353156952604,0.7908963910080158,2.384341883787358,-6.553288812806491,1.505422013524524,-2.6360427169155014,1
-4.123468572691635,-1.3939556311588825,-1.080703847730152,-1.64922394141916,3.226246502601386,0.9174820411030539,3.7116259768027704,-6.628196460608813,-0.9093611153444933,0.1757108199330106,0
1.117120091482894,-1.4925565774226546,-3.5104916477643897,-0.08159488818594374,0.7603196020164912,-0.43549578037275627,-2.311951139456301,-3.5728476521415886,-0.12411316354068314,1.6342329543847698,1
-1.9252474934315145,4.085200670735371,-0.18653625938747298,1.1672858547753724,4.261608243915883,0.9459258870039756,2.3997815750913913,-1.1696455294806496,-0.32478823647373534,-2.550863617374465,0
-1.1692892162784068,0.8233608546784755,3.021353421064421,-0.004545244605693444,2.3680014790867983,-0.7858107897724512,-2.203606992513714,-0.4183236100004172,1.9265773201801841,-0.6346133815464289,0
-1.538369797819478,1.1141748806963667,-0.8836660036938103,0.3483439107581141,1.338642047256363,-1.2587348208975588,1.7301216770621948,-1.3296411865166027,-0.43822691995004626,0.736881268580332,0
1.2694660815896772,-0.4928979250239759,2.3535386962518707,0.9410503704228206,1.8233895561088742,0.5979779602189399,0.39686974161893207,-0.0858474806775722,-0.4058083849875104,-1.1542543970511825,0
2.5564453981315585,-2.728425532032441,2.5553295880349327,0.7954121818464082,-1.6452429715057906,1.052510591362095,-0.6509400913913815,1.682819070537024,0.562171344156115,1.1167482428088622,0
0.03650315846531893,-0.9299552425290155,3.3407585413766,0.4579660793454605,0.8598044305903841,1.2096851158058297,-1.987894486368821,0.1704025280799362,1.6217030816118077,0.18797259248966522,0
-1.4379773129192936,4.132982242953591,-2.529029705158012,1.2400462120686684,2.5185346406460827,0.3605369984842128,2.3371038625985374,-0.266537892092935,-2.401959621799522,0.9583918858389104,0
2.2111338281688666,-2.0939271619873137,1.2469058783851807,0.7010714219711085,-1.8770032140807582,0.6081768695960896,-0.8437934770449537,1.0425458371604632,3.2527782797455034,-0.8570103737573159,0
0.14772212936342088,1.0657472063206819,1.4289501569791323,0.12923552846246741,-0.8277744452102963,-0.17462069204787378,-0.8752888930605659,2.6967055900148194,0.5053234505023523,2.1960563925564682,0
-0.6817277757175241,1.3777253424842848,1.038617605263355,-0.5925893210384973,0.7144787963557354,0.9533349136721222,1.1951582766288245,0.9158896120846457,0.25323471766435934,0.28390484513815595,0
-3.4346264186246156,-1.3898150853910436,-2.0268295058655164,-0.13761172214266104,1.1933663428449695,-1.1897438909685407,1.5413590314201002,-4.829572067563544,-1.2955626932669686,3.3994721487120616,0
-0.47271148775030614,-1.0112621354648503,2.9694699317527045,2.1867391806747696,0.8374173861475459,0.4007160989591221,-2.0909942663283747,-0.5061834205699447,2.5822592297442175,-0.25644517937431976,0
2.6427122735479798,-3.0056812179371715,2.358261266615097,-0.36283243346748717,1.7659275724140375,-0.08951669890187414,0.9667146719834129,-1.8191797733121775,-0.11891687588101518,-2.651860159164473,0
0.144659986365974,4.809318978895752,-0.08152505466729554,1.471654963386003,2.9454457063107893,1.8918293814412874,0.4450622004024004,1.7067633466628038,-0.0718179758021169,-1.902117861328306,0
4.753870931002236,-3.275142870769164,1.6787519707754548,0.8714459533605499,-0.7443711674625976,1.7031337977966414,1.5561101123430352,0.9195897505094255,-0.6928382103798506,-1.4964740605644669,0
1.6021171090223225,-2.348039340462982,2.797369138428311,1.0724562656321033,-1.5187550637175504,0.5017839342847757,-1.600844125324929,1.4786419106232218,1.5766617415685489,1.2736870519231072,0
3.5328045745795165,1.63466454854546,1.0338589598059853,1.566901088100649,1.8355265883926846,-1.24759263098073,-0.5872128929959293,1.6185743089691744,1.9227392755561281,-4.574818006292135,0
1.7086545781353415,-1.0293816263209439,0.7587422879294836,1.3434076399306774,-2.542938807571533,3.2751190185554226,-1.3368949539324522,2.196950128041887,3.058250384209468,0.6475998495722075,0
2.5179492263705083,1.5009372386295503,0.16110838585707687,0.9775968631791525,1.2192009762166252,1.2348293516523539,3.005851788897795,1.5355105955228017,-0.7310451132909898,-2.7407231476278167,0
0.25551450903753203,-1.1131634590503157,-3.0984722879176605,-0.6954699635239637,1.6239147430822367,-0.298601243519492,1.5632540012170746,-4.1219052624305625,-0.8976144627014885,-0.18530044294679437,1
0.9790791311318281,-1.802612994422954,1.6728851162663,-0.8472547903606215,-1.5219706480673323,-0.3564466972100979,-0.6334524850023528,1.1729811181297045,0.7411954307434351,1.9956028659195093,0
-0.10357610210723311,-1.950952342589026,1.0123499172027608,-0.1453034041921601,-5.714177041112794,0.8160928497963832,-2.544709372199567,4.05044823728517,1.6360717656005943,7.315243543206311,0
1.607227931502134,-1.7069452601824842,-0.5658557484716894,0.5432210553880189,0.7191357765264694,0.7635787957686184,2.1867691528329276,-1.9128717723912332,0.13923062559201216,-1.748802418819448,1
0.7345258438881822,2.787856958969592,-0.051316664176919935,0.1556166032518769,-0.8333689666686702,-0.29679583431832357,-2.1462654007274713,3.8448853396381555,-0.36015291772755276,3.3450592750642607,0
-1.5095891114480011,0.7912656210385753,-0.49821290808075536,2.588490376611354,1.1121187730884337,2.1550478131688857,1.0012605545078666,-1.1239109836382921,-0.560903045710993,1.4962656317541865,0
-1.7053906637669756,-1.4698826577865178,-2.49408975811277,0.892804580968123,1.1375354850552641,1.26417944073438,2.5216836603923682,-4.185061812891994,-2.492757906957046,2.742092889751858,1
1.9897191474893723,-1.7325888431672838,3.9306852934857677,1.5951486240348358,3.1718463738995126,1.0378978854543321,-0.028672455135342223,-1.2876742307080553,-0.16690639997398937,-3.031133485457565,0
4.833412234912218,-2.7500946803273796,2.2814005488420523,1.5511352837355679,-0.5128252987591951,-0.5434565441298148,1.609675094122617,1.7361660828168755,-1.5238968007101543,-1.0590758088688839,0
-0.22305420099357465,0.671833667220738,-0.941273590971749,-0.9443735736346596,1.4437706710457912,0.10779783224658399,0.6051062865198502,-1.2895196719704893,-0.37421396738236845,0.2719613446136756,0
-0.14788298895426266,0.13941616530384215,2.686917093650679,-0.7243475926998338,0.26816643589058875,1.3914044980268243,-1.3497267806039783,1.588034560312038,-0.2593861153785254,2.3385474409102365,0
1.3840513451776348,-3.8634397205117295,-1.0940412607842052,0.5142797826880822,-5.149608271766583,-1.69964039656967,-0.006659942810480657,0.6007623378434142,4.030074349877089,1.9431435199094715,0
-0.43788505680925804,0.2272245189193477,-0.6214670746445125,-0.007369544500023917,0.29982087489575193,-0.41320148485290087,1.1529903870606435,-0.4652421744476871,-0.6677124938545279,1.5394749119154367,0
-0.6658925043782739,-2.875599362959886,3.064323839952601,1.421639361709608,0.4464502062704129,-0.5537771209602091,-1.913534239271598,-1.7436627915173522,1.8739389582566037,0.9309747519210357,0
0.5034786719285899,1.6211283377999641,1.7465053389906693,-1.03603974475948,0.6842592512896389,0.2828809227210583,-1.8841718432106282,1.951113475348345,1.4719059914996104,0.05081055864963452,0
2.586128499866486,-3.1237115983267048,1.003720714891979,-0.5176857879067618,-1.7300857389073308,0.3487057360302533,0.06007600783814804,0.31920690309487115,1.2997034469101456,0.11227132195414607,1
-1.5961547813466503,0.1808477162609684,0.9755920425029821,0.4216932365284213,1.4729339378625306,0.8231838900037165,1.4344675526791018,-1.3078342722949796,0.05480339047939897,0.31449119031349015,0
2.0048263318400013,-0.7972679766829652,-3.106554159690363,0.22307827528561952,-0.17973702452594542,-0.5419355155272213,-1.6246813658785504,-1.5193707490030928,0.34662692569732767,0.9934407145145911,1
1.1785000817007876,1.8177217724610184,-3.490072300898255,0.5352507204623755,2.9880525296202722,0.800484547756054,1.976859589985751,-2.4015508271880086,-1.814770902062667,-1.7091673294506111,0
-0.37736192566915083,-3.4517748419221372,3.3797693522655856,0.43039122188435613,-0.5108188561315571,1.0487468820437194,-2.1360839584813283,-1.3173985824050058,3.3223129011837758,0.41311089150079866,0
1.0485530518380668,-0.4037279092493088,1.981805891404259,1.2272876381510576,-0.24215896436737494,0.24141641057160557,-2.210866172502499,1.1626572704156501,2.4865889267196937,-0.1479630182159779,0
-2.4630289280804827,-0.4153475369376378,1.2887532817055432,-0.21384586201510203,3.109133865842161,1.0665704476688491,0.2708913505593228,-3.461548337570254,-0.5178072567909214,0.5970966201869125,1
-1.2346399685441178,0.9122537589511855,-1.4355620993731981,1.3840747398757745,1.3102725531227866,0.5149693471109382,0.7184435913050804,-1.6002047469950664,-0.773206965391363,1.4958527064729927,0
-1.9407293552561402,0.622488109538454,-1.9800561708856605,0.7315236136984711,2.1198036435600205,-0.07634783100130127,3.172427100247581,-3.1275277870653246,-1.8527036697697419,0.8242453358932066,0
-2.8147026726641236,-2.259423712796157,1.465777037767146,-0.9945704364080207,2.4100397760035097,-0.712842200496422,-0.9798901230389024,-4.588338774351853,-0.07324621224845318,1.9488666858106014,1
-1.588566889952551,2.5830256041604573,1.8832601697852454,-0.269568666464884,3.377251970398254,-0.17912739653202003,2.6042800950938996,-0.8136312346395725,2.250800729298048,-4.553563498724019,0
1.348520190381834,-1.2998341089810554,0.6490265057373469,-1.742972612621208,0.05050505361746882,0.41582174684533546,0.09597228863194196,-0.37870856341498016,0.938559482196237,-0.4663138841815595,1
0.36287926100840406,-0.414909905205726,1.9620924768097088,0.6372487378732926,-0.9642796157269579,-0.24215735105321257,-1.3076077500967749,1.5130985780141524,2.477231402407446,0.5599979423505842,0
0.9451966220232887,4.20014091736485,1.1782221449969295,-0.2758609395960595,2.8610691320333053,2.763237299466772,0.9136487629430432,1.996770171875296,1.6085909360563013,-4.352242660911111,0
3.2820667685817884,-3.0879475671753145,0.8736859705510845,1.345176987019546,-5.089761230873357,-0.31756164877352233,-0.5704093036826926,3.9779536670783737,0.3338430419901016,4.263410376978777,0
0.05637449921455151,-0.5393806395640353,2.1209377308769435,-0.8773964848981702,0.20465875225749697,0.509475970371073,-2.7507490001899284,0.05867001519457682,3.662032695822263,-0.6599974777657608,0
2.379747556415323,-0.3797600650398786,1.9028149182057623,0.058390540384140543,0.28406728994862507,-1.3477684519527617,-0.2672611351980404,1.3580870321520484,1.4339134769284931,-1.8233697541823184,0
1.9624484560592994,2.707913124189697,-2.1288794100244446,0.4282651585276087,1.0249116544050576,-0.6174343864665692,0.9375505445756804,1.4363112699021001,-1.6205027727073982,0.01125549105985868,0
2.502286152751655,0.6732577814456934,1.025908140983882,-0.24132435707823985,-1.3501327400477066,1.4814335222496657,-0.5491713940127108,3.634556751667686,0.29567944654021894,0.9797657284835729,0
-3.4654232244050425,-1.677056650052997,3.4246198611915997,-0.8877175165958583,0.12438200638093333,0.540193363777667,-5.2673745835673795,-1.9660172182421962,5.712045440711348,1.5997763206142994,0
2.1691372457613673,0.6253457205957499,-2.73180126183813,-0.25628929970367176,-0.40434606026822884,0.47786715020546505,-1.3618648232216648,0.592887471281266,-1.2236748274866787,2.385645715095509,1
1.8739955765503709,0.8967453187840172,1.6257803733247278,0.42221174480489454,2.337739335249662,0.6089469314442784,-0.5448414605010613,0.14615120069439905,1.6980877901307934,-3.625579954142599,0
-1.3993805945361695,0.031178334642071315,-2.607567638907079,-0.062183666420463024,3.566915194865217,-1.1678913009793055,2.5307950793584992,-5.199446541057345,-1.753692433075852,-0.6952219991143432,1
1.9115738596277172,2.2323755588493865,2.2492149951381935,0.493656502353106,1.0061630038168148,-1.1830065708111306,-1.6882565899015103,3.208316322540067,0.9528673056168874,-0.9918945371183227,0
1.0465738816044148,-0.31872642372118587,-1.1707961487165943,-0.11446378259496248,-0.05319010200531016,-0.06599515279462237,-2.1534751012471234,-0.4639740917815719,0.5137148109522692,1.6541438541364557,0
0.9596933449301625,-1.29922873175353,-4.198341470151703,0.7694455205943669,1.21911140718854,0.2736069011682836,-1.8649916038549335,-4.060622090279949,-1.5148032738310482,2.3904141415144347,1
-0.09274743310586875,0.7271853259377208,1.336349337644969,0.2268163615401964,2.0001419065774337,0.17994945113576985,3.1813233321440464,-0.5552277869107602,0.39778624823404496,-2.7624225935339846,0
-2.3248868334135957,-2.138135337974027,0.7399728803199775,-0.3887499164986553,2.648805953900053,-0.30346358829692854,-0.9153433687490081,-4.933508608921654,-0.0696428654808553,1.320425505030436,1
2.600931047699143,0.8203731924078593,0.1470851116001003,0.43162546592506584,-2.2423016044950193,0.5908873155477502,-0.9948688665921098,3.735815974326854,2.4416721147472655,0.013919849152331576,0
1.5616695204337647,3.5801111402902213,-0.2484178868209701,0.43962868736425764,1.825507241431882,-0.40199377534868397,1.447885044342494,2.4169929931046563,-1.592664884361044,-0.9249739991837514,0
-1.4298438424596656,1.2436780590835639,-1.4591565505787907,1.168646966748954,0.7126155232214868,1.7732605732896771,-1.6272955882196647,-0.9448459780856248,0.18018151968714813,2.7123462185055143,0
2.2926058348579974,2.2393497322451186,2.167137049029907,0.6399225396991337,3.016779899844151,1.059698316050168,-0.5717027788808421,1.6539792393592716,-0.46941171712692487,-2.5799373808247066,0
-0.2281501074576857,-0.24292519092873477,-0.6695740799792745,1.5504131102565637,1.634955042557091,1.9836054271668866,1.8289978024336238,-2.155763685553914,-0.5196234048105105,-0.48207885886713564,0
1.9721055770437337,-1.7937362488722957,2.707999922429337,2.4821123438858193,0.9934033849276557,0.25918185572085883,-0.27045260183762754,-0.10832009616444932,0.38030837340858026,-1.17626502639735,0
0.9898798297370878,0.6416255556824492,-0.2231772842264711,0.8094167166828925,-1.074959429345562,1.7920181102590842,-0.17808934963330458,2.069670597138767,-0.42999915319739945,2.373622539520477,0
1.9683540799052848,0.047715622322108464,0.3505554092703568,-0.501245249169455,-2.1635175060993856,-0.8146764908609242,-0.5032043563908268,3.1368498342153313,0.6133898787221042,1.911127376519545,0
3.1785725854937494,1.1107896027502702,-0.9270150151354458,1.7451500780621374,-3.565979301237265,0.39465712490298016,0.5732753298296424,5.088105393562428,1.070506888978425,1.3169010389753584,0
-1.7417197278062169,-0.6045209243899913,1.4789573950793717,1.4121297169822133,-0.05062721594307862,-0.7660747369618671,3.0052973815876824,-0.33982770396790474,-0.14014456059357017,1.2071932985970335,0
3.345217295172222,-1.2645514187837983,2.31222220941699,1.091494055035162,1.6721548403231692,-0.2703994104944738,1.037836108116431,0.1707217010419328,-0.25699595713161794,-3.065400864556971,0
3.0121157303190436,-1.0106996223149185,-0.49958970417189585,0.7951092954558041,-0.5846575704709617,-0.5240285789932132,0.5826507497243817,0.3201040492697309,1.9002122195454865,-2.278353662195271,0
2.372491127435718,4.162204740221419,0.8973210764357998,0.9465419962735601,-0.7738627531962409,-1.0696171084708133,1.5573464645851605,6.438053592725002,-1.4384023477980525,0.7814505028103094,0
-0.15007981762227507,4.233203398105513,0.556224612173717,0.4400024373148208,1.146644591599785,-0.2991546097775304,1.4589203198117056,3.2713799241727526,-0.8450887140870506,0.25898011917788233,0
0.5152973513298832,-3.4266998420302266,-0.17794641686011814,-0.5028686046472669,-0.36702827543671457,1.2509701697683244,1.0154173128075246,-2.6676468450921633,0.15627055353238184,0.9020563931322715,1
2.814662362074321,-3.7503439932796208,1.5816879149731156,2.2087871564781456,-1.6741433927866827,0.7843408954939535,1.026918487119946,0.3566803626584775,0.011294576001472989,0.5550061780272566,0
3.025037707929554,-0.9068192685898818,0.990012623095531,2.0996623919480157,-0.34635209156473923,-1.0685451663624876,1.2055509590640243,1.466921463022508,-0.15283703114912817,-0.971938451650809,0
-0.18003936605453086,2.1418935140625486,-0.4784756361184831,0.7441021457993888,1.4864549385531358,1.161592488568861,1.2045128569758599,0.2683206922357497,-0.18757786740074844,-0.41968790215909135,0
0.26080673436329793,2.003882710647692,-1.7838375842524061,0.32971018016091636,1.890670573448371,-0.5227156719844108,-1.0604108761338096,-0.8915472034776869,0.38339325923705647,-0.2966758479368643,0
0.42195292578803445,1.4732253108410465,-2.477206421693905,1.7966933315443123,-0.4227512796493639,-0.8353453635288887,-0.07219523207763956,1.1812893880589093,-3.432345961322148,5.043750627102591,1
0.5794790500740239,1.9547059310521098,1.890319287947992,0.16770405364997992,1.960964547442702,0.44422253521734656,-1.1536160083904052,1.1924102288351572,1.2010108116057157,-1.4778957055378514,0
3.5980085151098486,2.307728463682684,0.5188915904656243,-1.3344016660423654,0.06615837722755902,1.7659046687213409,0.5301990721386322,4.164374191801581,-0.9584136058917953,-0.7433601446586205,1
-1.807695031909109,1.4339411385548795,-1.173078596033574,1.2820088976711514,0.8935770281104229,1.098421641868808,2.7279025000860773,-0.8458872803565952,-0.8618320143859378,1.1947266598239763,0
0.14160602952855017,5.996837806366091,-0.6738202708596616,0.9927336569019861,0.9096231691258109,-0.04590669119344992,2.6099826876256995,4.79679858818479,-2.5323977365734587,1.1940009453356035,0
-2.7018485984314227,0.44521622666848926,-3.0269157251663446,0.44989098520893955,4.315888348761131,1.1930827355596232,1.9215782373196824,-6.4784155310778635,-0.9735484035777894,-0.8522466722711869,0
1.851024123896618,-1.3227152516177987,0.7355573677671888,-1.8239448156828417,-2.5021163184454394,-1.5890185998782163,-0.6364835319101966,2.002145577757817,2.6138100283184147,0.5221633425195973,0
2.2922457249538413,-1.223945205170486,1.2506611946501889,-0.07067348988075067,-1.9997098691306214,1.996552495169805,-1.4075590477852677,2.240796516101622,2.051925927376754,0.6701946424359607,0
1.865942354129765,2.8718542660841933,-0.3378727090522896,1.6563538898819865,0.7869228979807309,0.9567375262674199,-0.06226095692735745,2.474814818690361,0.4874617653010166,-1.192344623644301,0
-1.3618767922001727,-1.5794054182475787,-3.3440967441084526,1.7876794437399783,0.6892992377350917,-0.02227933081379252,1.5180815923257729,-4.66545042073598,-0.03716313427545925,1.191678358464035,1
0.16317763442096522,3.4582605475684103,0.3882172484297518,-0.9919472657033456,1.3186492873370637,0.06890094891593251,3.4484464176015592,2.4278744643419454,-1.1140802812205033,-1.0449591580177024,0
-2.9778800093878592,-1.888198997018189,0.9031272476948905,3.475512723872716,3.4300129155716124,1.3243073946119661,-0.6766015626424663,-5.7430258567150165,0.4847942585771766,0.3358824708693094,1
-1.6750570095366264,0.9366522769856244,0.10607467077845778,-0.6245243227357797,-3.041962009756871,-0.4653513237278729,-2.3944009697744986,2.7247413194982446,2.7277354686917605,4.599601667065344,0
0.698423022103817,-1.2011419133202388,1.8342747475069037,-0.30097009942718334,-2.449311842672159,0.7606017699251244,-1.4457724968245897,2.3962332030795563,1.8525611710567707,2.5157928292616893,0
-3.623339800388588,3.8685370819776956,2.0969630778913446,1.1350060884448392,3.069995390595771,1.8327117007070526,3.8196708407192066,0.5109555409180189,-1.0286152093676089,-0.3244349192233048,0
0.923668310060416,-2.6495091596152833,2.1805450605504935,0.6570729154249667,-0.24035168825036712,1.7826701907262388,-0.5113623243912842,-0.6376162643391255,1.2015650777229117,0.25200221534160694,0
0.7049148775730546,-0.6398710551623968,-1.7157015709454346,1.5754326764205175,-0.16200744680011814,0.366694364402069,1.4697746847087,-0.6703118375043676,-2.3874999958770178,2.689523522597766,0
1.0534971490997704,-1.346284012894666,-1.8278809746869058,-0.1830301912729716,1.1015753745281054,0.6038106060888482,-0.1257173179565635,-2.6714087626222263,-0.976183312535314,0.7860948687710815,0
0.9284382572501207,3.098845590044803,-1.3900279845052688,-1.0821082525729713,0.44755285420709023,1.6832988479670337,2.7018506334317753,2.37109817832215,-1.9834945376090025,0.6188362151865816,0
3.368494233727481,0.9341316512291168,2.4118613253929695,-0.6183861476429479,1.8208015560255912,1.4947711130282562,0.6249900549232054,2.1305123204445957,-0.2475800325683698,-3.0851138272495233,0
-1.7314146191758732,-0.5557906608699349,-2.8209414795545036,0.5702259299115833,2.5332454543185428,-0.3700040822778171,-0.17193418392201643,-5.228247012484667,-0.32227006250937473,0.8557897383729599,0
1.5672360517516757,-0.004904155108162334,-3.0271969538111683,1.2014366672045362,0.2603198264019272,0.9470797127190945,-1.6880855248879083,-1.0958836287232745,-0.978300359088356,2.1696116749925483,1
-2.764956194611987,1.170099923034944,-3.046058094077038,1.6016679699806908,2.7270327418300124,-0.840388621329417,-1.7595910643704538,-4.351187822461793,-0.3900858894185866,2.398945792905117,0
0.8239295991134318,-0.39501869116520305,2.1659823288724627,0.7408306425817236,0.9598840760985846,-0.6053537790606383,-1.8244177359597624,-0.007399940015549611,2.6751368936015125,-1.6020273518360946,0
-0.7446424399607353,-2.4475825748629187,0.7112933446097123,0.8341097775233949,-5.627177410255779,2.1230322774873227,-3.935987461022638,2.2260177272643538,6.16074313830106,4.197003847067544,0
2.825088163588968,1.6193219801934609,-2.5854955397253865,2.1752020878629676,-1.2483104365515296,0.26568053184811224,0.5723903337370533,2.910503174928595,-2.6805771494262234,2.9395587648018817,0
-2.7770758272056235,-0.8681331384575338,-2.3570229605662143,2.208380367464655,4.052804109105462,0.2252256696737054,2.361607229449345,-7.121358246944833,-0.7354475321669408,-0.9990429232324681,0
-3.5622598634139457,2.6334171249143075,0.40165744672876,-1.4243215027186227,1.4659151091389377,1.2139245119073658,2.2034820985422687,-0.18699991784062864,-0.302954346218819,1.6130837020836726,0
0.9149135570247414,2.9200695194834956,-1.1595181204831988,0.04099814620360548,0.24349177021472113,-0.510441396904308,0.6390111590371471,2.4758322932056887,-1.3985666365942588,1.5027280435343848,0
-0.6393506977953646,-0.2637989663765271,2.3298683521415096,0.9501069280754432,-0.40739568392175973,1.9296785389227682,-2.5068163994189114,0.9189617415769417,2.6015525581336143,1.3386049219711977,0
4.554501329459972,1.2105066784233873,0.6304870446471261,-1.4922369596523843,-3.2621686240954877,0.29979752644920166,-0.6380962822967593,6.421352340394698,1.2241262815033052,0.4907256473413975,0
1.8645888444568754,2.5330476405527365,-0.987249639370953,0.835679550834973,1.2355792634609373,1.0990236973479581,2.0054378970931555,1.9177815419355304,-2.8006663194054786,0.34103255162507135,0
-1.6012884897480544,0.3714108125284298,-2.0656541991610484,1.5205780215240017,2.0261115424313454,-0.5182178776610292,1.3610584369556107,-3.3818503287597386,-0.5234061918990509,0.4745740238737881,0
-3.9998641204252166,-1.7578901597737748,1.664669991646985,1.3406147116246554,3.459041974553365,-0.09636849033042744,-0.024966271688543595,-5.42651040030669,-0.6763711610419013,1.7778125843395656,1
-0.8132813766819548,-0.2626393268305748,-1.349474865972427,1.2884100031982055,2.559377438993104,-0.546154121117618,-0.5831731913061328,-3.91761420338223,0.8594721580365295,-0.82716748283179,1
-0.5545449136643862,1.0947283305845104,-1.5201051759478879,0.5668826909238591,1.627088631627196,-0.612904941181235,2.7727570708689773,-1.3547109636836923,-1.7761463650742972,0.40045355200190896,0
-0.4315569452390008,2.1693503382236585,-1.3891413054895865,0.7737221694934079,2.2368551719247107,2.067469044972959,0.8968615955209766,-1.1929791572359312,0.45249591040393555,-1.3826499217956645,0
0.6163789366651757,-0.09727277865840533,2.6781775687140756,0.3412366931705272,0.38416716712993193,1.7837726997843153,-2.325997664150592,1.143615374446754,2.173538257762759,-0.11423469919730433,0
-1.98268306918759,-0.9392658761441611,0.774609564885219,-0.14934558822258787,2.431652695942164,1.9496611936534363,0.06475711217246416,-3.4120858399308873,-0.42975735140526616,0.9906669353827423,1
0.8546695928608267,-1.7694957653270795,1.9227051958732777,0.40275280989680373,-2.6073538155783385,0.22926112284270173,-1.1699250535986443,2.265484645912438,1.1815282051614968,3.059681465157159,0
-0.23921232303249607,-0.862722703661109,-1.509476284117898,-0.13879210729337788,2.4525474091178814,3.2385629736347292,-1.4004738690605412,-4.016556851479646,-0.08260732131741677,0.27885706444964,1
1.1635859640261499,-0.8260792528592152,0.197929894101753,-0.13033250185826445,-0.8822594097181179,0.32311924700182837,-0.18896551552179364,0.4233017370914785,1.8799440873139304,-0.13677259453390567,0
0.14791351556174281,-0.035244696645783335,-0.9173087883085119,-0.676785400741969,2.5864988549047676,-0.5290456422788791,1.615857845160277,-2.894770048854578,-0.3081307195057711,-1.7934149510184034,1
-1.1630265694086566,4.036659776318784,-0.7320269741120687,1.9507363414767909,1.2082184352616336,0.8188137504245636,1.89465291892283,1.995102763200816,-1.8181027614841816,1.6983040069138209,0
-0.3762484100287339,-1.2508088018665258,-1.4498986984670048,0.3327579897672423,2.345001364431888,0.48398602208920327,1.3295403646771353,-4.184480945664917,-1.0252253227943133,-0.22172979566488504,0
0.02898263729361783,-1.7267251844344047,-1.0453049618455634,0.44176175639801896,-4.938050694222788,0.6845071274451694,-0.8744688010030236,1.9965490316775547,3.1788759399697257,4.011129568984609,0
-2.3686960943896147,-1.2720641072846868,-0.7414978953559833,-1.0781292899260562,0.6421449242740394,0.5130040953489622,0.3421191027632172,-2.937238735680969,-1.2698798524659054,3.7882264190728865,0
1.4295580207748149,-1.9580911324707482,1.9594166814556622,0.4987220914381684,-1.1853569194534033,-0.41591998924070706,-1.2196305315246074,0.8286379636909055,2.111367344539994,0.3396853063193762,0
1.9038339278161298,0.7982075097135245,0.9107803815930682,1.0579671031850875,-0.1489656060543002,2.745529533868518,0.28134876088449523,2.160432944417244,0.795798358247901,-0.7528796565004333,0
1.3773833706253944,1.8025668379732815,-2.0661693780779324,2.1937307091155347,-0.6028995945251713,0.45986149955820693,0.7332800328437353,2.041914258396452,-2.1143283219468456,2.715184769893094,1
-2.1480496824467115,2.4075730484108266,-2.2655293160740655,1.4951357314482245,5.305455807666842,-1.0921445320321337,2.663594881474689,-5.036106057505442,-0.4675941349657541,-3.3017780282321145,0
3.865309378552122,2.125775305664235,-1.162738840977366,0.5725380744509059,0.8948562006019637,1.0239219674885836,-0.1651395237771759,2.2487859578280953,-0.5511931005813233,-1.6810284206984392,0
4.123346452517578,-0.8168222274681477,-1.0724421966658673,0.0827181018281607,-4.409782017825226,0.6644288571896799,-0.2114535989673596,4.404785801261305,1.3505913552755842,1.7301220893338214,0
2.3607070958107013,3.7167021731263024,1.908501251399286,0.08604457684858335,-0.3077863760652405,-0.23670091698878104,2.6318772245071216,6.072139768674332,-0.978464682817548,-0.7852893664949118,0
3.3110326392623244,-3.199462765770397,0.4706905061990435,0.7157734648077024,-3.3858911621533805,1.362466041465348,1.247716421319888,1.8864415451744843,0.7875693988031799,1.027361920761586,0
0.8965091772434675,-0.9036620425933491,2.242101469939584,2.174206974155204,-0.2618240075876769,1.106592252108153,-1.5056965223038419,0.8255180351329859,2.3253848511831956,-0.27007612071786,0
-2.388137915859618,0.40833612424672816,-1.631390346601353,-1.0339552147997018,2.1036502694923613,-0.4098578313909621,1.6138451458425784,-3.5788172462964667,-0.1363266467867318,0.4467629181830249,0
2.722711321438899,-2.8817617350960445,1.4787770806583325,1.0693805543112427,-1.2418216295830877,0.769477342638891,-0.39822225205726836,0.16568220526746671,2.6987658893139685,-1.5860824665960918,0
2.4044849488987636,-0.4321493311033153,2.3169890538698508,0.08980964318137313,0.37753630688962325,0.13908333438129214,-0.6043495691764734,1.3341522010793767,2.247910097790595,-2.5347099165388727,0
2.046619282357658,-0.9864883867236217,0.07015605161206795,1.0302287411975328,-1.2627930811191517,2.1027108883456784,0.7709182764014925,0.9790526856764487,1.5519697552980523,-0.6696138690336365,0
0.9809847499020937,2.6073228652304006,1.15468990606762,0.35420934849488317,0.19100867569791813,0.3090492290475497,-1.2847542230988749,2.9991854617310474,2.3256430069050924,-1.0199757238496434,0
0.48134651410239593,-2.1751111447573055,1.9144126080114034,1.0896537578103311,0.7165409494606135,-1.4199344013651753,1.0921057438301105,-1.1386038002019663,-0.7211758313314288,0.5195087322063316,0
2.0186073696206313,0.6748052140850392,3.8510105530321184,-0.7983760896711224,3.3435378756371597,-0.22695227978413102,-0.6624410087881899,0.7151755910924513,-0.01564911367483235,-3.084647235828564,0
-3.1756562158059976,0.4283121926565704,-0.2862618599349963,0.6629725121473791,2.09959080099066,-0.6866130398585811,1.100943701728911,-3.1827597479647713,0.44608379641151175,0.737997032545594,0
-0.38443753815344806,1.1847966444743911,-2.089895242559609,0.894579705672893,3.203074273187633,-1.238652536721533,1.5296027412829458,-3.164368534453799,-0.9834721927283164,-1.3080411599406707,1
2.9262905484763926,-1.509561467435704,0.6550573872979533,0.7717811322660515,-1.8190411209884627,-0.026929609178249048,-0.22258546802961188,1.5429598269806672,2.8165498095466317,-1.4063458930114172,0
0.3898843972037408,-1.4463020845805827,-1.1920718790621594,-0.899888580311298,0.29602628295726785,0.2970029010378551,-1.8760028909298136,-1.9631070330881029,-0.39503877094021045,2.5599560727451807,1
-3.113149321261279,2.2151464509572873,-0.6236675752121067,0.46819673434048015,2.109023626041042,-1.4257227993427901,0.1729969150604772,-1.6365484099712595,0.11172064740601328,1.5025074349950631,0
1.7363554882171095,-0.560290224083098,1.7289028782168234,-0.901413554298825,1.3528915504412158,-0.5263756317405028,0.04679312752171627,-0.18461054170736702,1.2653614699533302,-2.418127808663589,0
-1.717084506172541,0.22987973453030086,-1.7773747441080432,-1.3100272802618411,0.6757546597501884,0.6209651860638896,0.6463559521805036,-2.0354093477765764,-0.7663271518399059,2.5711184672821994,0
-0.3915809771669786,-0.33639811840181977,-0.5100371833136917,0.609037345099342,1.1178770881457498,2.3430548449753394,0.9257498916580592,-1.8635175386324274,0.34013160873870996,-0.13447393075633174,1
-2.050504187381099,-0.17399354880925266,-2.522283446615161,0.37091552147259516,2.428093203974569,0.9449703259776859,2.062945719998067,-4.597888692012036,-1.3370394873440943,0.8172133705650658,0
-0.7368454882335375,4.825944960971901,0.3789468013234357,-0.34566214308571264,1.8966036341166,0.565990217490869,2.911814110828129,2.6558891743074247,-0.5879297166548125,-1.1858509426561068,0
0.847334327850035,0.4114899998240408,-0.43954289054659457,-0.42612957443368804,-0.1967449454707474,-0.031861295687720725,-0.5011695821898668,0.8121409545737508,-0.29943523883404943,1.6876741021586388,0
-0.785407839603469,1.370536598344935,-0.8159425098531924,1.0353722248106974,-0.5285018997039529,-0.888948451025355,1.650623850408349,1.3385863095798465,-1.9317677413458028,3.5166654212143107,0
-1.6145285108782539,1.4581945570328396,1.9488779490539212,-0.2923570005064262,-0.6407282548811949,0.07871879032430651,-4.114112800658134,2.0100077093535553,3.170415704539309,2.6661511458787093,0
-2.0079258955894406,-0.22760152611255668,-1.3005571494277741,0.16181235822326334,0.738175512919837,2.1750517262429376,0.3633255659193696,-2.4395287614744534,-0.2779493819578973,2.425732593595662,0
-0.3131856951264679,0.04665918984675632,3.3293810986664565,1.4834676836050296,1.629202796429329,0.7912117719754339,-2.2012522200551747,0.12101193345224184,1.9483959856550208,-0.5446536250883317,0
1.8093054208421933,1.3213510394683223,-1.9840891846586386,0.8283011045740014,-0.17977900147355752,0.8748176160797579,-0.3950793025439291,1.2913392703889242,-1.23183395777082,1.804828305984929,1
-0.4379180436438568,-1.0092524484797836,-0.8694904720278765,3.2950108572078562,2.6215976245718142,-0.05750179216679957,-1.2707899394956867,-4.170296243306998,0.7264592895280487,-0.6192823861956668,1
3.3655200630163473,-2.3462831985335817,0.6768765070080139,-0.6465496003944037,-1.863148913829653,1.4515858064933322,1.5379643127020781,1.6920030325858377,-0.9568316470562942,0.9363825413275488,0
1.6959895678391734,0.1701204326865301,1.1509675775545714,-1.388738549221003,-1.2279957996813828,1.254281734850867,-0.6987151975920688,2.8427921315394378,0.007969730885043602,1.8498734958024499,0
0.05385736790389117,2.2940511012089293,-0.6100376212691553,1.3361676715549833,3.5361485608473613,-1.5506552426486278,2.054947560847337,-1.6468484236073855,0.3336233245963708,-3.6617693352349163,0
1.6206569839282698,2.9702694040461632,-0.6162191155197541,0.7772618947535224,3.4624919873920343,0.6320591314619082,1.9104426450216798,-0.04777925423493651,-0.8892198780073145,-3.526755805157773,0
2.0570520266026384,-0.9717281389852844,0.2583310941103044,1.4653220372996931,-3.1588371120429715,0.019159972041494444,-0.4830789734638422,3.104297913712191,0.7501103724609719,2.739430586185594,0
-1.5845470571297642,-6.037062275876989,-2.3731037036818416,0.9768910396546768,1.6935204165680804,-0.7228512367179841,1.7628342477718033,-9.165852307761194,-0.4326253219078199,0.7344915452354872,0
2.113432065777558,-0.2930492377400121,2.709572320982159,1.2495002435909834,0.6972581596322139,-0.33263859722703304,-0.7355333939961929,1.5699306754944589,0.6866097686397272,-1.0646960952263456,0
-1.370541956203572,3.1661977988497276,-3.5956097742656015,-0.306956623359687,5.011806374573828,0.7582843292245381,1.874461881428489,-4.564977606864131,-0.15207395348402442,-3.4079526612151425,0
-1.5661097663094288,4.200001743768119,0.046696899302816175,-0.4604918123904628,2.60879324513141,0.5599239063170746,2.6922056092734388,0.9974900066282287,-1.3610052531959331,-0.3545523166211021,0
2.5858265613267744,-1.4919935155579669,1.5168940093443588,0.6220065767609515,-0.4866776032323742,-1.6483184864413984,0.1347626353245861,1.0118815052588763,0.9303618295041676,-0.9027311432136781,0
-0.5173580182756302,-2.0180508033742206,2.4224849790930922,0.2665468085030629,-0.3563216926524809,0.29190048071146263,-1.6735957623233086,-0.45508145313439297,1.5443173614530399,1.7862946168792724,0
-1.1040851918709098,-0.33652949430814216,2.7683930616311883,0.9693835986776859,2.3741381052739787,-1.1370116713161411,-1.8120657576212444,-1.6188571207866085,1.8909006573394467,-0.8342631604945593,0
-0.01106681483732852,2.668105980609126,-2.0223715340396002,1.7073416960240713,4.067908932578546,0.03687795006410116,1.5509083444739806,-2.6170383466792275,0.027404670853514168,-3.508178492074819,0
-1.7679619166208473,0.8159097380928355,-1.9744973749552783,-0.5506916104964923,-0.1484492286860294,-0.6657269368611703,1.406214994547848,-0.5323569345955449,-2.537049974516978,4.676076902992172,0
-0.437897217131727,-0.10727673307396035,-0.7371631833097979,0.42517214569988027,0.3456551703486944,-0.013410862390157152,-0.13650453894661907,-0.6351754285420579,-1.809616150973985,3.390423176400033,1
-1.1358379203612023,2.550102618845386,0.08075749642903951,0.5011099210573073,0.953095834282233,-0.12760842349950097,2.2765008088811167,1.179184798026785,-0.8590244029849491,0.804769350254843,0
2.036015170461117,1.0125593732775289,-2.299776013577277,1.8630386115142636,-0.29837245322631667,0.3404632300579257,-0.3881692891439109,1.0330159041625455,-1.260805561056301,1.800400213006299,0
-4.829725762220127,1.19712391714015,-0.35757379295009073,-2.0413600426323986,4.698048553613122,-0.8278093928615816,1.728202266248187,-5.884834286978432,1.2895049917863926,-1.8332808305045343,0
-2.438343173307022,-1.0505228284423498,0.173717705607215,0.4094168194914178,2.8909633978381857,0.5527663136429587,-0.11439668201639441,-4.467910793178004,-0.6274604708354058,1.2009140934787454,1
2.6542886557885694,-0.9823434425523848,-0.3040143980414526,-0.2996127551373683,-3.1911717722442123,1.563922463127835,-0.22809983018004254,2.758429966289891,2.208288541538303,0.7777316122918864,0
-0.2705998479862636,2.3487611273470725,-2.0940026513173104,-1.7384364574638687,1.2879937630787373,1.988517302447931,2.7765229844634223,0.006702335829845085,-2.3422553434818747,1.042094996915838,0
-3.9913534758059677,-1.9259097344258214,2.867779962971192,-0.49208514018830507,4.8757543708540085,0.5395130647679737,0.01862605599157341,-6.642984165993961,1.6173426743025585,-1.9301754651800018,1
-1.7315815598756563,0.0010587603436830184,-0.262757431682601,0.7581771257680301,-4.368255441118771,0.547253785809907,-2.2979285965784606,2.836464203317409,2.956519585724329,5.740454139530921,0
1.5417242294313875,-0.2953752672070554,0.2380183489080573,-0.8070699360793446,-1.22864699239947,1.6392041707190796,1.3918526412604844,1.9505338030949138,-1.0682975497976894,1.8076507250595188,0
-0.31518134576839907,3.429123654997358,-2.124980856506821,0.7842675527494722,1.3732247371346138,2.2805109152250997,-0.10168633812966343,0.5828338798494721,-0.38876738844711434,0.783367592198803,0
2.6801808622259307,3.4500227466074573,1.5049283908978572,0.5650861640270582,-1.3573702167010646,0.36430996882512423,1.756093250303568,6.965699308098491,-2.136302412386832,1.695228241757126,0
2.484626932492403,-4.020801792533722,1.2966621882438973,1.2545129961508348,1.601035890551064,0.47870596915318453,1.303026713056668,-3.626298702796619,1.5288557721604135,-4.084453833114579,0
-1.1481118496540468,1.5675816818283237,-1.5593432540655523,2.2931152305392253,2.4388777138474618,1.866247979691702,2.112790879020955,-2.155026856080315,-0.7317808319227438,-0.5962049570965825,1
-2.4683036145655257,-1.6719676125508198,-1.402083609444968,0.9511073436220612,1.1796044467856333,0.35373630354364183,0.5452505488453935,-4.5049771224262445,-0.005699770735723919,2.0208040145750616,0
-0.5507939732614061,0.5209789739554244,-1.0203475425321527,3.8057547537762,-0.21417594824598296,0.9997395013595326,0.7347745544068183,0.14475073457182305,-1.335604939897586,3.0391978814532465,0
1.0245316582051718,4.322113355115629,-3.1856900378668644,1.032621707799299,2.1897675692725245,0.2616280506265698,2.1447208398214492,0.8806039647689229,-2.3594333165665433,-0.47999966965109675,0
-0.8090382831134338,1.214294024641425,-2.6854899830309416,0.029019661170712474,1.6037773891949478,1.2971863014759744,0.6074836093282115,-2.113938426355187,-1.063587019984467,1.2632766525693615,0
1.5771167133856783,-0.07877989258146856,-0.3940371438004323,-1.409755482446104,2.1101224473847804,-0.011809194093572672,2.1408806753514855,-1.4363176548508156,-0.9804122873404196,-2.0772929265252684,1
0.7870970143041809,-0.7218702033458292,2.1100013833821856,1.514963546612178,-0.042750932776897344,0.6869325293798354,-0.7221866782259992,0.9757242778298768,0.5508629080267168,0.8391106987636331,0
-2.6018406316920415,3.7337507834161623,-0.9364473611353569,-0.006112171507236752,2.6146225929844342,0.8122443153729888,1.9755933666484817,-0.8002707363326137,0.44389460957830884,-0.841113271737525,0
2.2154965631074304,-1.7632159862345267,-2.18291006822664,0.415760633480352,-1.2456810829762648,0.32497041818419026,-0.7317177274879648,-0.34335966841299503,-1.875409056393274,3.5205056921824087,1
-0.794987289407994,0.449621417904985,-1.3253851097916654,-1.1601133013775806,1.1581667938393143,0.5551434457261653,2.977443034353285,-1.618564635628378,-1.1143531584118844,0.30596141994792553,0
2.168362626263734,-2.5754763106364567,-0.9665270215273741,0.864128908682639,1.0648087226053544,-0.22317283926194953,0.3518511650284112,-3.1169428107856074,0.7808943517762498,-1.9887167511317028,1
4.489619048661098,0.4954438126270885,1.4999135248999402,0.5881918974088161,1.6206532682198662,-0.4324175942828766,1.2736037393564668,2.04754177418698,-1.3682709267538873,-2.9834434913295356,0
-2.60031219279143,0.2666930576014569,0.7048994870911717,-0.6692309490502332,2.044876799237954,2.0250884696370273,0.7017796580666257,-1.8714026537747999,-2.4529437480857808,3.3743464265557663,1
0.2664435094973002,0.2896772983410728,-1.0106489353078643,-1.0610366797469162,1.3895963277782566,-0.2629183371334952,-0.6094854843344194,-1.4120917729723166,-0.25601338691765796,0.5887923522099294,1
-2.515354907636486,-2.907183207697097,-0.7163079241924769,3.471116407116065,-0.2727746468538427,1.8130479795554062,0.056687197074995255,-3.6753474455177124,-0.9239724107540662,4.714843817822201,1
1.330231235995746,-0.6905458134450077,-0.083504971299598,1.1355645873067797,-0.7522119764880736,-1.2121117638638688,1.1386572822794658,0.5479881366864279,0.5378412730704875,0.11551141862129463,0
-3.267718419820263,0.1258422167232297,-0.79183105272023,0.3218068282661285,2.778189425498008,0.9736765912414792,2.8357170989369753,-4.649512378597186,1.2447553251051895,-1.6539595784273158,0
-1.6648085147963871,2.16969308118136,-3.2167969228514424,-0.4454875434405172,4.100443101300157,2.079182101550722,1.0049358516731308,-4.543412578451891,0.1364716846568641,-2.0064290866830916,1
0.3526793186835343,-0.15765079759934675,0.7342188198226502,1.5005332170009322,0.3471257652360499,-0.2492164582271822,0.09138798740933096,-0.15912680241389365,1.838364289101917,-0.9289295977879762,0
1.6745823838090335,0.3327128096433597,1.2449078641266074,1.1225356885449536,-0.3323318725341068,0.6080748233324658,-0.2675510103925116,2.032017377295585,0.7536442348493831,-0.020206255924495042,0
1.9096267801515001,-3.7344948386868864,2.281744913570698,-0.6371098034835635,-0.25688429066182883,-0.16095907593170666,-0.3470180884316748,-1.2617907590450232,1.8418732924038173,-1.154164882215106,0
-1.470331991924482,-0.860577280082368,-0.12483327088177054,-0.6953598852284358,2.0566989373939664,1.0673323954371337,-0.08034116300345773,-3.262981435927149,-0.6230789830283681,1.2835064773023057,1
-1.0305836750000479,0.3236630993248043,1.188474339855365,1.6360137016414917,-3.69955935830767,0.5625859127234876,-3.464640935700089,3.702215918323236,2.949355082762724,5.182588336015879,0
2.1139703141876827,-0.25927958547324614,1.0986743617037469,1.43321046851313,0.1369549443882141,0.02723654078894977,-0.3111403231791866,1.0128105883850553,1.428736024941518,-1.419283659436989,0
-1.1997545777124365,1.3401993479518395,-0.5986269039275699,-1.797793459549574,1.2598358249961832,-0.2834386331803296,-0.08489184487740531,-0.7336347249242922,-0.17057679800820758,1.3700344728357559,1
-1.5571491464796883,-1.363971740031043,-0.9550083138563535,0.8396804746670086,1.532106176072908,0.14328346836910436,-0.8616714190109037,-3.502611072101244,-1.882023126499723,3.6122524601466584,1
-0.5757122842960668,1.5096465539897412,-6.336655619205494,0.3671047774323495,0.755296323009545,1.4391278612431297,0.8908558769613997,-3.754609528362059,2.1612747476141405,-1.2325069833059161,1
0.7376092822630552,0.6842671315160817,-2.425983447451484,2.5300423676854806,-0.2653904611110881,1.1702419811522409,-0.0910944373087682,0.1234767940752226,-1.6044151815141583,2.919564599531152,1
-0.5166173997583197,-2.448588308772582,1.171800850366286,1.6169862231217533,2.862989184997278,1.404243258583639,4.217874219618888,-4.52926479105587,-0.013675296776423873,-3.395090102209319,0
-1.3911006102906875,2.764859655098903,0.3992950366975824,0.6289249054337053,1.2730727660270373,1.529592555985937,1.3667959520833555,0.924740820958738,0.4635083404719115,-0.07783789405956654,0
-2.3901942743106375,0.5849282701355809,-0.06385095022695098,-2.065524770272803,2.8441227620619367,0.2227504844268391,0.3754819965111532,-3.4421403707870764,1.4076153172179149,-1.109576973313787,0
-1.6396636388132735,0.7198589686529427,-0.9181230336571141,-1.0107382826759577,2.0133525970809134,0.7674267204536964,1.3568346643054516,-2.374024468291355,-0.5250714938525163,0.4637319812167368,0
-1.2511174241832665,-0.05901747110530586,0.5865295323588621,0.5944425378676992,2.021597512431427,0.7494635297096393,0.7969733735078492,-2.038427132673004,-0.38012846397135724,0.3330632565121803,0
-0.8599347239284701,1.074148613151706,1.6847087051186493,1.7799949257776264,0.1771525606811971,0.7672791158924093,2.8599437399509386,1.7062120429679544,-1.252815558213793,1.4033816364223082,0
3.4095700852111563,-2.9373758307479787,-0.09799166457341746,0.6359850806782301,-4.28086146943854,-0.2261542232142768,0.45748929017735207,2.6425827592104363,1.095633148090514,2.0343287952822293,0
-1.2940574591395153,-2.189898644324119,-1.1718651236938906,0.4535219022731771,-0.4061928002250669,0.6926389031777451,1.110176117461513,-3.020577661932867,0.9393555729296473,1.4788753615720087,1
-2.152693832848532,-2.0150113783805597,0.6576733969094722,1.429024749115491,-0.027008932030904043,0.5665481478834998,-0.1535785633511565,-2.1878962391359504,-0.46437017566394745,3.789594468252467,1
1.9017183161019715,-1.973528296106542,1.0367597516851337,1.2871546080081941,-1.5504158180975267,-0.38457702482364153,-0.3594928062052869,0.9715311510866108,1.1479361251387388,0.8002385034977122,0
-1.8451142021171854,0.8651527535944025,-2.0732538885215877,-0.2264270938106997,2.209706925965402,-0.03462661301037917,1.8070664940857633,-3.1651294488936035,-0.8297360588866293,0.4844795546049227,0
1.2621466365327931,-1.005408867419133,2.5997357929455656,1.015950923465717,1.2732904441613648,0.3135558861891033,-0.5527689442705116,-0.27283707047501227,1.7412690144792786,-2.096349981086516,0
1.034395655232304,1.5594081571051772,-2.142640476415941,-0.6590041458745034,-1.7676563506563898,0.6108669100954882,0.1043493987732449,2.7296943211395166,-1.9978111622554442,4.415783916034364,1
-1.7572796339258008,1.2715114948714357,0.11285338970968162,0.12522514984944164,1.2962590009905337,0.8005067838692929,1.7290832087444268,-0.6646946048931032,-0.30000668893060356,0.7678471975837419,0
2.96628761838108,2.0565460586971294,-0.9138008588005418,0.14903362335020787,1.0296113796358703,-0.3023707974756942,-1.4043071460709542,1.694118416169061,0.2765502291286034,-1.2019773314676838,0
4.634524479639618,-1.6582210443291414,-0.4393424493656545,-0.5850011077962403,-2.6960395517957276,0.6906304253401484,0.39533224235540587,2.4612863496454054,1.9803792417129107,-1.3327883774415095,0
-0.5700775606541647,1.2848020214875717,-0.06814405776856558,0.9865244102890923,3.0210832772895015,2.340619413018786,3.3044257012885043,-1.915046536573775,-0.4153727062447089,-2.679831175549986,0
0.5305973855690836,-0.43862068305109025,1.9382276065883346,1.3456699801627527,1.5288049018030927,1.289577131814688,1.9386299150678603,-0.51457645106736,0.39172553690503287,-1.9857833349296827,1
2.076062300184324,0.26827036219029743,-2.734233786197674,-0.7549628752655889,-0.822176459904021,-0.3173885158693057,-1.5128407231882077,0.5202665932224213,-0.6731191143985548,2.4456591657425166,1
-1.0809099391387464,4.425375402286241,-1.4403892601579824,2.0888884063342466,2.133211655580342,-0.6561760061271943,1.5406525642205606,1.0371974678823586,-1.5508479824719568,0.6757067502488086,0
1.3310172227385584,-0.1625190998455398,0.08380456657910129,1.5255270402134524,-2.4554117270891065,1.1090081855766456,-1.0214094155972946,2.4088051599790665,2.6663944435605367,1.025489879414271,0
1.3553667908531275,2.615413430025614,-1.0761782430942888,0.8746792909311368,0.9828286525205975,-1.1523542073324644,2.001086339679402,1.6630183150952043,-1.2324191108303237,-0.537686672905093,0
-1.5961133582206153,-0.11443023743985903,-0.14440716555782407,0.46175763833036965,2.235474407697293,1.7972410098752172,2.256638755536247,-2.327300443302011,-3.4829787870964855,2.5375116582759483,1
-2.1547085006521547,2.2608588715990865,-0.6434442201898982,0.6899526028083149,3.760785952934898,1.4489844310805835,1.1817663426577134,-2.939893287222039,0.8655948096128315,-2.208520895849998,0
-0.8868904840870938,0.6615410244607817,1.555059985408116,0.8850145567666515,1.2870310006782857,-0.9874590151998494,-1.4444529783173543,-0.40954271702772305,2.408688176572723,-0.6278222090226525,0
-0.5292520144198386,-1.7486720723347453,-1.1335892166856736,0.13977589556024325,0.8129441644890563,1.4605675215366176,0.5522433002955309,-3.3788619670790156,0.768970381240312,0.16312049120967478,1
-0.6488255375837981,-0.6768378882201268,3.0406705783866204,0.12026902591517535,0.6500701347982543,-0.15737077593196092,-0.869764796064319,0.47264615080801675,-0.3347270916869526,2.1393373468149077,1
2.9870449208100465,0.49712308759304846,1.6915790067355392,1.5586320756312966,-0.9592755203542217,0.4154407408541432,-1.9628742103899213,3.2640629148225084,2.817600259131625,-1.3882664617126603,0
-0.7379498513822486,0.20007817574018338,-1.374292687371884,-0.4619334079886852,1.7891816525498858,1.150888541280637,-0.5462990223301477,-2.3622321051232973,-1.1241118492861286,1.7668368888485952,1
1.4204405310806534,-0.07125545026044866,3.438460265434044,1.6173847384356206,1.1010470773478755,0.11204307399648056,-1.3961336834179647,1.610218115874571,0.3557913037296935,-0.2650447324825439,0
-1.7554533077309666,0.2968288184116076,-0.3461999656617305,0.11458010110289227,1.6363079803824494,-0.23115644912189415,0.7294590069256209,-1.9801275087190104,-1.114759688857736,1.8710841277328285,1
-3.7840351549693927,-1.7524287045633948,-0.3799975538869639,-0.500542981294099,3.2099719413740253,-0.8412164423222134,1.4793882032874626,-6.750228911062621,1.3604200528586214,-0.9344251424940259,0
-0.29701250044071514,1.9577741155596082,-0.9880607580938124,0.16176814331168016,1.379460578510224,1.3962981929354892,1.9638924866915226,0.020391059327449168,-1.2153632440683584,0.3415138906775139,0
-2.338141729908156,-0.05661680216891429,-0.8175444625380967,1.175011945881205,2.5958949969032283,-1.3820673423147842,-0.7312007071363628,-4.112439621174202,0.9560716105590491,0.25417244909140113,0
2.3084809049289863,0.4212496520300998,0.5741799527524037,1.028100150884765,-0.35058205565126654,1.5334807710233442,-0.28176871658052316,2.0239615688035726,0.6263788643394179,-0.32714845609838417,0
-0.4587344195347002,-0.739796277683645,2.5982296316020443,-0.3965720778930294,1.3354286898424013,-0.06147439016131284,-1.426048756316912,-0.9052668577006576,2.263077181154835,-0.8519051414604354,0
4.134603794105174,-1.3237382957129342,-0.04428242815021399,1.5612495330043021,-1.5429946916517299,1.1963177197472676,2.3057511686485257,2.2068681797081537,-0.9734655158392688,-0.4227818101409685,0
-0.9053661210114093,0.72199961815168,-0.8220759770115634,0.6329732566276036,1.9950517761890634,-0.15058688558576538,-0.05555792354581468,-1.7661856087374246,-1.4607540785428292,1.6773582890658774,1
-1.3517369333347076,-1.6505316612164949,0.24001872409792424,0.3160260903359358,0.828854368023382,-1.0483923765643657,-0.8710817058988357,-2.5379637121027314,-0.5681454119639542,2.8610996707274676,1
0.5783714283845359,-2.9968259573817106,1.0582043513615074,1.1175247941667845,-2.2655868173690883,-0.1824758895721762,-0.15997398644913174,0.020149889277954025,1.835320477050224,1.7691146217804476,0
0.9551511905838984,2.2253751417074943,1.1496047192118004,1.2927032305732615,0.8526427430641937,0.5710950181079646,1.082849921729656,2.572384059151608,-0.9795320702361726,0.1332698415362569,0
1.368886155130324,-1.7958473255667697,0.6122709514361777,1.3480772165812471,-0.5157063025104368,1.8396762159965943,0.5727678293453203,-0.2609044696010635,0.6255684787472467,0.12284316252260322,0
3.0970541419830844,-3.169083258312573,2.4932754314647285,0.7714852163790107,0.18174300769499463,0.37331515786231695,-0.08797338266648114,-0.48787067704210607,1.6264390906917674,-2.4662043975878603,0
0.1665023560592348,-1.1855547630374108,-2.7923018747991035,0.7061814252726821,1.1975067163502273,0.4154928034755674,-1.7885270472261214,-3.4004511429078086,-1.677019888340809,3.064855676017689,1
1.6358683467939397,-0.35308937934569473,0.8769488307176873,-1.2310165369382156,-0.6986145363200612,-0.10859149914934124,-0.20416321499397683,1.4946777517526129,0.8369267543621899,0.29786903933245096,0
-1.3794702060642718,0.35500831052036574,-1.076993485479845,0.24354215881098884,1.128791119150239,2.696111305957938,0.4923882693770357,-1.5128756259155565,-2.173743028807652,3.2872122010363176,1
-0.11349532830225961,-0.47503721321561343,-1.249054963022096,-0.09155842345833642,1.7137944066306066,1.8337285054688892,-1.1014199833777516,-2.6165296229363735,-0.7929093691397086,1.4057769541419312,1
0.03794848130452422,-0.49083618673316287,3.4622298461752905,0.627999551348818,3.1998298660931206,2.6068114996144,-0.10167220027739954,-1.2733040822186448,-0.2597084735944123,-1.48511260570461,0
-2.0890073523287547,4.651579048799444,-0.9058201946448782,1.5585040880904195,2.281381138883063,-0.26627152902772755,2.3983529855091854,0.7144486430464556,-0.2087616572868919,-0.5545687126930099,0
0.9211942815882995,-0.8607515350958851,0.7769205320286077,-0.6407365584516378,-0.8561807414486754,2.38588425428063,-0.36549898050253804,0.652975196018449,1.6843642145893236,0.29514708903451525,0
2.4054888388872855,-3.406528339736679,2.4248659708815365,0.04219044257238708,-0.46733077984805604,-0.7992342889854623,-0.4871087304935463,-0.3241082772635623,1.1485463507391849,-0.5811121554324576,0
2.411425537470961,-0.20473973253684952,1.7999790512182874,0.43595431632729215,-0.8466463366796654,-2.464976866500885,-0.7199752309164357,2.6756274437223877,0.8329947896191909,0.13355097931166132,0
2.2461840049470903,-2.2572060290226914,-0.005411428670978657,-1.2681750331718988,-2.630723690515316,2.4819644560581624,1.2078675789862565,1.5571747273433147,-0.6139729937192634,2.4364605620315136,0
-1.9945756251615379,0.1511029106610522,4.18984284228232,-0.5824397555248376,0.9369544178210566,-0.0002434528564501659,-3.454260319099057,0.8191220546297309,1.3524658701924395,2.708687092522041,0
3.1392346703392433,0.8740878291410883,1.7188991983740753,1.1324972636906985,0.09942362880393707,1.0495632453324117,2.0581209713277224,3.1155578930836794,0.00775164965134012,-2.2694074684877505,0
2.6242096831621384,-1.9521538096276356,1.5343217870180648,-0.16121500957159185,-0.4339483798353846,0.8134725716679667,-0.42692468339393863,0.23141295124271177,2.755262284220724,-2.396495218582523,0
1.7087256389425756,1.4501584466286652,-0.8230757014708284,-0.009699842907280598,-1.1094909502378747,0.7741664299204991,0.19098436367248117,3.1180720972901113,-2.1776102764401917,3.3261719624097132,0
-0.7554279120289701,-0.7149850298461832,-1.9994872841886164,0.6599202123344425,1.216578610065545,1.065613923896298,-0.8285353111951365,-2.823828631875529,-2.2288724113255385,3.651530508703936,1
-0.5679270499218442,-1.3635246516641595,-1.580553353734035,1.9046554908231013,1.0452336323106732,0.6291574114250889,1.3909544434397794,-3.2268987169790386,-0.9424278006338783,1.1150372195304863,1
3.159522024658799,-1.8898022825321115,1.515332836725472,-0.34660431063226393,0.1088551002108965,1.2644148161778186,0.14879395495164294,0.3102184753782863,0.997979253664978,-1.9890059633633559,0
1.159363005001828,-0.7335912675031443,4.150630097234387,-0.03592604507896513,1.6171579578019974,0.3313361553819344,-1.646852092661541,0.8832646062539004,0.08633798810374527,-0.1727695930413441,0
-0.2633065679688501,-0.7568294687886573,1.527785870896976,0.09468817395940848,2.2347276124456927,-1.039838493846811,3.1031582309491696,-1.5409090787867616,-2.5324092530397357,0.06800892923702001,1
0.18199337465316168,1.6255068700577544,-2.052827653458943,-1.3062985766574258,1.2910463751843262,0.6532887485730666,0.1801769784438182,-0.5179857244058191,-1.594899790290857,1.5588128720336814,1
-0.1668975564778763,2.1324608125418334,0.9235507869520702,0.43858712130082245,1.3430043662385764,3.09410705707181,1.297921832805041,1.158921917163341,0.2589516754331883,-0.8263057184659669,0
-0.5738042368380044,1.6507338799139823,0.658136957203529,0.09745497518036761,-0.07064260235771058,0.00836656846915007,-0.05215756091870183,1.7229733875775675,0.474869015652586,1.524350953085805,0
-0.6057389355961029,1.8283713004242919,0.03033815553142738,2.5900149208865395,1.5456867017585503,-0.7118694616177627,1.571238575009287,0.1804921294305963,-0.9369409465389164,0.3415151625836092,0
-0.9971445993209517,1.362234128891064,-1.8075036918363288,1.1066777420569873,0.5648809771769555,0.0006491474898171479,2.699225296950013,-0.3885226378417115,-2.134283052064855,2.1874176808435712,0
-0.821939123723222,-1.4432730928587274,-1.3487300808602463,0.8408452479579008,3.5517018919873795,0.2430017649671013,1.3133129818663245,-5.965734908357803,0.6673218185436379,-2.7170612847944926,0
-1.1378595956119404,-2.1621941868023584,-1.967162244364435,-0.6147494426674098,3.1422126805002297,0.25175395749443413,0.3533300927613622,-6.6499307702412676,0.3000242559406011,-1.0858659577243883,0
-0.19478967475273645,-0.614276206005919,-1.7936146685150165,-0.21805175869636262,1.733000323065799,0.7097081625222896,-0.7986844747529401,-3.183292802964891,-0.532946124401184,1.0404990423994054,1
0.15889890212482116,-0.417927895892946,-2.427696563604822,1.2204071192488661,1.6365968998966705,0.13287521941858216,-1.4011512347194692,-2.972814267188983,-1.3307547618540712,2.019508817560687,1
-1.1950792585147338,2.216920847730652,-2.9856659920840056,-2.616849841719314,4.904906796279226,0.3184056860382128,2.6178813795230007,-4.68391626628219,-1.3507651995720749,-2.7034104217159505,1
-0.7658207706061045,-2.746376708661131,2.6349468254020074,0.3805618413291451,-0.17313940191382293,0.37671159713168795,-1.2215145202666942,-0.9258300311119242,-0.3652002412818295,3.3895304859876774,1
2.7245031672086264,-1.05429066333325,-0.6866887120358124,-0.32469013697510085,-4.407654906330556,-0.06130808350376726,0.2465653297207807,3.686583611614505,1.9641346972346372,1.9100006905364215,0
-3.4508133491437705,-1.4027912420972366,-0.026643961722685905,0.8783947323999395,2.4327254462344015,1.1216545768497923,-0.329905169639905,-5.245710047377795,1.1568882630427564,0.8464680275752081,0
-0.6360369334199428,1.2790983647761451,-3.037937130165168,0.7990088610768853,3.4565471341974243,-0.013926249049465156,2.394978313421775,-3.9804404443305095,-1.195033383504997,-1.6543990117924952,0
-3.002243490616846,1.118834041001386,1.519889070630828,-0.7853722698790476,0.44242603432459193,-0.18664558820407862,1.4468299268486695,0.265396862402678,0.03307300396983692,2.36170170069752,0
2.2459028598376927,-0.7871206153844849,-3.4907565395559197,-0.8155163189641262,-1.4414607811264886,-0.12088487072668325,-2.2630460179622074,0.12140213990620297,-2.4790872780462405,5.205795530095734,1
1.3841125306722328,0.3344256689472115,1.8926073480111447,-0.06350640807605601,0.2801423331616194,-1.5002818838142984,-0.3281317401660425,1.6831998144937645,0.9268406023725073,-0.568996943626765,0
-2.0355439092898666,1.0138440552819739,0.6985271039434656,0.847070036221006,2.8822434009974867,0.7116704266745252,2.365984624046699,-2.325935725273277,0.3717758029271222,-1.6519970392347565,0
-0.7373241108269147,1.4572671171249816,-0.03624328811350308,0.17164824441707618,2.0604074648000408,1.2616179222297967,-0.22206073616975208,-0.9328613226267694,0.27118377034282204,-0.15052522699036242,1
0.5950965772211513,3.2541753284266037,1.1645268842175964,-0.2344458712181683,1.0685114625530678,0.03868399381003662,1.5729577177843974,2.909754112828811,0.30308819099535567,-1.3885520688335302,0
1.270003710486991,0.8604013227610564,0.7124864546727542,-1.8207863209876969,2.571707354357414,0.004398039980430535,1.131968976191021,-0.7493755913521355,0.5772175875810287,-3.2889115517854686,1
-3.3225472387767416,1.5921944908907806,0.9494404600089504,0.5659054657091197,1.1327802316401812,1.5878288380517587,1.2027555038347646,-0.48444866183093493,0.30508145759340277,1.7983338658484103,0
0.9749095698043081,2.37094881198821,-0.2695283911323376,2.3478317608003025,-0.23117251411824624,-0.2724119476249649,1.9829768746340743,2.9729568474627333,-1.515834574888148,1.2284343929248456,0
-1.6462407174404143,3.6771805766808394,-0.9037116589670008,-0.18638712457457274,2.9845463907464738,0.600904835027407,3.455846530882396,-0.4601142526334143,-1.4046296458565282,-1.0292708172516818,0
-2.37952157684195,-0.7651430932084212,-1.5381886986038138,0.3066710965860341,1.8774481898376592,-0.18934563175551988,1.8154141742007122,-4.28152993369732,-0.6940402607962487,1.1291820175458884,0
2.687289779052484,-1.581531012265136,1.3418491082703414,0.2463143007654393,-1.9403822260869172,1.0319118325627303,0.4075857097441523,2.6159793701753165,-1.0017205017580317,2.191429573657039,1
-1.471565589019344,0.19084167786389228,-0.61370483802526,0.8369457390786864,2.3194025460395955,-0.2839002298409016,3.740217944873415,-2.583822691725362,-2.487943729109945,0.5115532983925559,1
2.785017744933579,-4.435461366521427,0.9197594540333675,1.1424326882961244,-2.585033724236841,0.34825195148400734,-0.6675807806709749,-0.2679763081206197,2.6070838418322864,0.04362484376156922,0
1.72943334755178,6.6671928391224995,0.47429373995384616,-0.8141427539283131,1.7385753654783818,0.7109790015917125,1.0918776176486222,5.800626826776162,-1.300060957456512,-1.1852864780264691,0
-0.9295967903682979,0.32927887875015693,-0.47496296020107676,-1.323572837645039,1.1649944959290561,1.1989476061239488,1.822584247686056,-1.2977369390726294,-0.8728784757848213,0.8328159665965795,0
0.10029030796988747,-1.540112721067577,2.0308899653245076,-1.374830344401797,-2.7077641332075832,0.12753387619088183,-2.5495354895549647,2.1976619592658335,1.9735065976272712,3.7768562310185856,0
-1.0856181216069212,-0.40737463451829103,-0.38502574258803623,-0.3229522577808247,2.257796060930148,1.1369312080964502,-0.7953208471795622,-2.931450561851176,-1.0388772075247696,1.6150144393424064,1
2.562680116558582,0.6783513349027833,1.796130768814097,-1.7185293102385506,0.617312864548173,0.5359153417532785,-0.6361744913184258,2.2427286184437394,0.3588257746305724,-1.071025189795844,0
-0.49237094854367547,1.5027074277315462,0.8641143843696235,2.4559003096433143,-1.3280514086216857,-0.8970863045108896,-2.0851544405224214,2.68218107374561,2.127374197814637,2.3380865291646113,0
1.3918133961101287,0.9802786093491561,-0.6130856857813967,0.6278150993429599,-1.0896304851624192,-0.7593431987266469,0.274114683074394,2.62722536045377,-2.032083960764677,3.3657551040168987,0
4.070473224390666,0.5878785421892659,-0.652112311737645,-0.2676593809469655,-1.919124561286485,1.2187189533919176,1.2642858350385406,3.8683747658156515,-0.506854015062543,0.12050373769935693,0
3.2185086616768275,1.1961807450077475,1.2329794971975412,-1.061206753628853,1.1944229831943405,0.6888607994527642,-0.006031592593167767,2.1219801049030402,0.2177859232386824,-2.3842753199435434,0
-2.108413667521271,-2.670737538380245,2.144815443601902,-1.1439728630018928,1.0251401867284473,-0.902741139563986,1.525539782088638,-2.7960685301037955,-1.130660021888863,2.3129578920007265,1
-0.5162431738585094,0.37305463101421965,-3.2677437669487928,-1.07652959590959,2.4440332407157754,0.0427118161233378,0.8377406438319605,-4.0085297483584,-0.600263512209083,-0.3291331648628322,0
-1.3337219280772672,0.9790513718825417,-1.3845700074891116,0.327371797911889,1.3664276845280177,-0.040357538933892656,1.54124634792021,-1.7008629461441198,-0.3778205577984487,0.6335464686355914,0
-0.6905353101628277,0.42837069306292086,3.363701225585638,-0.9128063824426563,0.9491160308725916,1.5455967496951066,-2.4277128654490867,0.9408034620744257,2.1809629163393813,0.3142270232189963,0
3.511234403265122,-1.4180314732324968,0.004904169314577156,-0.29210226735831313,-3.1182690627562746,-0.5742941358176461,0.955279796075074,2.9409186139354326,1.532287902100331,0.008847309530162883,0
4.149855076478728,-1.7567941270349539,1.6242699883734386,-0.4036282512667465,0.15457161104730377,-0.6677277319223626,1.1288430474310602,1.220397408191024,-0.9169067070961417,-1.5253410017849256,0
-3.776038305788775,1.701590404336148,-1.0699835708953924,2.6577194230638055,4.06238080284032,0.38627674930542955,2.951973796833315,-4.452817873896725,-0.6461146341189342,-0.8465245375960592,0
-1.5349092425832365,1.3538740278264179,0.4813897671642443,0.9526522312386508,0.552474278914054,-0.1676305428967544,-0.023869074736924234,0.5396772029243044,-0.5957335174486643,2.6645649397503863,0
-2.475141624856288,0.0491746904220306,-0.29873379285250745,2.025394967767353,2.1544709900007426,-0.5667344849968574,1.76632695908518,-3.2950716851563646,0.3808243657016058,-0.1657289769970477,0
1.4765365684712903,0.8813418733177242,1.6055478257774851,0.8837524193522428,0.8322844845674296,1.6802518613688586,-0.8150834304623918,1.348102195149126,1.9274160634955892,-1.8787989717584845,0
-2.7843162713747565,2.2152964815095904,-1.4001342956427312,1.4926082054026213,5.180162629276279,2.5637720395742987,1.6790655838074646,-4.9953158223683936,0.4493386292360094,-3.018050179131486,0
-0.8845177459477486,-0.07510133847499834,-2.729640576231433,-0.16191317027341046,0.979208989497708,-0.791937990431613,0.9183062420373409,-3.318847369381106,1.8042788888730406,-0.9648090695958166,1
-1.828095651246151,0.5932350579190387,1.4136040201269515,-0.05057691804318848,1.7716732658688161,-0.27197241570478425,-0.6244180944689354,-1.277086473418089,1.5265958591016897,-0.03206609833760815,1
-1.2290036094314574,-2.0401972004016398,-0.959678998732885,0.10522602624235741,2.540579378940319,-0.39229534233891505,-1.5083195482887688,-5.440658157778381,0.7843558279647788,0.18987804310874823,1
-1.5162664470988325,-1.558304474915467,0.0708307586580681,0.7651133402445813,-0.6392072662346534,-0.7090874671270712,1.065207737804681,-1.3326892905315786,-0.2679962187073933,3.003843163561593,0
0.9725268434997497,1.620375402048008,1.5307255460173654,-0.1688283494260291,0.5027492004053561,-0.9529988534903516,-1.0036168969554264,2.235099729632724,1.143650791117083,-0.323937483051568,0
-0.9598610710532566,0.27022865380766714,-0.336830085070443,-1.1078433572053772,-0.9931118058027427,1.2780913767788147,1.4187379930374737,0.9724309306380293,-1.8445801748516657,4.193949747787679,0
-0.08149105084451669,-3.038580884123801,2.50633588085031,-0.7511647158971836,-2.0344971406988765,1.0019026112134695,-1.7155951795994304,0.3180289178035851,2.2127916534046683,2.5513866731777415,0
-1.8040511285422278,2.6448048791274656,-0.038164093783369046,-0.37150963183764896,2.5584141674217604,1.9910005286329628,1.7494045801294162,-0.7428762064577447,-0.16312871839236298,-0.6532348496096697,0
0.9496541053982825,-1.957598617732931,-1.4180589637895347,-0.45566270156499067,-3.258465390325125,1.0040087973846923,1.1542513929850622,0.4995402919845969,2.1385900687448443,1.4502941392862776,0
-0.3874157964479997,-0.17909471510169162,-1.312159180385346,0.051769020663941456,2.1169115327214496,1.7476473836691144,0.31933063102756976,-3.1358329557817695,0.3319943222185179,-0.7414693824810378,0
-0.7288923611571198,-0.12671962275730253,-1.1062772494620274,0.8517002775337947,0.46034623212560877,-0.7193222229430539,1.4941108102297953,-1.340077095661866,-0.8235548855113285,1.5770792415496468,0
-0.4948955132143057,-0.08055191524058769,-1.0580341585092152,0.9057795828339705,2.0361239137310387,1.904550605912568,0.9480545541710134,-2.8791046483804315,0.34061233570384764,-0.9784625360096909,0
-2.07885905187632,1.0095850402087847,1.7615936864599728,0.9444673783309351,0.8107954848090447,-0.19944585894347033,0.7543937294329868,0.3158211685741973,0.3367489160144864,1.4132741495306202,0
0.4698416363462693,1.077410966629376,-0.6706491113788159,0.5174928703692779,1.3227350140938785,0.45735685290878014,0.7575092477878607,-0.49904298775847755,0.4374194655967395,-1.0334468504874472,0
2.740379116569809,-2.0621531687422316,0.9286585753317602,2.0892724093648956,-2.0566747533628305,1.7207034814807267,0.5020876804209408,1.8275852152963141,0.1963343047363738,1.0857317004073317,0
0.734571311127839,-0.2095763621238863,0.08461088486226642,0.7851957211998071,0.4782846039191485,0.07091047867882516,-0.6034866913883908,-0.3703475650312068,0.9430911907121265,-0.038417536256317275,1
-0.06693335554083091,2.747042730700191,-0.9736632172886531,0.17961059914691618,-0.496953093638029,0.23584259681976147,-0.23149490966187003,2.7543478962631927,-1.4981254904359704,3.602632220701154,0
-0.8755049480351297,-1.026849502653306,-1.456277059673953,-0.1930933736628665,2.0337775153049256,0.9789870583030092,2.217771048897534,-3.531614410625976,-3.0751950360203493,1.9094128655120786,0
0.5476535593557258,-0.9871302524784383,0.2883368293577978,-1.439234412428493,2.7791874928128637,-0.4275112460219499,2.445451074499413,-2.9048562216450113,-1.2136925084703085,-1.9152487755441099,1
2.54750519397023,-3.7413562639730453,0.419831691646665,2.296408504426399,-4.9768541092622485,-0.3191840256142733,0.5139712874327144,2.703896868390878,0.06280857565293607,4.359916560256182,0
-0.05552467442069653,-2.6175865342484674,-0.02692822966806807,0.5239228857473529,-0.39776766296107746,1.351498976600836,0.23429086698146573,-1.8932890593035063,-0.5504356194749512,2.4781706257357814,1
0.09964872645735456,0.420328432911394,3.2497060096359975,1.0028860048434605,1.386413187442865,0.51304327247943,-1.9593889170027787,1.079095444660667,0.588509684706996,0.54609058224705,0
1.348927035642485,-0.9887676021108492,0.19299755573713961,-2.175479847962839,0.23671703336840244,0.17733303286047905,1.5430397140671643,-0.3560518945115968,-0.24497194801483502,-0.370472125443457,0
-3.6173626257388976,0.395047939630761,-0.6181832820676548,2.1964627087769184,2.487509801541782,0.4311539768670768,2.649406310713472,-3.70794764918358,-1.152251969826458,1.315751831951081,0
-0.9955272883960536,0.10606956537664602,0.612868491654785,-0.16070673032909033,-0.27188532753523786,1.381384028717565,0.41987546604848036,0.6860517016214204,-1.6880322126268132,3.918479031771784,1
-1.417749325711287,-2.015709660323068,-0.45409583831870026,0.9964245396018101,4.148580900278034,3.5265889319878347,-1.5736181843979602,-6.774698046405041,1.0354669840248598,-1.4994073920522895,1
1.6035933749552496,-3.6368259884901737,1.9140339105626962,0.9206571234590514,-3.044758243219547,1.9341315268472097,-1.394831971710127,1.0131613469605063,2.617401448380861,1.7519937047103369,0
-0.40958267946861115,0.24019421499829208,0.2848407006065993,0.92869965155753,2.123612918613485,-0.08511909194491601,1.2756364220984628,-1.4921594158682558,-1.4317233552536415,0.32624846635437893,1
0.023515577380889607,-3.1652938017358827,0.22063764450513368,1.387910063369897,-0.6346758111158325,0.5612366712563168,1.0420728494834681,-2.2724386702630555,0.8300504438563919,0.8471384281186057,1
2.6742685731072,1.2427321907694413,0.5362759835942569,0.7907076929581316,-1.6706176633969974,0.8530062285418712,-1.6790344995454318,3.525537175043301,4.207922891439377,-1.9441989394332602,0
1.5523360365931271,-0.4347200736316731,-2.7253038422611304,0.12383394005866766,-1.832006015119204,-0.2697433956414029,-1.4657965880118171,0.9968376876136323,-2.669310919693844,5.783015766047539,1
-2.2088905599990913,1.8742647070861902,-1.399769305286143,-0.14706333322200688,2.423425057523108,0.9888958404933538,2.0169154321223792,-2.4688539032913943,0.5959866408908806,-1.0265447234387381,0
2.022426701824538,2.7648812031434526,-0.7559429917008581,0.3146939852360094,-1.848897982538423,-0.6705344571549273,-1.3358501202887307,5.168543854607494,-1.7643047734872659,4.289213488056427,0
2.4386088131160633,-0.04959448952944101,1.0031915606779425,-1.4890734736244529,-0.9872664135461956,0.2776008780647843,-0.676555834923117,2.3189469562472986,1.6932042546026573,-0.5817983058479538,0
-1.886531193193267,0.7556469085947926,-1.1242165968355655,-0.3272594500583452,0.2835619452593431,0.5297818944275465,-0.134831533914065,-0.8190274217227623,-0.860087061722035,3.605089354418487,0
-1.2002113340925349,-2.427156748179862,1.387542193342226,-0.5154819594677256,0.675105898605069,0.9533565762453972,4.080193501891432,-2.3745459922448333,-1.1058163846590974,0.43965697036644463,0
-1.7980175163212753,-1.8409026089708003,-0.7622908473723317,1.3833964641511418,0.8966709368156942,1.5132898122789764,0.6866728664405347,-3.3950424831924373,-1.7122820697864891,3.3483443372801918,1
0.5964981194110489,3.4102446133311513,-0.2751564314339242,-0.30579245814223865,2.5679134938821333,-0.3729372748893808,3.0822646050569085,1.0574294315382322,-1.4765393460965712,-2.023991798831445,0
-0.9646412859045826,1.3419732237688726,1.5737742512026616,-0.20579305378341883,-0.12646374082410228,1.9307020935133599,-1.9814771456275682,1.4521533993883087,2.9545299253426527,0.60993116855819,0
-3.938529285255249,0.3151852648627703,3.9307351136085913,0.16145697195791126,3.1162891416469916,-1.0226002952475293,2.02258655734709,-2.0220066287015364,0.20377255381653114,-0.17363598505357558,1
1.464675377185935,0.6490049954078468,-2.9281022379686923,0.7627390365740687,3.09659539788596,0.9423604079359942,4.55227617544063,-2.6495359722595375,-4.621225103004345,-0.8352880146145641,1
1.1801375481166796,-2.0844072423538695,2.693309850375939,1.198087584535549,0.8870919236902645,-0.6288176324679051,-1.9232000213090914,-1.1144007398435458,3.1754192427454186,-2.1749081668085664,0
0.6418477039675753,-0.3352236749812628,-0.40732752329094624,0.2902080012449887,-1.600010545422042,1.2211413850819848,-1.9501577513581152,1.474989444740407,-0.5241648046150744,4.361474817841192,0
2.254866512635119,2.678681219642134,-0.563760396042263,0.3054002268087419,0.6944105781493823,0.811396866196192,1.861660895324314,2.9413268906381504,-2.5224869384213537,0.3829872999396969,0
-0.3237889232716932,-2.9311431202511287,3.8477639365306113,1.1739250034071689,0.7349539902619685,0.21632099454179532,-1.7859322324184919,-1.4591613667096173,1.8991711633783375,0.25643133143217356,0
-3.258758893477493,-2.502536575028873,-0.07840086938237822,0.3135409449953208,2.9749237362619976,1.0842599389102994,-0.7514967900142896,-6.228113595879116,-1.3801592951876223,2.9146412342103645,1
0.7819902116088785,3.3862152363427875,-1.7566038365330767,0.3820236581775013,1.241705590269094,0.16139005812995813,1.827059826404676,1.607343149354028,-1.933793412755596,0.4139141644980405,0
4.5400935779124465,-2.132610004883454,-0.5645528190865418,0.06438545648644295,-4.510075258406182,1.1128050975674801,0.3384527198362174,3.55240025883556,2.4423640483409743,0.16301155415263055,0
-0.6554917275905913,0.03024899037850204,-1.364781018399647,-0.7132769277917662,2.80164871519806,0.33893817799621423,-0.699324142100732,-3.8598720236866417,1.0806074987475007,-1.3441234627255554,0
1.417517634664263,2.192515198633083,1.4305594235285528,0.708258246973902,2.1513597116963803,2.1893692706548875,-0.3773751503797683,1.4532807884159062,0.3601895722484566,-1.9446601239539567,0
1.814032011058528,-2.664963603912764,1.35597760810733,1.6244415895344804,-2.5220492679229705,0.6991518958581628,-0.6794453593769995,1.5102424551895504,0.7014450029238884,2.4781048775132217,0
2.3601539514654473,-0.18774650619691702,1.9434657417959573,0.6436237626114967,-0.31094526423658875,-0.7243073836343404,-0.08642085753899886,2.384625851596692,0.014282828600462483,0.04316439618642076,0
-0.9407870258404151,-0.6280568331705314,3.1538561856557865,0.20317460943147042,0.41861509025526533,-0.07381273619829898,-2.617842887048282,0.06265333305774234,3.140994926033765,0.2683662230919896,0
0.5510290464518565,-1.469438060088013,-0.3270399039718479,0.5278505993489023,2.497788076596023,1.0849659354342454,1.1894769464394104,-3.7684834033318224,0.6279484428373087,-2.6237927120339495,0
2.04622561307124,1.4358674514853775,0.24464257247047272,0.11634420681804736,-0.9007254767898184,-0.7673838736903004,0.2886153814551259,3.128818393552084,0.769916423613919,-0.08870912031948486,0
-0.29790156950124935,-0.8908807896707779,2.8517308218920663,-1.32216200644153,-0.6943033321152755,-0.6491456923006768,-3.0854834484867317,0.8414612249230169,3.912582217679087,0.45140683291754613,0
1.6916294614935792,0.032982752028793305,1.1699000333106864,-0.958971575927187,0.28768935389024863,0.5448629740750679,0.4156687006655727,1.0425315119804277,1.1041280964326798,-1.3873854422164271,0
-0.5000910489547902,0.6590971840979246,-0.7995070509977799,1.7384980209315435,3.070392882132845,0.04262716623065427,1.5841529089079511,-2.7193709262773957,-1.3815031264551805,-0.7623571310139071,1
-0.9415022063404558,1.920841327708592,0.8669769336333474,-0.22369256943477733,0.502249667544886,-0.9927730745328133,0.9209696639571399,1.451072773969937,0.03813743656327084,1.049443994749015,0
-0.7259105670775939,-1.283241298725481,0.3054602078562677,0.04064761182954507,2.239679222215099,-0.5260075333133877,-0.7659586245377871,-3.5709503634406983,1.1653449013107866,-0.7805039326430571,1
-0.7975909338563761,-2.3825339387685256,-0.32423216184181214,0.132428047651747,0.007904735469447144,0.8848266572064761,-1.5414877538366656,-2.5758691064266,-0.2375995279218649,3.3963711628655835,1
1.6709808429779356,-1.6467295571314362,0.9768067400583266,1.6483409342263027,-1.525141726089327,1.0159777403249097,-0.2599864585690356,0.9311358916602145,2.0862703704493257,-0.02997178461851241,0
-1.1042730067349815,3.16033211979476,-2.4165732725164073,1.068161115184063,2.6610412327294735,2.0115905071141493,2.8010380940407917,-1.2588025872364272,-1.5599466972849623,-0.4945351902690944,0
2.574517493506494,-2.003089758297497,-0.2322940684995286,0.7599157385625951,-3.816444042431042,1.719741251289716,-0.5450633758237177,2.5168020465134378,1.7684984525553045,2.1174307250509408,0
0.4210067796460132,1.0945200863579467,-1.04553720975085,0.7665257735948281,0.40539083540810894,2.225416968911534,-0.08589000619428255,0.3394356026945379,-0.4679388143865767,1.3164253974499704,0
3.29935569846301,1.038638178038894,0.6811794455902336,0.7262775086513046,-0.7905990639591799,1.885581993675388,0.4403594795742164,3.5116519755817466,0.4776884547831566,-0.952831619072022,0
-0.8944624581222546,1.9794480041212297,-0.8130767421254826,0.011068944168420303,1.2948536876834917,0.8483299331573493,-0.07191873558878259,-0.21714066088932693,0.038404725072087365,0.8768356255667819,0
0.7893725270374593,-2.552740593290866,-0.1502115000355715,0.897799156881751,0.33023289702407654,0.14474044607481798,1.0290776912110862,-2.1681569733029886,-1.0298778765670886,1.1020613603647662,1
-1.080748052917572,-1.3197240431254804,-2.0092000930027933,1.2109303909042524,1.8311615113510582,-0.838301857787629,1.4879669808624696,-4.5342504187490755,-0.3296140850656998,0.07879825859887324,0
0.26673480908464475,0.5684604554526117,-0.4277528840049246,0.009424722272409258,-3.607121537294726,2.0317980940972635,-1.206228785234884,3.5087268650172083,2.1967195737137795,3.5355447639098085,0
1.1368355410357158,3.536391554150897,0.5814998634124734,-1.1879818688605157,0.6979648113034758,0.4385872089252529,2.338321962410531,3.9096926267693526,-2.44730490495923,0.7873248551594563,0
0.134599427784586,-2.661484751807121,0.44286193887656056,-2.210264715325637,-3.6845012137528035,2.170667770552978,-0.9567915882994084,1.1742485056038183,1.6623829858574024,4.177680732480668,0
1.2555973158545979,-2.624560059078506,1.0023620602809942,1.587595801913781,-2.6291978095299933,-0.8334901206091906,-1.1848434313367866,0.9615403281829619,2.001483775948349,2.062671475100944,0
-3.9440940551741366,3.7259125315187056,1.4654123832589265,1.6788419427592314,3.879855445855483,-0.4895288520443746,2.951886961414004,-1.1189231474082484,0.1783227559685373,-1.5110074862703637,0
-0.012732508968855805,-0.8600536084720708,3.616990486640278,1.3673348812692425,3.350184769819961,-0.05995860933564895,0.10688370519592427,-1.5166278908774031,-1.169735099729941,-0.8321821894107865,0
0.9949956003266697,0.5590445241449936,1.2257280991547024,-1.2392817912000913,-1.285734186464445,-0.594794163996174,-1.7805326354516873,2.411357437664081,3.235198204943361,-0.057439530443686826,0
2.003124764007101,4.010210796455897,0.7223860161698045,-0.8949259335333811,1.7409584315266362,0.4334593068052943,-0.17635682874923064,3.3151838917378416,0.4738477502150683,-2.2534416522587173,0
1.9852328646641477,-1.0462611792042993,-3.0224226333723876,0.3311502718389835,1.4887887608632115,-0.19632428330443885,1.1776028015642734,-3.109027172081318,-1.0200698296082416,-1.0110648698643976,0
1.1905643145972933,-0.7500263535235198,2.7010207957083554,1.4186311120815303,-0.3763654916820328,1.5884909762869324,-2.421891961435008,1.416354058289944,2.776746442869553,-0.2881239439278358,0
-0.6315025015830577,-0.33204477165847435,-1.9154058749612095,0.20621387639179525,1.651331608588583,1.5182436139070088,-0.32643103860281286,-2.8267773387597206,-2.063729224772032,2.6437015648583007,1
4.179231613455747,-3.6559577180025005,-0.5333998665412677,1.7751289604431624,-2.650237202274987,-1.0206571489692626,2.1581521214591466,0.7225785252779466,-0.32790934396604665,0.2261629344771045,0
2.7245194591724418,1.0628194453038198,1.352932110590538,0.1785203897848671,0.962006844940659,1.6025302195575648,-1.1682105741420208,1.661789957298652,2.57075304041807,-3.3591849511356466,0
-1.4717573188237756,0.7683017893610209,1.5556157287324335,0.09487368749646713,1.3608390345046373,0.4464205047794701,1.5599235530138054,-0.34549947404132186,0.4979956080448128,-0.21680926893796226,0
-1.6573027501827884,3.1029702998532724,1.548107160557945,0.9475517635962726,2.3141491413180497,0.4039959184669494,2.0482419547097637,0.91368450019667,-0.11759755118711834,-0.820484690716678,0
-1.2611475437199475,-2.510794254820356,-0.2566278077520473,-0.4221014133137809,-2.608485384778494,-0.29625949227058257,-1.6265468205258498,-1.338307524627742,4.916082282279108,1.4264958743814082,0
-2.6616281276362823,-1.1559975941560099,-0.16984877067418447,0.8396693147404486,2.7394671395219716,1.680034521089183,-0.6860457576296902,-4.56646046689231,-1.3721097629024026,2.6017596601081876,1
-0.6034125532166762,-1.8007267249521748,-2.6940532705715885,0.3446450683331239,1.2849429689667642,-1.5510070525500943,2.5083214569708514,-4.662233898765743,-0.47212929040225216,-0.16443942544218237,1
-0.06800158158821012,0.8274538405207307,-1.2472383383349803,1.398209821847646,-3.424333941744697,1.118965722298744,-0.6910421231959326,2.9082475782301387,2.268439067619188,3.246992765459616,0
-0.599977868465501,1.2840958860661913,-1.8507013140581026,2.166673018106352,2.7655638944862297,1.2476264978624974,1.3597171500272034,-2.74991695002682,-0.19747702401601364,-1.379863365457651,1
2.882967551518862,-0.12644605957468458,1.6271660064798694,-0.6562860262926195,1.4684465013752668,1.8176032254537389,1.0364493607023766,0.7065589888858661,0.23682282997817905,-3.010371724727356,0
1.5732301108715854,1.0556572803878836,1.460870098778043,-2.6872001084578443,1.1516932717944615,0.8769687548795502,-0.7490217112782905,1.2261982260671211,1.5623650524735466,-1.9589749904933775,0
-0.5154594635847439,-0.13496691666512295,-0.10638638905897413,1.5969388675743885,2.4573701016326397,0.9154760808640827,1.9572319861872938,-2.8054754268312725,0.4079154281670946,-2.087902430438658,1
-0.8962062800705438,-0.6493933467138597,-1.4643936694789006,-0.5649599573170617,1.1461618443419657,1.1611803017558722,-1.4042577425067018,-2.471629085794353,-1.956743646752321,3.8874918067354938,1
-1.4556083252869318,-0.45210778926955364,-1.3340817040053188,-0.32410179951453066,1.1558262297876283,-0.033094728637784065,1.1412212424394483,-2.9377820877542735,0.1959877307452721,0.6761238799718652,1
0.327743633881053,3.6684815449031114,-0.31042365909069314,-0.532748042249418,2.5109419886310023,0.252867152935773,4.181170086517162,1.3018275312731382,-2.092449559561192,-1.836120445649672,0
-0.5458515417990834,0.051370069416865394,1.8034063873726236,0.8521742173446175,-0.4626362780304042,-0.49613594784055015,-1.8062805897314589,1.059908594286736,2.1128131619873964,1.3832101646189954,0
2.580639755266873,0.8443499610717723,0.7008276813115095,0.5579294833310038,-0.6347599926901137,0.052903771964652235,-1.013007141074818,2.777923483308241,1.2467863601605402,-0.43210572344711584,0
-2.8064303483991884,2.4431938229470713,2.45010121206754,-0.9626796656097057,1.5235820557161905,0.5497254796241013,-2.954563573048593,0.6961815890200191,2.72738610387001,1.0764920716668849,0
-0.9305774337397575,1.1534432081516703,1.0830750548022592,1.0809208956594323,0.31365385778802,0.629132699505879,1.3979819127552284,1.1906939370251077,-0.711917975404741,1.6926335911458996,0
-1.5520895748976482,0.7023160710690575,0.5391044774209358,0.19303499101040578,4.636130234462836,-0.13071220308823261,3.574035760036657,-4.360647766779892,1.1882324165120686,-5.267299130931052,0
2.6605396184541696,0.6986958094904433,1.93161837471234,0.47469425605487603,0.3390992309538018,1.5174833902962157,-1.1269913577083917,2.465478862432477,1.3943057759315005,-1.5806439279970625,0
3.482187184444518,1.8840195662847883,-1.2788023133540154,0.6970887872192766,0.4658564772314365,0.66184672156439,1.0783137241712009,2.392087004086254,-1.7202203089756725,-0.5629353779456393,0
-2.4457823390866644,1.0313709276134597,-1.2736368615098432,0.3860560076377383,3.334683587025244,1.1226856957816393,1.668626825667177,-3.572710007519428,-2.3253393898543924,1.3074030484904968,1
-0.6648845775316549,-0.6087693090861481,-0.42145017479945,2.1176289536768,1.3026440505534778,2.3489027799963766,-0.9497374967625415,-2.0566996620661873,-0.9662997800538485,2.284456524068264,1
-1.1723586336371432,-0.1535312214604636,0.8256151020682373,0.06398401166349399,1.7215610576312348,-0.1870621635496823,1.4160097446484041,-1.6070426922582293,-0.7482841552090455,0.5536848852206201,1
-2.0669455427095436,-2.0006803525678802,3.2200787702541906,0.33482033058011124,-1.0641786176398171,0.4598265912103537,-2.9907934933860174,0.05539877634275764,1.696768122546532,4.275562264556048,0
0.6683073033648702,0.5705573259384095,2.4135280672365087,-0.44198576863238015,-0.1944474427050804,1.4525718989681407,-1.5038817484107545,2.5698617638808665,-0.01780265382476831,2.0366786369344703,0
-0.8402852900859236,0.7850345795153004,0.33315594104147184,1.3950191800396943,2.070871052163726,-0.04176929946518587,0.38131558118451936,-1.2129285460397532,-0.7014983645983338,0.509765644296525,0
3.2515836353553405,0.5080800347855282,0.9269159783112395,-2.5204472084261393,0.9127168156602788,-0.29730998012956433,-0.1951594559634401,1.4454615487354108,0.9875874108752278,-2.720362507270621,1
2.0798065442853906,-3.403494555774181,3.1130413709183524,0.9808584904804859,-0.38494495321962596,0.8515840424625601,-0.6742477006797011,-0.028511831532201326,0.6663918713571387,0.1355903128457696,0
3.8002756023833935,-3.213759097398239,2.923774925322013,0.0873353703815351,0.813218892888529,0.14003183464484595,0.36654082187876524,-0.44433735418296505,0.9077947890468314,-3.2194010686279873,0
-0.762553971421967,-1.7746093509136558,1.4987299491276609,-0.09465588153509907,0.9065646177639742,0.8481117162879679,-0.6784175584849227,-2.3559703597539383,2.7644488250608465,-1.0451638148030002,0
-0.8015103021270834,-0.6440042037038047,1.765905212505933,-0.09774746026950554,0.5575979417111206,1.0627126467512056,-0.6697015255967441,-0.5304065313759467,1.1473936875324755,0.838195610969293,0
1.8035927423536906,-1.7428897637472835,1.5380784632457916,0.42267146145834034,-2.5852907969631245,0.8540555414789502,-1.2814159081814571,2.3628562150586627,1.6271824831597952,1.970209364985449,0
2.1399904254898785,0.682170184863455,1.2797161184532155,0.9430343192630082,0.012970922686448838,-0.6840123457798936,-0.9355842350981288,1.9835579130033456,2.2142613231014563,-1.745459617656302,0
-4.005928175753115,-0.02703485128758054,0.10106600452184056,0.2582774117288015,2.8098286251972397,-0.25264615877384333,2.7337994415473843,-4.487743968733753,0.6715800842090632,-0.5395679674524053,1
2.353380024392013,-1.489614744860885,0.2557542771051572,-0.023960251902161667,-3.6494179488314415,2.453187561123655,0.36558460942311266,3.357748652294615,-0.07798170754129752,3.3199758299202524,0
-2.470654425230505,-0.8125813053118122,1.5417930707243128,-1.4397638050803026,2.044346327616033,-0.6359788347429849,0.11795189994744737,-2.768155195730533,0.05767515774052734,1.208720280225268,1
-2.6446168620133554,-2.498834205477173,-0.8973491375718495,-0.21298094414750002,0.07144998446799622,0.7325792611026836,-0.17608382982480653,-4.1011170669095955,0.723868898201017,3.002729976243692,1
-3.5017379762309973,0.2677836796854952,0.3320026769372527,0.7116022219362452,1.0922283173926415,-0.2854010621447013,3.0028158571052153,-2.0261548805997114,-0.3934341037521044,1.6468457986089482,0
0.9171983254283688,-0.5612502350587164,-1.1065620980053903,-1.5553579298524745,-0.6338038011037069,1.6372856643632385,1.162921376195989,0.09568637107255767,-1.2225294341309674,2.0314541569990174,0
-1.0733093275831576,3.5059051914406507,-0.9944561743761563,1.0933554293943604,1.1899035609064832,0.31919470004094297,0.049107744420858634,1.2471597369831264,-0.7429480069968227,1.7460686858187988,0
0.5807567839063902,1.857920211647258,0.9494234269817555,0.05986833920812068,0.003196382952018406,0.5116664941997803,-2.201582862414743,1.9118882266483972,3.9237205462412406,-1.4896948212370544,0
0.7596129407787144,-0.3699972608528007,2.372661750873764,0.4394411483637769,-1.879456848134644,1.0717870551030217,-2.293483264949137,3.035711712285795,1.6117487006385902,2.5879806694484313,0
-0.45427862255887874,2.1257705610558832,0.21547564325385204,2.3387169944126858,2.770075987355788,0.23914923126074833,3.5263958171900036,-0.4848078882809721,-1.4752622541233333,-1.6675333207768572,1
-0.6325352905033583,2.32232192813282,-2.071654967982169,0.8609357086596632,1.3710237512259513,0.3738420272481223,3.038472360654095,-0.21611633266790098,-2.4969692573188667,1.2250812865949294,1
-0.7362036031394391,0.2867044904088928,-3.249283958817833,-0.2621033085911435,1.7335594659805333,-1.792663717604165,1.755578054001952,-3.664953468719108,0.172874871378358,-0.7489853709106703,1
-0.9101791032121779,1.4712729020768531,-2.443824566658851,0.38023351479083306,2.3074360608513196,1.3135036627712087,1.238156859923889,-2.489230726891824,-0.9253820643532037,0.10454109065658895,0
-1.491401685819063,-0.8946709376352141,-1.5856795253700273,0.9597640480166896,0.7554278479786576,0.3369131462416165,1.2122631711356027,-2.846436829163977,-1.2989360171080713,2.535395499990823,0
3.0098586104939575,1.533252264852183,0.11755564089980408,0.45391789958058176,-1.4415491577725281,0.3300734734901234,-0.8534040756646827,3.982427622660898,1.3925019249357402,-0.19200127326880623,0
-1.5227799252306284,-0.49647160946903457,-2.4466430983218292,-0.04820883264529385,1.2475928908595815,0.35422056845632083,2.1120901311611946,-3.230055015758225,-2.7382937913069294,2.9367796320633053,0
-0.6301615593833054,0.22893805664449485,-0.3187916238213846,0.5263287019383343,2.2439973960099016,-0.046553960138612294,1.677943790687825,-2.0743503890078214,-1.4931329152218424,0.21337586007560913,1
-1.1235301773135782,-1.5416673232833444,-3.7187613207389254,-0.13009045503621852,2.27656628368561,0.3166354610127762,2.812644159085361,-6.013652727819179,-1.54416639076135,0.11955321531388435,1
1.8831022008537714,-1.5471073909074367,0.7387094167332646,-0.43014485099057953,-2.1688135014846233,0.7518432850381662,0.05739289513643575,1.7887397297645786,0.9732116093848165,1.3457389480071629,0
-0.3318781585399604,4.087652767074665,-0.0015243282026425886,0.3473576353558191,1.105605646602232,0.41990697142591776,1.7448004951119112,2.6208388754991243,-0.14119013176751616,-0.3891656417843036,0
2.633923034235082,-3.327646242018726,0.6498666930653868,2.285353813854619,-0.6026573702297836,-0.4067088137090289,1.43051238675022,-0.7990325190493329,-0.6526538972818267,0.03836657586976189,1
0.9359506944354877,1.839004241490216,1.1780037140342672,-0.4033136888935477,1.1989347730663096,1.3735261205414133,4.044502570567737,2.1585328680379603,-2.757706608542598,-0.23894993712771118,0
1.9017260208653983,0.27410217106697454,2.011075479947518,1.0811183252689185,0.0039616130627257995,0.17903108309152518,-1.4781757067124626,1.9881426515513176,2.113140977017909,-1.144122728331598,0
-2.4448422588462244,2.611751033181666,0.28324966025058507,-0.6114967753818933,0.8518437406180577,-2.5047265860997054,-0.204405677170577,0.8923961811906566,-0.5264564737958675,3.0499073603609244,0
0.9532429102222152,1.6405053003150267,-1.9658944499953055,-0.4379561953251411,0.7631906655258697,-0.0008182264057873256,-0.19508342457904992,0.2834794465861452,-1.0223818527058652,1.1716240321145799,1
-0.25851276307834137,2.1820715085494737,-0.15288523785296315,0.28932275337871843,0.7717643511528945,-0.5369740714908663,1.037746952315297,1.2820519939252186,-0.8603441452808201,1.0918543667349163,0
-1.2530001308769565,-3.1441031899850564,-2.341035778446007,-0.1809105066308907,0.9106134777015511,0.5213530459162115,1.8581005868985065,-5.342171061037755,-1.774827299625191,2.3921383026976244,0
-1.2509946066797952,1.2901057137875607,-1.8093664973620935,0.5879552349719022,3.899500336105098,-0.8689309351227866,3.0131517050067447,-4.074161270839387,-0.4556936185684076,-2.7660631546886454,0
-0.3298840542242073,-0.06597732041930648,1.725943064605211,-0.23141934050154356,-0.4834161979181243,-0.6939941344793025,-0.805015206797581,1.2519840808523135,0.751288447062651,1.9662260140545156,0
1.40171059259754,2.9710025097519535,0.7857070378534156,0.6956555897840542,0.1521329292316841,0.6623061547132804,-1.6176784814173364,3.3955192061705683,2.0242034339677977,-0.8079156029122497,0
1.9590074819810517,0.3730176118899716,0.017623296406142352,-0.5113139835598399,-1.457721370500411,0.6103798234599307,-0.2638467911890138,2.5522461863981376,0.6131888120950741,1.0683483723395315,0
-2.7697286209101,3.4807158358078043,1.6190331887344271,1.012345973815985,1.7164939492216695,0.5023639017108794,0.981137706987793,1.3174220240373655,0.43777655166876117,0.7011583600358421,0
-2.0425666318085507,-1.5909144816538974,-0.018746804086316238,-0.09095897415869025,1.623706081357434,0.7506532458871902,-0.8189655786967883,-3.479477984781724,-1.69902439332061,3.658432045356058,1
-0.6149103880367531,1.4576965589046522,-0.5255740749270763,-0.523238887909587,0.9683325833027295,0.45309606445983114,1.0629582516354508,-0.16767843458804466,0.27951620032579194,0.08849147039827077,0
0.8476022395185222,0.12963190249421797,-0.032515344599917895,-1.1061611710596195,-2.3224645303306963,0.6044322812310265,-1.4963936761980623,2.321331632547035,2.477160062110758,1.7180448788841023,0
0.9385380270894118,-1.1928156675112573,0.9760445519917588,1.8963662633889986,-0.6952965876050076,1.3596559988441124,0.3626767730602872,0.6165287218163198,0.03988281601199162,1.2824728334897535,0
-0.4791310772748084,-1.3959646233053897,-2.2185298111699754,-0.1657422525613398,0.5228947032480957,-0.4954357814570294,0.17709488778874316,-3.078025745817446,-0.9178261390667896,2.2996873800260063,1
1.9732053987981688,0.8725608877049437,-2.1177023017519567,0.6458346350345268,-0.9431356400319576,0.3106241120918453,-0.8495708151967695,1.5665768804160454,-1.0135474771553752,2.528761730828846,1
4.324165077436319,-0.9355425630463831,0.31901280633507023,-0.5673464013741554,-2.5006599458318735,2.0842542362469425,1.3648193292217168,3.762808503924928,-0.7683520656845945,0.7285102913824535,0
-2.371861886904592,-0.3774870772694082,-0.7656111498919659,0.15907525087116295,4.253063412310815,1.4742811319568432,1.4768740756407115,-6.0909955363563375,1.2840648840210362,-3.008563728208152,0
2.7563553879063805,1.5779164620529138,-3.017057069857675,0.6876483813995449,-2.5639356779895497,-0.7745616359984163,0.027316592043582166,3.793585644881293,-2.375311970840308,4.356140671535106,1
0.18805121347174691,2.2969143305589896,-0.46570572714999914,-0.7024181596390989,1.5233451639716415,-0.5142041604519103,0.8701722612723742,0.6485399615413803,-0.702578205810413,-0.04188635483069819,0
2.219983524213409,-1.7553353841554826,0.829094449947299,1.305509675100286,-2.1043781948369156,0.6460273566584126,0.30765939215775806,1.8476538738652155,0.348815901348828,1.4865013740281485,0
1.0092784524868277,0.36289200748484085,-1.7206663523052188,3.0490245044171593,1.4325213080494401,0.27753833582439696,0.7943631144159355,-1.6746868951677851,0.5004747360322689,-1.56566580761225,1
-0.741224227133045,-2.882605643085568,-2.2121687082422903,1.4090396143058768,-0.6464437699770965,-0.39165175070211466,2.235996758030425,-3.338742503489101,-1.7220365120476546,3.2698881811534455,1
1.8785835098372035,-0.8966725724742904,-0.4365850160520698,0.5591028225070472,-0.7051088368089996,3.555516756338172,-0.7934582742534052,0.5259052643184162,-0.19391923272045208,1.543441236411729,0
4.435381598926931,0.7040259180385872,0.5348536012985264,2.994023753902095,-0.7621865177455333,0.48885412923219196,0.673201533431269,3.4591805021517965,1.0623674594977524,-2.5253401559358117,0
-0.27855308507378973,4.6640593199452915,-0.9225266281087828,0.073706287836941,1.375856423905768,0.036384050695538794,1.6191050597460497,2.665355587827585,-1.7159658492493097,0.9115268705740093,0
0.8048324169088718,-1.245920604407488,1.677878429702882,0.8177087996165506,-2.8683772212953436,-1.0420347862695887,-1.4798077159682355,3.1808419069046034,-0.6291743988532535,5.285336086211071,0
-1.5938336990167117,1.5062099747576347,-4.418770196844738,-0.30962497410208856,4.378430775809677,3.325634866372622,-1.1053744650750659,-5.977453326771767,-0.28542308792940274,-0.592301679255837,0
-1.752148258760521,-0.6552396926630032,0.1845866999778636,0.4051150338793084,2.657320251334522,0.6169187267822763,-0.34589513818234485,-3.5611863699637616,-0.6946728137330817,1.1043963824220315,1
-0.28424994942721704,-0.7336757143230864,-0.6786148467245309,1.1760420396908886,1.5863459429490159,1.1259902729229,0.9642384373980534,-2.777779350567663,0.5787692372991758,-0.9158208307369397,1
2.9529813019003597,-3.226200133741714,0.6893259310833992,0.19538704162743248,-3.540556857283394,2.5487268273608636,0.0010247009512610594,1.887602821936731,1.477690378914275,1.524785441863004,0
-0.6894710860764318,4.108535057520492,1.2600005604176703,0.14186665981651334,3.90357532339575,0.27654124222205,2.785479957961233,0.4235466776733863,0.5246784933764458,-4.2339156528334225,0
0.34700791180307233,2.6123202972881434,-1.4142916982758313,0.43376818463660927,1.0087327482873887,-2.63950389867579,0.7152021763710539,0.9573270858585643,-0.8430639105434384,0.6043684170779975,0
-1.3883634666270317,4.941018316176845,-0.2686405182894821,0.9508187039360476,2.9242381105920274,1.1554765446686162,3.6395593867443696,1.1332123488930574,-0.7996707061015346,-1.9338601928799801,0
-0.194916726734207,2.4649060969425762,-3.1038563710578644,-1.250325459958217,0.6491273793013494,-0.7531771327544764,0.16807004116372914,-0.0332575382831764,-1.044482086559233,1.964895795833812,0
2.8513810566364355,-1.8206072638517776,0.5368055234654131,1.5402183051671865,-2.735600962655553,1.242577159078797,0.7990300466846175,2.6740254203359464,-0.7081063699336877,2.3833027678493277,0
3.056344997812159,-2.1869526088629594,0.9079986430580439,-0.3776049590530943,0.9903044185259994,0.2632520042679986,1.3153960764206567,-1.2631617038638785,1.0978507718212902,-3.554485053256156,0
2.605239516367131,-1.5061759691929213,2.1858091731260343,1.0569610170070192,-0.27003990643114417,-0.28067689673100404,-0.9028686274903525,1.1372185480137833,1.417450048038313,-1.0075284514764267,0
0.8565378074298279,-2.7709591842612613,1.9785354751964817,0.8035396107489713,-1.1213517275703544,-1.3043433890256497,-0.8272414954501387,-0.19503103755408968,1.9539899912835095,0.6570278926513442,0
-2.856137429325171,1.667902661427779,-1.6917688276667326,1.6824126473398353,2.3230487938450306,0.7323826938850678,3.939136477979196,-2.419422466050385,-2.794374479132328,1.710864081168606,0
-1.4023002694744675,0.8751728962197809,-0.7909973880398408,-0.672275968031702,0.9072746993133207,0.8004629913822454,0.08257683023195772,-1.111095668004129,0.2417707529298584,1.4015912251444291,0
1.2477269448704975,0.9922941018259387,1.6659571185060496,1.0037968166498694,0.04475367753490245,-0.3285395446906485,-1.376449091169388,2.205785576403174,1.6553570638395434,-0.32521152904927075,0
-0.33183208181450796,-1.1223572098387575,-1.9768549355003406,-0.3207054716286075,1.0734354002595237,-0.9649176167653534,1.3744718048059612,-3.289709526210488,-0.3086587043834964,0.3100287789489796,1
0.39901691631335734,-2.9761122798903745,-0.01120929198077103,-0.15985251355920516,-4.945696535932823,0.4568520236913941,-1.2609740163054513,1.5808408046428917,3.521687270791943,3.6511785849426786,0
-2.9739510469562545,0.3855159441940844,-0.5570313394599592,0.08961716328400232,0.8393298233957622,0.052514369455540055,1.209884305302377,-1.6850142625117188,-1.7244205055485575,3.8938955917069396,0
-0.13546685116292345,4.283666720715714,-1.8654657030874384,0.8331048508627343,0.7958592638821298,-1.2264531180765896,1.4329784936783518,2.4787774541917287,-2.3017561727584526,2.112699417673625,0
-0.6591278071885244,-1.6867420960269848,-0.5091330534336594,0.6138466798538793,1.471362436861578,1.4683429550649492,2.1650887474502745,-3.0241611531410437,-2.6208695465416434,1.8915252893015428,1
-3.54325429144192,-0.6691967805012148,-1.3459548615826278,-1.4121297461926274,1.311880700363918,1.1751320788505923,1.1663334509681973,-4.127969449039424,-0.1357106457076369,2.410656988560021,0
-3.491155085778104,0.9960101031756536,-0.2838743927555697,-0.7222523769413801,4.514814035802912,1.4269866542307383,3.8301455472493164,-5.201110453643994,0.6160496151528673,-3.2635780414603546,0
