tenure_months,monthly_charges,total_charges,num_support_tickets,contract_length_score,avg_session_minutes,num_products,late_payments_last_year,satisfaction_score,competitor_offer_seen,churned
-0.8174954238116926,-0.24433921089013066,0.5615380102500549,0.7067096017860371,-1.111545855898452,2.207567536387163,-1.2412116559419497,-2.404480375849398,-0.12899061204362816,-4.182744815819223,0
2.642960741004047,-0.3010286857600334,0.06680504942136833,-0.02181879686992613,2.1057717006684786,2.097457815426306,0.12621846762010605,-0.8803355372461796,-1.6566847127098585,-2.0133616376214047,1
2.004662980884957,-0.12396804026931554,-0.16920004991082038,-0.32410908299910274,2.334144930606503,1.9464781681804482,-0.9084700343013888,1.9317437322210687,-1.5185418388460463,0.15965587610634913,1
-2.100123322519967,2.142007590752488,-1.8270716765448993,0.31816394347302285,-0.530464784195994,2.7450547207769587,-0.2250322689615891,1.9322573531206704,0.27239930517160316,-2.168572047289051,0
-2.6276294366293738,3.7221543536334396,-1.7480391535589868,0.2798413049071018,0.5812438895414789,-1.935221342113187,-0.3435382254295648,-1.381724871780321,0.7392458253648089,-3.589889315604167,0
-3.6322653674607075,1.40792425949062,-0.6784258170722672,-0.5372890108923895,-1.818472443658773,3.106981917358495,1.4120694308092794,3.364688139903619,1.9449801577448693,-0.3907655419888221,0
-2.4339580860533445,-1.4293449508612917,0.21500669265121763,0.6004330767310017,-2.6771716849178016,3.6129990544501256,-1.3047857514585275,2.08902660919306,-1.4448676759639743,-2.0546721488872484,0
-4.276113098302309,4.826917576255578,-1.6927937573751741,0.12973574103081262,0.8432575153351345,-1.8492539404771446,0.12367644248041414,-0.4355711628653933,1.5108266130759693,-4.340146874856249,0
-3.2165997592189335,0.2606206804120717,-0.044113980397881614,-0.44629511151431916,-2.739123355320877,0.42053260489701993,-0.6617404082330068,0.6256406605573878,1.4405460069306852,-0.3604681102704097,0
-2.361610519124192,-1.3817724042405464,1.749512624658037,0.12180132231336971,-1.3908598182283194,-1.2291595977903431,0.2998304641277433,-0.07931191862062548,-0.5947773796853557,-1.0369867142364444,0
-3.8689006900456615,1.0220196348808452,-1.0033012230599243,-0.7768115290042346,-1.500450610891967,-4.8954445646016636,-1.0969834436330042,0.15562225349896797,-1.8327013306588458,-1.2740163194156422,0
-2.0906417252124627,2.74112166700533,-1.1024243944453063,-0.8186667372001304,0.6156540934412928,-2.624400612549474,0.2651140053814113,-1.4876482227372232,0.25699458844475265,-2.795102941586932,0
-1.8238650579117428,-1.1580671769812039,0.20593149464222305,-1.1709308154216498,-1.9441929150388617,-3.895457414474725,0.08401354812172958,-0.707170284624568,-1.7424180917220609,0.2364566873042655,0
-0.40326642524036355,0.4228358640297962,-0.7737824277989737,-1.2990890349254696,-0.7669642871786639,-1.5955234068270394,0.08726833879680854,-2.3269235663274968,-0.8997264876682957,-1.9485831013421748,0
2.47344810825712,-2.39565112397818,-2.290757496059581,1.907264424339979,-2.3192540341586527,-1.0489211588712641,-1.8276641289158875,-1.3504506993566225,-4.7309662374024555,0.6168647982130409,0
-4.731481038816209,-0.5443274589880006,0.8452845047596296,-0.37291140409460116,-3.5026088311130623,0.20840249245006703,1.9251288835335925,0.5871187542207457,0.3681208519824595,-2.031102516241623,0
0.5995270728787794,-1.6842381333638736,2.323616685500494,-1.710808116317977,1.2480341531069923,0.08563212864907044,0.3087628210367523,0.3650441762211116,-0.649197582691345,0.027794911300535574,1
-2.037193033089659,-0.2770005456360982,-0.10642524266258224,0.6509316224999498,-1.634133143933381,1.0777884396402386,1.3819493215339949,0.7853377087686095,-0.718079877334605,-1.5804636710626456,0
0.02051641855762712,2.278722660964333,-2.6427997695027803,1.7174444277975778,-0.794048888190652,-1.1273376166531124,1.015420414977007,-1.6757403902576637,1.0705565564912694,-0.07025878003771147,0
-1.9599964605448539,1.611584336677153,-0.8717043937286579,-0.4588055765275088,-0.4767014355596788,-0.6259920113183236,-0.2786408421585792,-2.2524707326955613,-0.8313237301279124,-4.6584576561118,0
-6.331908964855603,0.8044484979130451,2.9078544339461367,2.5189502068882135,-0.4705227349619633,-3.8655336227447328,0.1267384339908734,-0.21126426302145052,0.7763649881719528,-3.7630804490620404,0
-0.536552887440139,-4.617620593738323,3.281893316333444,1.316545772622688,-2.4566855458094645,0.901778124906057,0.2016662474867759,0.6828524529222902,-1.1200099410725328,1.2800631599881447,0
-2.0072008393613174,-1.7932244657887162,0.30302435251448434,0.24400606314279952,-3.67825881158691,3.2251795286400258,-0.5117960136519804,1.4575696691671203,0.15674587550232189,-0.02378887264794849,0
7.380472414060156,-5.27525796355568,3.8096619840700168,-0.8499599239738012,1.785377266039538,1.3768819931517198,0.7464576218021075,-4.388496075976843,-0.7844714771131713,2.074753973330859,1
-3.202904472569055,0.3957888136952685,0.9770552342841827,0.4876073675611219,-0.4870046643001108,-1.0594723265555572,-0.9369858735084841,0.8963285168633034,0.10946869333649456,-1.5514960190819997,0
-3.1408484471684037,1.5086647197326906,-0.1479236588142363,1.4509763229499846,-0.8630211616851137,0.3653122758785914,-0.39545909670452917,1.1939075345157153,1.4893427770051701,-1.1409979656071558,0
-1.548761657120904,1.1317605499777106,-1.415871318855804,0.635233021854534,-0.5864877717109787,-2.7765528174276586,-0.1508610267853418,0.5460046019656146,-0.7216214969391923,0.39166576050007507,0
1.0037786538702738,-1.5252176565821436,-1.2183157764493984,-1.0222985140338425,-2.088911443626273,-0.45935581370804157,-0.45365405676930665,-0.5720063843221727,-1.9193221066255226,1.1310860037030386,0
2.4687483692395693,-0.5129771598057103,-2.351277706386539,0.08836708210365136,-1.2920247236577858,-1.7151783992092775,-0.6600757331006435,-2.7257198626567956,-2.0952680210150545,0.5467121647702533,0
-2.7329678709421827,0.6961976491541718,-0.11330495267714058,0.048155554219508956,-0.5419584938553689,1.7490122232525354,0.9676113661221987,2.363316052353417,-0.37813531535430545,-1.8925230762770204,0
0.26326889871482945,1.1637516557550578,-0.7642136851803873,-1.115929614872567,1.4895238522071015,1.0279714636101438,0.23212204880842066,0.5105844717036816,-0.9497870239709205,-1.8552702374111156,1
6.326973344101877,-3.930469065890507,2.419672368758318,-0.05775249725132784,2.177239289513765,2.187737554796394,-1.24142282750771,-3.890352703291494,-2.605903352598199,-1.048331648549577,1
-0.5262294880360457,1.5993441631957082,-1.2703485818985003,2.6618594440746413,0.19589886693563052,-3.528388873638508,0.46485198087037755,-3.254482746780134,-1.0921371033829148,-2.7180328286330844,0
-0.328530505347238,-4.273609778680997,0.36242391500321003,-1.2321846779285617,-3.264983148685429,-3.4280933684249684,0.6791173315494465,0.14720122943882252,-5.073947000234844,1.4992708213815202,0
-2.792248638296041,-1.5100891671014567,1.3409049198748442,-0.36634332058951224,-1.7768389766102333,1.851097405436633,0.9308201250373191,1.8506346629194104,-1.2068982799158672,-1.8655347433989569,0
2.1279708624683056,2.016231656644786,-2.562973637420456,-0.5862355743997301,2.8959564274499114,3.185170445716359,0.11898642139500626,3.775557932492414,-1.1360318019561144,0.7500575652267073,1
-2.7921587708129225,-0.9216033139178006,1.0308621372626061,-0.9187074761481279,-2.527028476450049,-0.01621005232875139,0.5615768839160554,0.022302042406406875,0.535337891708318,-0.7584685322286568,0
-0.06061224539220225,0.1907877579987648,-1.9477678266943714,-0.3687675453051798,-1.8827144027533245,-0.3211444922771953,0.2616325646189695,-1.1916150929860752,-1.159384934503682,-0.709618080876738,0
-0.41040088691806054,-1.4497036234361123,1.7187573114847776,0.3547999477473889,0.631304455993671,0.043503515076922294,-0.7307838340448287,-0.08727236057888943,-2.1034623696433297,-2.235191673828719,1
-0.07227270434080707,-0.7159316373520959,-0.6395634341294045,-1.3153186036454003,-1.5059246769217798,-0.42897162234901876,-0.7515840805645901,-0.7375133351774001,-1.116634327659962,-0.205934910388053,0
-1.7892803761788776,-0.030867092965726515,-1.2803145851910334,1.0508170608367033,-2.1642930176972808,-1.3442428111292364,1.920061679566557,0.9606866947743509,-0.941510071663721,0.687383917610046,0
-3.9491648964134494,-0.836735310594179,1.2879045410043597,0.07009895894239775,-1.8417420882038336,-3.8863347465375173,0.2414524250402884,-0.2786938645412994,-1.5005962936595,-1.626714694767831,0
0.6226333805967901,2.789106549716655,-1.6436792782102128,-0.8931142316154002,2.645086724685096,-0.13486556589775645,0.12124469529590592,1.364596912896193,0.6020407205649865,0.2494863361818247,1
-0.5290144428133646,-4.365993781687173,2.3188614075765765,-0.6876247190613484,-3.1923576143864008,1.5274190379266375,-1.0525089108060393,0.40506722052012367,-1.4957416548061022,0.7237143750247002,0
-2.542103321670767,1.0316775591345524,-0.27894247464941846,-1.7272951786664925,-1.3712878837803268,-0.30335460395959213,1.239479443746453,-0.5888921671452327,0.7906395323640065,-1.9072924818375991,0
5.166721912726304,-5.2619731394119365,4.715377634426803,-0.01653358959765406,1.7908882460871154,2.5584973303180547,-1.2759665695146472,-2.7650912255366897,-1.3118472185460628,0.0713874477958687,1
1.5502803575355337,-0.8729271655631139,0.7930423096912094,-0.4444299967257112,0.6411115188270478,2.1309760438529803,0.12871520125984065,-1.267146424306417,-0.519096701604923,-1.6882455077576215,1
0.1749892737295274,2.3569639747957645,-3.654408979734067,0.5481655589512324,-0.7118373926701163,0.12103298731755174,-1.2317197026688134,-0.6006066584787269,-0.6983269673155497,-1.064588126267783,0
-0.5540298835603077,-2.3530381425467564,-0.9793871823026962,-0.07229899956289268,-3.573546087248071,-0.866842401323159,0.7018220302806755,0.943924328617058,-2.286147299394716,2.1355162643291052,0
-0.6521479718216091,-1.0667981866697698,-1.177862091819322,-0.39903500315560303,-2.2340280890641733,-1.7461577427871142,-0.057243601034954156,0.1247642715770958,-2.238459819018498,0.674989087454388,0
-0.08629198585784521,-4.426197898959664,3.269960337401983,-1.0146606870945887,-1.7907113769709055,-2.163050155029853,-0.20762913652587592,-2.401151604294488,-2.635104491815379,-0.8336735989836949,0
1.5789966453723265,-0.04713112681564749,-1.139947378463444,0.7762359884828354,-0.5334772709416779,-1.7267328412053708,0.5736437931365846,-2.547039426869903,-0.5810182498477596,0.2808183308518797,0
-1.0047233200224353,-6.002756420616638,5.3417250433384105,-0.3113366534471879,-1.9994793266318491,-1.7060510359775005,-0.004348486627184031,-0.31825299656149975,-2.0519465080820884,0.8714492744323183,0
-1.0692735993797964,-2.4792295740044143,2.033364866393553,-0.5629827138769333,0.08209366908386939,2.985511569138267,0.5948410212322582,3.9829815677875984,-2.327378320307912,-0.4506682520969505,0
2.6629675072468593,-1.331019809385985,0.925037181184847,0.02753380967865958,1.1804231056578582,0.5670047798654301,1.3951673934928166,-1.6339361414506177,-0.8544248379688298,-0.2567271231962994,1
1.8189723090753958,-1.7437995004240048,-0.12698967270988548,0.989184883976036,0.32152064839773586,2.891348839757539,-0.6240950503889459,2.9738622381027913,-1.8974585617376385,1.7618844097344706,1
-1.2014926948662115,-0.6294226823958771,-0.6070211908583881,0.8050822384378519,-1.8569981042109855,-0.6529327986506877,-0.37854285375546254,0.536953651617502,-1.0894946787308775,0.23829930132572286,0
0.1574412106177156,-3.1289923803463195,2.1426742548949624,0.7459322245237815,-0.5517587893681952,0.3977244828286902,-0.13684317485809858,0.22458874787345795,-2.5525186245325875,-0.7247823678377365,0
-0.8085919831463552,-5.400004813165204,4.186327684234519,-1.9624295127285525,-2.7298350984534174,-0.4433548578247466,0.5351210087995322,0.25676357713866205,-1.1320786459544403,1.827946511911465,0
-2.0093563871263886,1.754727935943405,-1.2841439186749493,-0.6651885407333455,-0.33368941180340095,2.3114209628010305,-0.09687672718933386,1.7152257385469625,0.14251469011983842,-2.129790262957311,0
-3.508135676599985,1.680369342410287,-0.20105399385669886,-0.3998104945533078,-0.4694014021017341,0.7493868022765044,0.37430906618985604,2.27587861355719,1.0415589845132978,-1.3440366570439601,0
-0.3926999279824583,0.4583228634205714,0.7793637123227293,-0.20352239771808517,1.206593607348491,2.2191082804329034,0.27866845619765995,1.2547924254503244,0.5965952936117815,-1.1576193148745346,1
-4.184472129149725,2.791491788478845,-1.1554213915196936,-0.6184311671945354,-1.0820208236120745,1.052575337735424,-0.6501290434271516,1.9030024218070896,1.8895277461891244,-1.882814423212187,0
0.7428151096837451,-4.497884826378715,2.824004030351152,-0.16515412302837496,-1.0468068207043444,-0.5845864727902081,1.5363175738180468,-1.5398202935425491,-3.8872398875605976,-1.5555703981020035,0
-2.639436158589538,0.21878917693082564,-0.4904206499632714,-1.6270717152454592,-1.8343039334579843,-2.1774802925031675,-1.2284587785510324,0.42968356603739655,-0.4846008076043653,-0.13880238651353316,0
1.85272612322135,-2.2942850192362747,1.8862794046419946,0.7807560023881039,1.0553908148987712,-0.6653201869694056,-1.4284811266467767,-1.2553302550880596,-1.9953208411080285,-0.45904153337841314,1
-1.8428197430242252,1.267185156763876,-0.7881819967531499,-0.24588476223327474,-0.5070297123930528,-1.8798212837444686,-0.0979018359244179,-0.22905452208238541,0.013086629133435057,-0.8786393511396555,0
1.184458073940036,3.9610971111297104,-2.8427085205667475,-1.4802674568987817,2.9833495037798636,-0.5272739079912092,-0.005536359166269422,0.6478649249432568,0.9578201500895025,0.19607932196708,1
-0.21399579341586164,-2.9517024703472017,1.7582847664425998,0.024923486154200765,-1.4920291498059381,-0.8694068469615706,0.8199007767588492,-1.0083752704564874,-2.181934990749909,-0.6429669624817342,0
-2.9149141121512034,-1.1608581376635303,2.856844006774724,-1.0166743760211148,-0.11754523397579875,-2.3463583957697534,1.475133657032921,0.5429253126066724,-0.17177230258764842,-0.8121488376342134,0
0.3919675888232314,-0.47802278668576115,-0.0974726158302126,-0.15084244156657395,-0.438008579473097,-0.18906563303213786,-0.05101156810368099,-1.5657035323071682,-1.0459815504358494,-1.4112901906513668,1
-1.1499741836299275,1.2373446164575974,-0.15147639099628174,-1.791861740272715,0.8785752431539542,-0.6126335638326643,-0.9558141825915508,-0.5770873953452162,-0.6401712273634519,-2.7507316292264816,0
-1.204978016071296,1.6374985304247605,-1.9234711308117416,-1.048646146094058,-0.515576912543302,3.13276465280264,-1.0688700877382575,1.6089830639656242,-0.30578930939815463,-2.1134559320004342,0
1.4513365613977427,1.401679460577055,-1.6175566024405645,1.5103291698137273,2.296971922672565,1.3675029804399643,1.8086630283267988,2.3789118272776406,-1.038122553404429,0.45788373059469567,1
-5.264904423295584,0.6357807084199718,1.3797007366802512,0.8280582241056257,-0.953295122514192,-2.4234991563112582,-1.5755767491799884,2.771891354359027,0.7757986266090093,-0.20925216606631503,0
0.036270278814086614,-1.209549493004213,1.9834287923115053,-1.0313628176412637,0.9453391866136998,0.6101336288862165,1.1418635102837786,0.5469842387504629,-0.33517194322728916,-0.4407178656180841,1
2.818258990234604,0.010892369247528136,-3.4522984907359446,-1.2230575838913904,-1.164180399612065,-0.5919822771702182,-1.6982998317104556,-1.511133750612857,-2.4150880103555856,0.9452024098417322,0
1.3780732640424722,0.8019997572228945,-0.6420101819662682,0.5617634898810563,1.6690991087660745,0.4209965326839117,-1.559087443681418,-0.05742940064870905,-0.5275877825158939,-0.5114934298434992,1
-0.8153435585765553,-1.1988580332536585,0.9754540965713829,0.5064244969473461,-0.6333276029491411,1.2495635977535962,0.5632918957711972,0.9718898097553303,-0.7739369185392628,-0.6721259450748174,0
-0.727516758465221,-2.5392579017936363,0.6772653521668315,-0.7695025565184669,-2.332374425979819,-0.37737755554775587,0.9631323620651993,-0.9484722703156627,-2.7830100824901867,-1.4688221745436312,0
3.5378022777942966,-2.0809299149734275,1.3099962949524535,-0.2609893343880085,1.4645662064903,1.127996690129126,-0.7529218691023348,-2.187538334800653,-1.724158913910963,-0.9200440508653221,1
-2.14484823060068,-0.5102008265592416,-0.15446367230634617,-2.4202174714597056,-2.089821101993902,1.849813817722104,-0.5181652898279008,0.7979437457002501,-0.8737766590313955,-1.9862667383064743,0
-3.3908752103114983,3.8684636552054568,-2.555408003060421,-0.000708643832986225,0.6924152400025299,3.00700927183091,0.6705599911926691,2.707708690550008,-0.6112093154675192,-4.8250241474833455,0
0.5760922526224213,-4.865546598632114,3.0243212280505616,1.0048312570109361,-1.5606554920660418,0.6006210377363057,0.24460917181047706,-0.28670286056918903,-3.107961366920481,-0.2908619007025919,0
3.4109536002672742,-0.3848275583769669,0.38266422564228597,1.5866519998435806,2.060112642570397,1.6735053946497105,0.6272412210909549,-1.0334923881771616,0.21834920731479612,0.4122832670819714,1
0.14425622572020008,-0.4223954056795766,0.5887623468418043,0.20150574625135806,1.047473241172257,-0.7998033371577427,0.7906010971403166,0.052953094516412724,-1.5976521126556114,-1.0206531833459958,1
3.520454570618657,0.42265074081505233,-3.5546224632109573,-0.8103141571972697,-0.9177674020934208,1.3150019602743468,1.4884708301231753,-2.3997771973362068,-1.6178475747401015,-0.174302292060601,0
-1.4538110851580068,-0.9211723849043222,-0.8130965168225197,-0.5660936752977537,-1.8613846264668248,-3.491030387199235,0.4093475302488602,-0.44192762738465374,-3.0609053814909157,-0.4563294254151965,0
-1.162508428561561,0.892300178464767,-0.6336920666686605,-1.086882306594355,0.8352071408649457,3.6878159524042564,-0.4464547271529116,3.954576440436594,-0.7286326526194271,-1.1175114871214742,0
3.3752465261227576,1.9174069014617448,-3.8186189929910666,0.39334651602644144,0.595798090428139,-0.46591131410835906,1.6190162459976305,-2.3313283049580944,-0.8736206738334121,0.19968641258976905,0
-1.1413546894210014,0.21012350943065553,-0.2806213112240227,-0.8536480466142033,-0.6283962252946373,-2.7341157386952704,0.936820043574258,-0.9293876675928436,-0.7847742112888139,-0.5068597891073469,0
-3.5837941370573594,-0.6770517860807471,0.755130138609647,0.30028689158750516,-2.7371758404598565,0.07353888328307523,-0.2830155277044124,0.27782308577721526,-0.1428403020003426,-1.849155944262403,0
1.1371821217128217,1.6096260028296145,-0.9134244464998194,1.7108486562463705,2.5129437373557417,-1.0113743211811488,-0.19478336911460775,0.20893782248025938,-0.5620506818443692,-0.26939594907449727,1
1.3408111376343796,3.805445265068168,-2.174528807614295,0.9374475151515372,3.3186804485660346,-2.1436490045575334,-0.27594772280400914,-1.15944923930051,0.8745599216236974,-0.592602403443705,1
-1.0610199472440516,0.6766503913513456,-1.2794076736374778,0.5513676992826408,-0.7838927449249616,2.951979203140893,1.2077764917755949,1.042416738642174,-1.0995308302626297,-2.6074825281046667,0
1.3233294649369602,0.16188009085090568,-0.15707943308837347,-0.6528761185843388,2.7006165024878506,2.3405837847393927,-0.030070617039738255,3.2827981405749194,-1.7556721987194224,0.02776469625712008,1
-2.5677099862663537,1.8953784891966232,-1.385434280215423,-0.9064961190764659,-0.42144694118713444,2.4016262786133225,0.007031797849549579,2.3692237663974733,-0.040482119885755674,-2.2501230998549326,0
-2.6681918534929685,4.575622880887091,-2.996863632209224,-0.3052382722524012,0.010103020549746766,0.14005663177383432,-0.1801653737290823,0.49804478425650034,2.125427292266611,-1.94736430722589,0
1.3343640059858197,-2.6731098609632444,0.7398624050582717,0.270321245843369,-0.4747710783825272,2.860706687167193,-0.13167378245531886,2.091596986964074,-2.176058640195234,0.8784237103431856,0
5.977134165262389,-3.5193627851797458,2.4515544328724026,1.5499642270042344,1.8219049461285939,2.7184066197229955,0.9378722573730295,-3.549459771659753,-0.9884125208414684,-0.10739561167010447,1
2.199116279020453,0.5115850271411441,-1.4089122017605145,0.5785925349153894,1.1846182969598045,0.3078090962821832,0.3921843100416817,0.2412742343629487,-0.7712533644508932,0.9754923595623897,1
-1.766928642163939,-0.8927878634645476,0.25442175251402754,0.6169688394565827,-1.7202465536381095,-3.7670682537412756,-1.4101379750174814,-1.7743921352689311,-1.8620551793504667,-1.1695969651300024,0
0.11793688851955385,1.8283040304129177,-2.738404113524882,-0.6932108275328333,-1.104963510182904,-0.5979971036867259,-0.8711235646338105,-2.198567937575932,-0.11501945765560062,-1.439964154507785,0
-2.667294682932964,-0.3546419208054374,0.22714023564915653,1.620111605006437,-1.415263822530986,2.177467866441158,0.8553512070010864,1.973127577138794,-1.0540192869715634,-2.209404626572067,0
0.2905695548904663,-0.6351681327592743,-1.2268333645665135,0.0816370377195467,-1.92725635720423,1.018328663581995,-1.00297265696322,-0.5802360993346898,-0.9955033293930365,-0.303785619290328,0
1.3735475255457736,-4.827585829359448,3.302584804358328,-0.5259720594039843,-0.4738243468365634,0.37398024709921984,-1.0029428030900815,0.7658487858909315,-2.5856348063144385,1.47163028365769,0
-5.478592168447986,3.2029938850806783,1.413480189415032,-0.4003973447357812,0.8063736839041498,-3.15808918868494,-1.9517072963854334,-2.805929275798407,1.2963519537771702,-6.937120062706484,0
-3.7846291005747563,0.7760237774015868,0.22211775022092284,0.4683579229637297,-2.450811689591549,-1.7022622347451382,-0.39328413661381123,-0.9325140003655759,1.5034941282022003,-1.345676331177744,0
-1.5681129216208678,-4.066608906019176,2.384361688739262,-0.8250929733350166,-3.735295588790021,0.6020390439175884,1.7263353104565862,0.17330454188672328,-0.9995456299621103,0.6548142057659647,0
-2.727192807701958,-1.9831093191393323,1.7180096953862996,-0.08238928755214436,-1.747152358075044,-2.996046629260459,0.13077868197977363,-0.6227912248853855,-2.4069732783610385,-1.7403754932060713,0
-0.6136037255705302,-4.054495329776375,1.826908221509289,-1.0227782409877522,-2.5516424709697745,3.1570136081348843,-0.011168617279531112,1.4400272162127359,-2.8974786225241616,-0.9873131552300447,0
2.549701778688243,-0.9793768479295032,-0.5943439608366625,1.155994453672315,0.22580567449916056,2.273309813663899,0.3976168340531924,1.0730750784892533,-0.4232098075718034,2.0566376524228507,1
4.741963864413103,-5.7249903044701345,-1.777275301610692,1.6490004322095015,-5.240317962720454,2.4714116985644172,0.21178432704553662,-2.874711079622072,-5.082411760425104,1.5101897468659766,0
-0.7671195286016524,-2.7897559282991815,2.0311291035082926,-1.068507632151937,-2.2278450163101615,-0.7029802842025521,-0.7548585532025398,-0.4944114931429806,-0.08576326297371906,1.1665344160073365,0
-0.5731973958670855,-1.0475320825504615,0.46053990330788674,-1.0524419266144223,0.2011250595180878,3.391133846821561,0.1540289307324705,2.7072741332119805,-2.238040031020324,-1.8091622001467371,0
-1.367751892104281,1.195919797973679,-0.16378019635603813,-0.8076692668884292,0.6361899597449032,0.38267875580054866,-0.6063122569782615,1.3826644933936998,0.391919673066925,-0.7553307793143509,1
-4.838919470627935,1.0261663160934176,1.3392405494504063,0.6635869591990954,-0.4669339010612692,-3.3631345396617403,-0.6796913292586281,0.6471991592110291,0.3869036291756962,-1.9419274955071537,0
-0.7813376140064128,-1.4930093123346864,0.07810338410462436,1.3046027033473253,-2.188476886783048,3.2124945376080913,1.276694199339649,1.5049180733055953,-0.5796772611507779,-0.22094934641051445,0
0.5730488307956242,-0.09303391899904959,0.8007655042274675,-0.676345992474177,1.8883338258814482,1.0012706400653613,-1.3680479592177142,0.8103029225344969,-0.9393924968390569,-1.1740785702164143,1
-3.5019438497936695,0.324091426023656,-0.5094424250444718,-1.6211363541203592,-1.8687009977425513,-2.3639724775894013,-0.05126961473433782,2.2158276143736617,-0.45106858604801225,0.8827388174987698,0
-0.16958522181715655,-5.238057727739595,4.186741199172756,-0.9281862007635379,-1.7512011191845562,-2.073707287052381,0.5952383640551641,-1.275898395607514,-2.325909763561114,0.5365871618965317,0
-3.1574684617034414,0.17633040983026216,0.35516786371244335,-0.25704302607853813,-1.0970125076171384,-2.9440856692987483,1.3915523397616159,-0.2395606282032512,-1.1706854475308812,-1.8429975577562039,0
-1.6700028350190335,-1.0578403877866682,0.3876885152430165,0.5004271790888933,-1.3262526537081851,4.369790654191305,1.4932415594721045,3.981072682823585,-0.43025271012963784,-0.04277121657205285,0
-1.6081804270410944,1.6367894944291321,-1.0477204137691312,0.5059780150403742,-0.7542353047270518,0.4510448992130245,0.9723959017278606,-0.058660869043015706,1.1305549945727003,-1.1567003188267866,0
4.339091388357422,0.05293157596460969,-2.956937671630505,-0.8247039091345449,-0.2362749186675127,1.6455665694914927,-0.11283198831147859,-3.178502372486602,-1.8311346293022897,-0.8257570907470215,0
-2.744033268365067,0.18305362371844813,0.0886427248595838,0.2676210525626648,-1.361397850422824,2.523315327769034,-0.18478083264279324,2.3419479882619827,0.1523569054313827,-1.4159928733987752,0
-2.6932893645597376,-0.6462793527949255,1.3587868070366929,-0.7493413001200414,-1.138400960413964,-0.6805090432529615,-0.25241972174037147,0.06047350782221539,-0.43314640993173825,-1.8489242990161756,0
-3.0992167532519286,1.0411106175832372,-0.19945765477405142,1.6443802857012446,-1.8502379436169458,-1.144125550003094,-2.0172889772789793,-0.5365533423825559,1.2656813938312483,-1.2120811066576154,0
0.49998764251980676,-3.335456610389646,2.293239022176068,1.0063355691051292,-0.47839037009744423,0.5900117770433038,1.603369492007377,0.2556646456393943,-2.396330747932222,-0.33832177543431496,0
2.1846790111521344,1.2110831429369813,-1.3592878203640326,0.5995038480519815,1.873522701617543,1.0684730153200457,1.6434361512918918,0.6537444259052667,0.13215641159991653,0.9115136844012461,1
2.754805689205982,-1.0017151749444801,-1.0236934693008763,-0.060016238973640036,1.194145318446466,3.512583945386061,0.38520543284018044,3.007819538817243,-2.280408535223646,1.3665134042399991,1
-3.883598159633716,2.5394691136897083,-2.090680819533126,0.14056955015082576,-1.8124178231393249,0.4712716848791626,-0.8621387824536719,-0.012772966562127896,-0.2760363415199445,-4.164726515258782,0
2.392012613592472,-0.23236494718420164,-2.2859557825063144,-1.0071781140068858,-1.0161494337039567,1.099145750377811,-0.40241820770202047,-2.055951157875023,-1.8076768897040763,-0.8468223142995158,0
3.029723181755678,-0.9020177749583254,-1.3596299687010989,0.652535696352195,1.30290705111762,1.8892621780710137,-0.20995507673205693,1.8033880281744754,-3.0869586289809563,0.8817041360605156,1
-1.7507850298315348,-1.4742818502198776,0.035927351748082925,-0.8754185044450941,-2.18959535795544,-1.8521837953156428,0.09298186220498811,-0.0424784544386152,-2.3964159667983047,-0.6853188535421424,0
-2.6694128988090595,0.23020912119047446,0.16773425260784047,-0.17660951016305085,-1.2698225888792958,2.0364414066051455,0.7927396893275777,2.773855004027163,0.760566007983452,-0.17517525320727956,0
-2.356075071714485,-1.0861904958540578,0.4075949044394329,-0.16405332308881104,-2.349975985052711,3.4850914899064356,0.03163401617891492,2.8756152411155984,0.015196136582006359,-0.28731498751977746,0
-1.0992439403606022,-2.164110806525491,0.4272934523541214,-0.10330278363940919,-2.472805394915243,-1.3745048994813898,0.5112357322611427,-0.052229298752966447,-1.9036247676535596,0.39240073339462045,0
0.5712355115171308,0.10527515666677625,-1.3957862278437818,0.02365751219032361,-1.1142741859187668,0.12897812698169941,-1.1352191246785146,-0.9562902247053111,-0.5226911421267556,-0.10718589630971997,0
3.0503390857161636,-0.30170193687768315,1.4391511783695994,0.008772775188144158,1.9742176312825002,4.701824000541264,0.07841769795665741,0.08473399211749633,2.9397107739217065,1.1059729177105955,1
0.029084210638065457,-0.34254423041993,-2.2629833824871985,0.960593150270853,-2.0028595214579403,-1.4229226697758306,0.35356586437516807,0.8117037905929925,-1.782759257434547,1.9231638183963051,0
2.037606996486622,1.2762418432897211,-2.0529951039349514,0.7056556992382529,-0.16859832969886224,1.230726291384617,0.13122812312953253,-2.445243447516901,0.7170285276018029,-0.7367942544067223,0
-2.314526357496228,-0.5116632469625101,0.8965845132561303,1.269953488955102,-0.18282584576139282,1.9610601873616405,-1.2082577416210247,2.0704643292321436,-1.7529317549317045,-2.8744233986908263,0
0.9771148979827811,-2.6805474548454646,0.7332982434274521,0.23284245073663914,-0.9119591386463758,2.213283449435171,0.0018330005944814697,0.3257252079413028,-2.8596222290633087,-1.0736227435001813,0
0.9201408393557238,-1.150114028355421,0.4394265430878317,0.48964766217499645,0.8667168114989867,1.350216294818228,0.2956691349947631,2.2629863571691624,-1.498920416342148,0.9312548546254723,1
-2.580653401513681,-1.8133176678912022,0.863172065925979,-0.2900385438891823,-2.1589333619086624,-3.216854677859995,-2.2543576731044745,0.9768104465730083,-1.9406359144807215,0.7813578513858794,0
-3.301663707611046,0.09162173380336143,-1.1211877820863418,-0.30957627357975087,-3.7780527028262725,1.9516513942391107,-0.06074065688710121,0.4633127265546533,-0.07595088212642165,-2.087034040463772,0
-4.793807012516049,2.94366765514797,-1.2198365105330229,1.7524240039160388,-1.5221618684298712,-1.9709964451193391,0.05867060336963758,-0.8308129695833615,0.9052310845841687,-3.6970399100889932,0
-2.9073919073387438,1.3680366735245344,0.4714622758871987,0.14074249383524484,0.1374945881085725,-4.414870874441613,0.5160827786355244,-1.5927648569680508,-0.05566803590012914,-2.1679732533589444,0
0.003545035892080962,-3.674269136656909,2.1179932991096475,0.9854018169069398,-1.8814929174366561,-0.4391274127453537,1.1911433727480356,-1.2421418722697561,-2.4883488718581748,-0.7530346609111453,0
1.659952273768949,-1.6242687692952278,-0.2599982074579026,0.19083529780725694,-1.2487685704806424,0.6077518229103531,0.344497786503369,-2.787151123311644,-1.9892660379084415,-1.7280775857850315,0
2.7975773407985556,-3.4195013084057555,2.361765539294878,1.181996454223222,0.6251452381159319,0.036824953146814554,-1.014610826803366,-2.7098396992143385,-2.723964787485949,-1.39855241898661,1
1.7269858827913587,-2.2883030330702745,0.22712944707044969,0.3348002911394412,0.22194115684061355,2.9358040733344053,1.3033609029296576,3.2116243558906694,-2.453763053152804,1.6426836371236713,1
-1.3554914260556776,-1.14590522222955,-0.30389985269137243,0.37912190446937244,-2.0073007883533887,-0.39240648897778607,1.0525023654355217,-0.5775878433823075,-2.538531007573124,-2.1091851141432887,0
3.5805914064086637,-1.3607501486031663,0.9547530993843216,-1.5310070653763155,1.7410038437804474,2.6096184522797974,1.7903091646278466,-1.692505052401081,-0.8785148063081416,-1.113445631683958,1
1.0386253720855259,-0.5032460427506642,-0.8983458693740567,-0.728604315356119,-0.4800114530318875,-1.0979839659993458,1.4640893506688015,-2.358083960677683,-2.3315400743950025,-1.7957522442292633,0
-1.0589381191495653,-2.9392485329619316,2.004789547688495,-0.29011536499940843,-1.8617967865586365,-0.7540572808143471,-0.8326044119902345,-0.6744950269834982,-1.9535000009590087,-0.8998635319354704,0
0.942584253727086,-6.648832701123312,3.975972743899865,-1.9038038674812663,-1.7016743939517025,2.379399018957952,1.5127960688147262,1.4445685272101916,-4.412355561594527,0.14465783206466476,0
7.63529454877774,-5.586129459155516,4.3254759984325215,0.0132091450647669,2.3891886365148025,3.9264015589028465,0.017829860006256772,-4.310134309898198,-1.6076302825136117,-0.2849741200831388,1
-2.208738789941898,-0.31519376112880576,0.8016046091765752,-0.7513801233865582,-1.117329383102942,-0.6001359213490147,1.7845107677245104,-0.0028181385550660742,-0.13506577175623202,-1.301732022694965,0
-1.1362399949367623,-1.6272463889998838,1.595524098412295,1.037806941527105,-1.0853470240037941,-0.22547443905656817,-0.04883939112607021,0.33754021391234745,-0.24604738716538,0.14369365457931393,0
-1.1889758160193444,-2.422038560883585,2.4223501975889525,0.2626834579468364,-0.17337374982411458,1.5411544451271673,-0.5107316820164134,1.7872992849987475,-1.948780704831176,-1.3683362833371706,0
5.54255181473395,-4.158497248256188,2.7183919192572032,0.18349651270264328,2.369762848984032,2.054478233226757,2.0781440593944795,-3.5301123438437227,-3.99821024621907,-2.5640279331994362,1
-0.7760531144262103,-2.92736725856389,1.3713281618581161,0.5928475982599956,-3.0218992476432502,1.833559149488669,0.5166118585767997,0.580505442484996,-0.24524360635203102,0.9201238144072548,0
0.8717866570738041,-5.0976525909856285,3.0455846520515193,1.2432291429623945,-1.4885475764037115,0.3748138473585271,0.018093481560502625,-0.31895549610360563,-3.404894778325641,-0.059578905118577996,0
-2.2137222223975064,-1.7512646662090359,2.0487006228752227,-0.35540890558047256,-1.6701088235566321,-2.9793679201929755,1.0705826696757639,-1.3511139603936018,-0.6336082201320299,-0.7109773243261546,0
2.7021503781292444,-2.592012486781808,-0.023751945659809648,0.8214083231002738,-0.009229511785143973,4.0126448163267,0.004862254933591338,2.9425277239771948,-2.2385569061834634,2.0700177366718715,1
-3.0671099495781933,-0.758904724882313,1.6180535637227733,1.1064063163911557,-1.6903147828600105,-0.7964513358268399,-0.2390807056213034,0.6231450433185919,0.7815120861981195,-0.3137967308327838,0
0.30833127239784286,-1.620521573141704,0.34669859033546047,0.8182867587615089,0.028822829692150886,1.994242545894846,-1.230796606256427,3.566092395451135,-1.7097318708234825,1.6357094417955025,1
-2.0639529746912326,1.6736804717386544,-1.1787436551751054,-0.0128917835583997,-0.5330657906674307,-1.4550191634930294,-0.3738740796237879,1.1081321711679948,0.6931576203400049,0.37502749242376665,0
0.7994922225803828,-1.728013386438959,1.7562842567805101,1.5113259857834025,0.7434404878663592,-1.3370351945740109,0.11329442729253622,-0.4916094833651816,-1.1284753913989913,0.35525782445965115,1
-1.0901160679037083,-1.412935827429406,0.5149145466413474,-0.166317059929684,-1.9179883449043653,1.222652649153627,0.24195540232101154,0.6334223562971328,-0.5402968093057622,-0.22726233485979852,0
-1.5652346934115422,-1.150960632359205,1.3800305817763878,-2.4292929676734887,-0.455005529810354,0.04104555664500098,-0.1601024136920497,1.2196485524753686,-0.8852193146312703,-0.6139280307928698,0
-0.879668208893431,-0.6989673424094435,-0.8952466785960221,0.025881762194046202,-1.361234993808332,-2.7460774769569407,-0.4714542131582016,0.14958274025295082,-2.4546228445770666,0.32716149895445223,0
-1.2223265267888528,-0.22790981835181337,0.9205569327492169,0.7064066086532242,0.7315398242402136,1.5206272079859369,-0.2465739131214918,2.1326161866131583,-0.8509186198000245,-1.3024457248453074,0
-0.993467921443933,-2.2734733297458303,2.4182018438155217,0.11529226957019256,-0.07736708908091261,0.44416821519265415,0.20415956024204565,1.4685923085429642,-1.4175599244071324,-0.41471388342671767,0
-1.3458065112623654,-4.13489951167466,2.8599687871319253,-1.5066164641123083,-2.4968203077164794,-0.4793620130724756,-1.0899378998563545,-0.688643270774653,-2.597901193193038,-1.2177213911813578,0
0.2658214814717512,-4.060300940702744,2.7160618781364603,-0.6980315046409635,-0.8052729747479692,0.5143635274629809,0.6209215568891648,0.20420601952991413,-3.2385364927382883,-0.8463711743535147,0
-1.5255467628238524,-0.6709151320750966,0.8114822015645212,-0.1091385848457553,-0.006192391647048767,2.3425766801640333,-0.33058533845833193,2.478438764370659,-1.3297772609081493,-1.6269154876845713,0
-3.0945372448807946,1.0273541697917739,-0.628643922084168,-1.492086257090582,-1.018992870105005,-1.5822842344779726,0.8585733615249258,-0.3083827879475244,-1.3892785198000543,-3.1919771767562506,0
1.9660713152787752,-1.4382919192981727,0.7620788918019151,-0.452502847691051,0.6561263759525406,0.4105269728046035,0.6452448203221168,-1.7272694855640616,-1.6699267252074317,-1.2433988189006513,1
-1.523373538612459,0.24923043565314754,0.02705655390987416,1.3686769933567864,-0.044128217896397315,2.1503457684325396,0.3658305570658767,2.5879698764908485,-0.3505796572546708,-0.8272354308220511,0
1.9350819788292084,-1.2554833523903097,0.706058631607164,1.7461053201173238,1.4300268460426513,0.9843264749989152,0.30364180040609795,-1.4703604919867086,-2.864600315976225,-2.856932253741629,1
-0.34292422336743233,-4.758011668691234,3.2979318845115744,-0.6331869405492045,-2.396927224625159,-0.1612090593878004,0.2658321698553995,-0.046596186405177153,-1.5917212990104783,1.132190165002724,0
-3.3045765966977374,0.5027322477747483,0.30247655846237076,0.7036038680787361,-1.875674380179146,0.22028701463271516,-1.7597025986504642,0.940064135240293,1.310246747102895,-0.7201543588733481,0
0.7842361793589495,-5.861395738981009,4.179939388514767,0.6093508955780412,-0.7974912652229609,1.0006798308705949,0.6320793835314138,0.9440463122650748,-3.773224605651823,0.1264399174370443,0
2.1528476242441554,0.06393203422226304,-2.4963879591057436,-2.507826036055067,-1.2654899114347389,1.1835901592249654,-0.2715319167223954,-2.106395470056001,-1.3577751571200356,-0.7844683347496688,0
4.759489512253231,-0.00515498681263145,-3.0461708143862074,-0.8220766949616712,-0.612137805625939,0.13313905234434376,-1.6169364373700783,-2.700334527326778,-0.23193171840518922,2.625241701163044,1
1.0119453016618016,-2.1539640351089195,-0.8573683935332486,1.4446039833597262,-2.162249762791798,-1.6360723646099564,-0.5013673155655366,-1.3521314224541625,-3.0357112356880136,0.5227750220042786,0
-5.294898506419718,1.2606078899642472,1.051626020911324,0.10485269044110616,-0.6318813714953729,-2.6591602755037305,0.45150510871139354,0.0492504349142866,-0.5044601619686976,-4.144725936704993,0
0.038798605579217625,1.241418224552473,-1.9965651054395328,1.0540356825285855,-0.3104641903714951,-1.1134389561707436,-2.464674484669272,-0.28851641632282554,-0.5769961964801896,0.03022620310712898,0
-0.9153261033514438,-0.28795761064449954,-0.39809416061234415,0.9242146929146647,-0.49825195328573435,-1.8554995405734478,-0.33447341843160483,-0.3912255907799347,-2.292006647257728,-1.421886858786908,0
-1.9762688630748224,-1.2338230379052253,1.3622836709452286,1.392864689751377,-1.372843219942793,0.17310139165109717,2.4737591571125623,0.7107343862303561,-0.26035271562803997,-0.5832706699308534,0
-1.1145417349163544,-1.2148575443335,1.5151461921767366,0.9939871569053297,0.06723423914473092,-0.372479098012533,1.191006549750692,0.3655270204215907,-1.5464322837550024,-1.522314308481809,0
-2.6781551787798947,1.5117791117488921,-0.15718687631124528,0.17010647865734285,-0.3858948811870351,-1.4243161062805871,-1.5186330490030757,-1.3681196051250724,-0.047145455693390126,-3.4483695810292176,0
0.950896076689029,1.6934178144938077,-2.4771462179292785,0.8548319474886943,-0.0236381634296825,-0.333561240275253,1.070350951071872,-1.7554041597338874,-0.5313788411628461,-1.2558418100164608,0
1.7095442593166015,-2.6341771836621777,1.3268516962343897,-0.07489957638174051,0.0012795212713785364,-2.226792346677635,2.0923902890032995,-2.64812743616238,-3.0653487344145223,-0.9667739410301134,1
2.140217792831087,-5.784853751531338,3.682313224534153,0.6042883913587814,-0.3323548715909619,0.19663530353469005,-0.5586137731311284,-0.608145777073974,-4.359504498743709,-0.16211723311574378,0
2.8505793249719495,-4.047678693386755,-1.29844540038001,-1.3989614343168146,-3.487871206640074,1.6428541928795655,-0.013703386202794618,-1.4317913122074044,-4.601055313552309,0.30610448954028047,0
1.0854603787474293,-2.154138094083514,0.684528618003702,-1.1104791217562398,0.10387894711198664,1.9479770426443985,0.5516477064252365,2.5643681292865406,-1.947534465668023,1.3938863770968803,1
-1.1541121464949065,1.2578166408373894,-0.7164673698411967,-1.7732385782624127,0.507908247206964,3.47070752809376,-1.0541990277827717,3.072660661244843,0.3645280816918064,-0.9030352152330356,0
5.429664846124036,-2.1003323772597664,-3.3547294492909976,0.583211774787939,-1.5011261876424147,1.0852454603817154,-0.8468188477573376,-1.1634601516214234,-3.5790652763625403,2.8171090805259698,0
-1.623204178638678,-1.0953855180435665,2.0369173990609704,0.39205574829023,0.6884851537865136,-0.16100996208618068,-0.2575019505319146,1.160713623012132,-1.5606723281628292,-1.8687413495361302,1
-1.3004464755523084,-0.41844407090090263,-1.0258311774000568,0.9885557325118116,-1.9498578382255995,0.622241677699509,1.3035636343644337,0.6748076773920049,-1.5857582720338939,-0.9716637092829719,0
-0.8967192382526454,-2.514462604927491,2.6082178522539885,-1.978940173796826,0.5577976395710451,1.81583257690887,-0.7008996212080673,2.754023546985437,-2.266830765018282,-0.9575153297274368,0
-3.4970607274749566,1.1633788690475406,-0.8395224719258181,-0.7009081833827803,-2.0946093278415368,1.4961020123327333,-0.8399628703721986,1.1639003178943719,0.5108782628560935,-2.1860084367527186,0
-0.4441964312748199,0.7566730310425079,-1.8546689298852395,1.071376009750154,-0.9774023516202284,0.1474114318531654,-0.8435228108598902,0.1718748772932237,-0.990557354375625,-0.6700780230383139,0
2.814651393713652,2.9249430165407135,-2.792568602081304,-1.3974893403607938,3.6987228396419045,0.2754764265995173,-1.9986215252539388,0.5774924169828127,-1.0244391750331672,-0.36571004823878694,1
-4.069981373053563,0.492402914908885,0.786751797104587,0.7981077130844103,-1.3915873352770998,-1.3166790317971653,-0.4255573586497196,0.2520717599946345,0.03913300136590214,-2.452972916174189,0
-1.2442583670405536,-5.216379502117511,4.567112025329595,2.1759541618354867,-2.2565187747985105,-2.498247485365422,-1.9780641418688398,-1.0808872659203765,-1.828687047527815,0.5498975732985931,0
2.410404079133692,1.0035225089212807,-3.190414727259861,1.6927446168010818,-1.0710857111005712,0.4901633273585688,-1.2244102177100717,-3.531932994758984,-1.0142280289182297,-1.5453345663955407,0
-3.0117183344292817,-0.8208843023528333,-0.2181199581161496,0.9082795597829884,-2.001428179213049,-3.0447392626683882,0.2894478146973825,0.3698531128812905,-3.104829295461008,-1.6150318173898373,0
-4.215847434342468,0.4594615414743972,0.5283178101000303,1.650735309999851,-1.6435594654763712,-1.8807979632511362,-0.5482150686954597,2.1191811130619125,0.7944460826145334,0.41165116376861954,0
0.32803919350994837,4.225793662922533,-1.3773967378422989,0.9910713165974248,3.8469473190825365,-0.6895330432125497,0.7406840039235968,0.49107815774318075,2.158878394019356,-0.5275435030624533,1
-1.5018878773521802,-0.5467152832223081,0.7285776288402359,-0.6069316273554748,-0.7336548532054408,-0.3426138143918911,2.5345325686061364,0.05011501011517372,-0.6658733955673846,-1.2493826666692343,0
-0.5475618251936607,-0.5830350163556962,-1.0041794308374274,-1.5875567476782748,-1.2813836903835403,-0.7936726969007002,-0.37918298556553387,0.6673870225919831,-1.9809524435584085,0.13248168119724424,0
-2.917854200422217,-1.0218041670176148,1.7142035538717089,0.5749566828332526,-1.3275296915816617,-4.289418921707558,0.35321677280416497,-2.0393138886510185,-1.3720401333773573,-2.2064683459154804,0
0.7572348494011459,0.7878036667884963,-1.3282398664239692,-0.4177423670415792,1.3896120855153091,-0.15365504745182545,-0.7364279837652679,1.8638862626258301,-1.484224887043526,0.6351778703823687,1
-1.7001701209738462,1.5252204978270567,-1.113587585140567,0.14556948043974274,-0.9832997455752579,-1.6825303315877913,1.5150263841047142,-0.8296323348951875,0.8115964743215764,-0.6164132650386811,0
0.9822337676435323,-1.6791351370556433,-1.9191672279185739,0.09455095522257738,-2.961872396640913,-0.9716463154631354,0.6993098735163596,0.05105876493311379,-1.8998342212386314,2.723363102940137,0
-3.211888410113535,0.3909978755989063,0.6556640486660913,-0.6241202228669391,-1.173338201706419,-0.29070569557421666,-1.5643303264490933,0.2397591948271316,0.19510134576962335,-2.24396910079399,0
-1.1223648891141074,-3.404875375937555,3.350240384042098,0.1116108572446605,-0.6534923859901269,-0.5970311242918518,-0.928763000450845,0.49678368728931,-1.9195662491859895,-0.5628239699020336,0
-5.995926439828272,0.040662757291816974,1.2825354490283725,-0.032441228879330264,-2.599859905140429,-3.3114558994216603,0.9421013164195751,1.7467770066180703,0.4965901528630372,-0.42165022738541014,0
0.7144079196432669,-1.3844647086184965,1.5693420469369763,-1.0333002418218002,0.8209500047302232,0.8774702716423326,0.02034271181057728,-0.4839550535717402,-1.1954603933307553,-1.4483017894993035,1
-1.5926481906720285,-1.6368220888465341,-0.3428813231467076,-0.552780717467808,-2.766170684962077,-0.822298762203836,1.9961697209412297,0.8130449023370803,-2.0090597013785936,0.3457674295853186,0
2.4546398411288037,0.2760626482726024,-2.3824082108898326,-1.5058193993407651,0.9400688979021449,-0.17722604237002582,0.6355772034557065,0.744359570639763,-2.624433571197807,0.9402429302589297,1
-3.9136559820650114,2.6829178476369178,-1.5913263441838303,-0.0807249383129424,-0.8253966117073679,2.1229338431542857,-0.32352906156120115,2.554920242959355,0.6039593438837634,-2.7706754187314933,0
-0.1301629414625525,-1.1613238552027674,-0.30679431087065,1.4415557425112338,-1.2339571619312397,-0.28672612283102206,-2.1146103624960215,-0.720455006037048,-2.2994535666233933,-1.313587214874102,0
-0.8563283141179171,-1.5545519809962987,0.7058630261542926,0.5388668241692289,-0.820646248733996,2.245047306220957,0.12129770922223503,1.6022901842545179,-1.9702537352582628,-1.457626496515995,0
1.0064698014500968,-6.585441744094402,4.908802840140416,0.13342263450928954,-1.2284443491076633,-0.4029179340394353,-1.2003642056425943,0.19760238967872923,-3.0923107653210637,1.539480290743104,0
-0.13481947660285146,-1.4962240456550249,0.29438284166937034,-0.4125150493235687,-0.5540889324676269,4.465225250123547,0.3176520811831798,3.260371510673199,-1.532446828623057,-0.3907985281757822,0
-0.24082544664544367,-1.8235912215252525,0.6165688612646116,0.12405541783853893,-1.0957864660846084,4.095283939107901,1.2813400241943087,2.3664289520308284,-1.233167850446067,-0.5046526740215079,0
-3.087657951025667,-0.01867295423469282,-0.8185843618966919,-0.6546254142120443,-2.1899641041656026,-2.4293738774531457,-0.9515915956532172,0.6300772566126489,-1.861334273065314,-0.9882536912268415,0
1.3692590241766451,-1.8843790989641596,1.3287340697150112,-1.1856837912439093,0.2875796578349218,-1.1163840823111522,0.747038926743637,-1.551267972862373,-1.4601852264481445,-0.15940992969654266,1
1.0841784858885577,-2.148880635734735,-1.5200238098228103,-0.05592208531401828,-2.5532541193454046,-1.4300370650822587,1.0182318332034739,-1.2898027663846483,-3.7452288911154805,0.2523382926417619,0
-0.7880239384559637,2.2387332970805875,-2.812746889758489,0.6238667842924046,-0.2864707442545801,-2.521820563007265,0.19797212515287052,-0.526591500465855,-0.9669156527173821,-0.6626661689153825,0
-1.938635474449364,-1.7777937923109417,1.1531112675094102,-0.2335969356589826,-1.6208677618364398,-4.735234096556701,-0.20553766491716777,-1.7195036074383587,-2.5799236011659517,-1.034669362778133,0
1.3496704772988772,1.81831102499822,-1.148024199180597,-2.4281180569523992,4.048527858527861,4.220944610636742,-0.5266993329346015,5.243268082248763,-1.1319712516158613,-0.05235313589289703,1
0.6232049093620491,1.4209848581760507,-1.9496888055629618,-0.5805314408463051,-0.3252955973478062,0.3590813266857391,-1.9882609223095518,-1.9528200213522973,-0.155454602836952,-1.7594969465795312,0
2.4390336601072264,-0.4979570559188809,-1.0635543424912681,-1.2581467281819911,1.3655042995838258,1.8861628596180973,0.09112102933352002,1.970010249830655,-2.12299474615046,0.9914893946174655,1
-2.064989196410499,-0.17773404236549203,-0.12945499680013262,0.3516188365547248,-1.6275781163013021,-3.791663115858718,0.8043143414202529,-1.4240314796466493,-1.1398753938172634,-0.8045394214867903,0
-5.632517083835994,5.170712903739918,-2.2453774000443087,1.080621208954168,0.08640823545590814,0.7905617386569231,0.7787397853595502,2.5140675867028763,1.8998239013762408,-3.9560166660748535,0
0.8635439497237979,0.9140635878341614,-2.0840840133559175,0.8891901693541645,-0.696368347453348,-1.3919971866927143,0.953007957373568,-2.65170103204333,-1.0098275047389484,-1.2650201117122226,0
-1.2410592134742615,-2.2612274221800046,-0.17327105551933975,-0.6127020104946451,-1.8092279230371326,-2.363590384300706,-1.009296793005887,1.3171432776072298,-4.356263948271417,0.07397277696424842,0
-1.8420560594900823,-0.8468213344920309,-0.28163635815127397,0.4223396021313532,-2.955641342825234,1.4134126806360985,-1.453633898718295,0.41403579016101777,-0.06277864674548495,-0.48969740078691104,0
1.4228378419991201,-3.9307645398995352,4.016761225470864,2.311303586756249,0.6847995909015943,0.6832931002289648,-0.9947337988985762,-1.1900479625197098,-1.6598662973952072,-0.9512466603782372,1
-0.8389865463697678,1.3578764242382066,-1.5812473897121984,0.676047378169482,-0.4857389664088435,-0.2844677111302508,-2.6579632604532417,-1.156522745510277,-0.9080386900629465,-2.5478096141451374,0
-0.513431073859922,-3.3476177714464153,1.8540496069470889,-0.6116428882049108,-1.8825862562525484,2.889740354369423,-0.27443202697245206,2.705859298894528,-1.1249617557478961,1.3146651738426587,0
-1.6061330660468094,-0.9891261745801712,0.5733402114574284,-0.9527465959689307,-0.750201161041328,-4.073644953101887,1.7339744484671626,0.2828449332602294,-1.8246041614606021,0.7160291141722859,0
-2.040430963555349,4.163834239357468,-1.7051345895299461,0.06364199271316777,1.1225833268009868,0.3663822173392268,-0.34078827620402746,-0.945670284540736,1.928872802697025,-3.6751501212918813,0
-0.5094391078814158,-2.1274948332422383,0.6533951240109848,0.24040561191611917,-1.5975729432781516,3.4647130683672844,-0.9453500733072364,2.1941185580752647,-1.4568139713748982,-0.3030830286966304,0
4.027714852506904,0.2259258274662132,-1.6088949028368145,1.7690620531528607,2.0183022419540775,1.249575728686744,1.3767180946022886,-0.450421960937998,-1.4375275578419173,0.6399215813006958,1
0.23750960865032325,2.1811560174182385,-0.9436962206734951,0.13582683457382178,2.3205182697929363,0.016929486001914906,-0.9021809633681757,1.525394761135543,0.6524782087544128,0.26956596264670385,1
0.19642079583146974,1.8661557603383319,-0.937477192044099,-1.2318319411277658,1.7914930360200247,0.43847636792741074,-0.03926844859695634,1.8565506365349083,0.8963050622847386,0.8679101557533367,1
0.17928995775778359,1.178699903085218,-1.3290900764413713,0.8752432175767187,0.05630909577560961,-1.4906367949473645,1.9609626234217143,-2.857999978264293,-1.1232732130714658,-2.798067752435882,0
-2.9832780747831125,2.035593614425275,-1.5287180124153659,-0.6872281378082329,-1.1728069081478425,-3.2454059319063804,-0.5306167721151521,1.3034554737667499,1.120853742075365,1.4731616072464626,0
-4.425895401472952,1.809323327936805,-0.15085830224672692,-0.07274859845178454,-1.504423469073854,-0.976180190280143,-1.1101279409822966,0.8584751765134091,1.6184085867456655,-1.503590943004312,0
-0.31109523035132275,-0.14257421152354277,-1.6789071590618057,0.1400278222258873,-1.7744761027049565,-0.7167104303539001,0.5271195915578544,-0.9410867430220184,-1.915808554347656,-1.0161637531031735,0
-0.9568703454170566,0.4232299847806388,-0.7250433271903673,0.14165790312128204,0.42743966920772913,5.4383211606811805,-0.9533004704344341,4.092079239298595,-1.3625004150855036,-2.069415430795978,0
-2.4840859864130937,2.8547128495947214,-1.857259867625388,0.4517753858746905,0.2770461216726654,3.4338680674682602,0.03984930415032582,2.8091453725265696,0.4497279527196236,-2.7379553265820253,0
1.6208256074611254,1.7594033197809773,-2.0141821727241354,-1.8256350870169995,0.5580831875363871,-1.816738751336341,1.714784933665959,-1.6370864846344353,1.0140856351956975,1.3818305936188142,1
2.032887020636573,-2.8865491714987765,-0.6807978595404708,0.6742992460371041,-1.4487302269712914,1.5360546843730822,-0.8974266749486849,1.98136908466563,-3.0754160368232446,2.4788866689649827,1
-1.350302304949249,1.9217126220745866,-1.2321853364729178,1.1950497596109866,0.43328553340785214,0.07808559372248869,0.1348892064273157,0.9489815801344208,0.1269984828172659,-1.1856765078417968,1
-0.9513887887894201,-1.0402474987780745,0.6641153542431792,0.5454569028494952,-0.7808407507836086,-2.5919531854729487,-0.07085916664044703,-2.5805830246768733,-2.5687456253673258,-3.026604700735025,0
-2.5981080027406445,0.7228312253751242,-0.68625274755802,1.9929821198444915,-1.655960727960707,-2.2837370339996736,0.39349507350397567,-0.921924415843203,-0.5663995697618985,-1.6812801556244343,0
0.06259461713003008,-3.752439215412008,2.6065149624147512,-0.14353843726200877,-1.5476839074783129,0.3451048969156114,2.807650783278881,0.022602177258705725,-1.447047881344191,0.6205417633435806,0
-4.068304778692954,1.4566897335921756,-0.32290322617503997,0.4810557241417938,-1.7080542424119758,2.56031266543168,-0.026296200865641,3.0183498070532195,1.9114416710021898,-0.9494890297951305,0
-1.958029720961257,-0.04996572714098367,-0.39585373764324383,0.76920464888916,-1.2564543310872922,3.3469692973710816,-1.6105532012460402,2.7122747541073577,-0.598391641062597,-1.3270426903352428,0
1.404250698078037,-1.230335693955647,-0.6989456625054642,1.8559359135339641,-1.1212826532330613,-1.1909968085585716,-1.2541866343186818,-1.9750651053075747,-1.8303882043796749,0.015812712174919197,0
4.216661596024049,-2.982496975056953,-2.444495712995783,-0.339605503191841,-2.9188051675373545,1.299075055882919,-0.25277165965789977,-2.6050571678929004,-3.8782290421018635,0.7816361993262899,0
5.221547466983057,-3.3282648242541564,3.180136077485334,2.1578350720798922,1.816785036231575,5.133717940750515,-0.6441166604860968,-2.4955761417377778,0.4660210450782827,-0.5051233580341246,1
1.92160068315454,2.0150729701209706,-1.9944335718598185,0.7324135476142503,2.9161119267661584,1.8000558618848812,0.21285831522610402,2.3481535089207464,-0.7447112411129337,0.3158721809027536,1
-1.8207541954112842,1.6442485449011286,-0.8660384441593518,-2.2804159731577003,0.7306607154597013,-1.2378323557062791,1.650102213808546,1.4699422353657159,-0.6711374655351167,-0.9869020198511217,1
-1.3185422009832375,0.2891288037619585,-0.821248175180521,-2.02955219120047,-1.2900313462158417,-1.993317044926521,0.910667087786442,-1.7917247475967746,-1.4482781918156098,-2.165236641006916,0
2.918118929989935,-0.9467120119856015,-2.3164855685794556,0.15911196616030546,-1.4762969777939279,0.30353011823473985,-0.7293777392368457,-2.668444925591611,-2.461099618055476,-0.36224966206418285,0
-2.6642488887474336,1.9007790232744695,-1.1314612844964103,0.2553570313168375,-0.41724730068397375,2.110631664448121,0.22926684109541284,2.402354941808154,0.5124605639422859,-1.7127169099735768,0
-2.6578347398575355,-1.9203320996298596,1.539880301787178,0.8291267716215981,-2.2529002588597287,0.8321456437212915,0.5527197446498667,1.2906539940695088,-0.9095156858677768,-0.951166019398004,0
-0.7926142349952566,2.52944247528563,-1.4891860561740575,-1.2160665189264068,0.2828256156445548,-0.8552893871349758,-0.7691649970287228,-2.6982431006179177,0.476582943944887,-3.400908465495083,0
-3.9585236364803342,0.9977733066427624,0.1073623612845136,0.4037105734544909,-1.2751090186168337,-2.2580450176830436,-1.0024266815709695,-0.3513013807298324,-0.43234231135387047,-2.826160198433805,0
-2.693921647294464,-0.058043171323757345,1.4177227159135053,0.5195304325159551,-0.3002231586402814,-1.2335292550007626,-0.26434941886376495,0.22891547990487882,-0.08197916726710952,-1.7162386624766985,0
3.505034595927322,-4.3296708349352,4.120310484647279,-1.7869576644270717,0.7417737576994261,0.3988591603117412,0.6256567614454964,-1.9301250937213181,0.30023715767207926,2.288347169638822,1
0.5531229078105248,-3.52219381337342,1.7994350967825734,1.1289692014020853,-0.6365856407230143,1.8209338022822035,-0.09771088986529282,0.7794905359772986,-3.654153847663042,-1.3945559991503107,0
-4.432537787866589,0.8348899606333162,-0.2913395085136492,-0.6773125282501883,-2.529853293374414,1.4703863345595023,1.0110500156528333,1.6115293119943457,0.5490863469129712,-2.352171792995632,0
4.401823271144643,-0.7488029305253865,-1.9016859278333138,0.4052905451344006,1.417716147441787,3.081086678334266,1.1446494442190644,1.2609751353092293,-2.4815598055861017,1.3483575966777828,1
0.4384712935103993,-0.2871001946249614,0.3072006959592092,0.013668457540914473,1.0699778150145822,0.9335807693822457,-1.1884355910592455,-0.2729452366482219,-1.921560865068121,-2.5206385040568335,1
2.777965087628375,3.0345840379981666,-2.5838877872717445,-1.667827514417087,3.1037410083383765,-0.5776742750450536,-1.3855642638993695,-1.023690907732116,0.17810409484322087,-0.1738835068630682,1
-0.27431988392890905,2.3396461219102482,-2.500514300257217,-0.726656632260249,0.676548235634296,-0.6706611004444447,0.1388657981988194,-0.0928238557267973,-1.0660188760256348,-1.6805338751810575,1
0.11342287101022086,1.3081232814137638,-1.8740248833613538,-0.12863592182953928,0.6601422747357446,-0.053273926975633934,1.041696557520979,-0.8995616619482558,-2.5108409122395607,-3.342040168674678,1
1.2007377778041115,-2.3472770567278487,-1.9292027493972523,1.1593295983306997,-2.928583931755192,0.1138174366140825,-0.10398918889688247,0.5332712503730057,-3.524099581172231,1.6135425587746028,0
0.8395946319303617,-1.0895618343465499,0.24799027787181727,-0.18015896664656378,0.10152254727681131,0.3003395511192841,-0.40156696358559274,1.0388126801237774,-0.9100809307863286,1.2619596587303001,1
-2.894070088057159,0.9630874490694552,0.40467977929575283,-0.4968174654860444,-0.6172760663371643,-3.28964486027631,-0.5959045058647572,-2.3069401633685893,-0.4448799618195256,-3.3629403805225717,0
-0.4720270870114593,-2.988026821052625,0.6296595830704039,0.10739635562395039,-2.4840610918806716,-0.13607164853915799,-0.31676647561620186,0.002682362120825843,-2.9785614123094506,-0.3371111421007589,0
-0.17212970241493042,0.2608418609958852,-0.20462570399393054,-0.6089355511311296,-0.22987252737054997,0.3413934624626691,-0.3131121085283415,-0.6136341879152236,0.04653113385891694,-0.9199996415127007,1
-1.4335914073975888,1.6001178515411392,-1.800023583083795,-0.499356832154739,-0.5664740044475313,-0.7822891378361037,0.8942408713199297,-0.14055218729929353,-0.8464227654370629,-1.7759015926202442,0
-0.23464788836333605,0.46764286733850835,0.1406797434541922,-1.2911805341713132,-0.6063229826099028,-0.47574162088643546,-1.272082354303842,-3.4532562130621933,0.6291928459216762,-2.666344260697726,0
1.8984146039551602,3.0761817779786433,-4.069780135519084,0.24215240732251037,0.4150576438377793,-0.36720864932572383,-0.7091465899615225,-2.7006650939287393,-0.2999823738985383,-1.5726610808900172,0
-0.3900269708202551,-1.0788125069933558,1.2517529557530314,1.9566684572153399,0.5186863739698921,0.6464220593412828,0.17967401846044603,0.6445662895488371,-1.538450529417584,-1.4755633759232998,0
1.091997468955204,-3.235980711968092,-0.31861953025894685,-1.0064125030588773,-2.6406527688306998,-0.2727203507823799,0.8683043154274397,0.05018608044759598,-3.1644500948701824,1.5433762624637088,0
1.1332610042334557,0.8461738033053577,-0.6454233193032137,-0.4412362450725351,0.8414944734066916,1.9488922183595276,0.710510354732298,-0.42554553023767705,0.47576033037214094,-0.9331837696512795,1
0.3169494108243392,0.7264843997390996,-1.52180872330242,1.281611111525853,0.0324857927291784,-0.03147242876175027,-0.38459483841515774,1.693239067731065,-0.15755348444977502,1.7923100775265097,1
1.6497968020027483,-1.1495561320518748,-1.308263145441841,-1.0916400478022321,-1.0117355999791646,1.6553376925908845,-1.59105400062393,-1.813998166970412,-3.2808714184155106,-2.701272585515423,0
-1.1129386731932895,-0.5572441721539296,0.9296628776716519,0.7975770632642244,-0.10967614548763283,0.0951248787962089,2.3000306851444514,0.563655707471562,-0.6137728860286646,-0.9778246107112667,0
0.7407561177017787,0.06265276288686421,-3.018060137488232,0.533239869155429,-2.3641458113484375,-0.7784730225931755,0.22199959462931115,-0.5438587707000434,-1.4529896090347014,1.2752616161220889,0
-4.325228734647295,1.1832527015918952,0.009276231087446352,0.6503836913958424,-1.81385041695526,1.5154079054598748,-1.1138088850141943,2.4048845735000755,1.5080322261551067,-1.2973605437407298,0
2.2061686198347124,-1.3779714261213911,-0.34746159367435836,-0.40616226348356327,1.1611249465030347,3.4521367846235465,-0.3165210140036845,3.399346544818193,-2.2990867603345597,1.2939803629989262,1
-2.157745819315699,1.6444354393235372,-1.1594722731365867,-0.055904033151241074,-0.3404273668745027,2.0449469408366756,0.6129560841662747,1.7840586760826416,-0.02434825222959791,-2.132823150602233,0
1.421575632328106,-6.894726784281545,4.4152732588314,0.16940008059354883,-1.416673094726383,-0.10614021261338258,-1.0397481089313825,-0.9150618964580488,-4.911868593451536,-0.5020491773923471,0
-0.05618377589686594,0.008221399296942742,-1.2182338250206124,-1.7556466124438888,-1.1131393044550786,-0.6605150821284242,0.5355799678560016,-2.611063842090113,-2.2881575988077714,-3.21943121234502,0
-4.849421413862412,1.3065560492059511,1.0134312790264954,0.6847283586362458,-0.7063705565842873,-3.9823441186538857,0.39604596440221623,-1.3413965326672062,-0.21569184760766036,-3.8927543719329973,0
-3.9967041530295444,0.07392834391724346,1.080394733446409,1.1089808553132174,-0.9239604833287904,-4.09417704360858,1.8181062078919905,1.2772180557152044,-0.30241045492540364,0.12996194190062482,0
-0.6760655468789207,2.0354523317333375,-1.7356206726074954,2.1585006059162986,1.150969448509928,-0.7843369878644213,0.12748158779368524,0.7867795770859882,-1.1620242664055345,-1.46843327689979,1
2.3875817698932535,-1.014238618400329,-2.1990243451641387,-1.3908705909042804,-1.963309392332683,2.4047128796964534,-0.9382595036982464,-1.7549731505910593,-1.9844910145111552,-0.7880729583376318,0
4.2697063129694754,-0.7230848918354604,-4.38228466328883,-0.8063686767124157,-2.5932064596918627,1.0365919462338997,0.849942886148695,-1.4346447365735895,-1.7878375675506415,3.05639213900488,0
-4.504305727598941,0.7928840057752462,-0.254988599815942,0.6421217888674178,-2.7143318026331364,-0.056605890444749285,0.0062511735838089956,0.6003884588581876,0.4002201811851318,-2.3741620128905856,0
0.806164163901977,-0.08414013228671126,-0.9480227253047718,-0.837488906941947,-0.572056955510398,-1.7213928373940353,0.14196217740917633,-1.6112853026866167,-0.8337742767672913,0.224573585357438,0
1.8276160527380432,-0.4518036934169844,-3.087315101550087,-0.3089614708346406,-2.3522689614444543,1.9666304323572823,-0.42175961519169836,0.535894221228896,-1.176100288425702,1.9646531670998888,0
-2.978712939114418,-2.1518169986562765,2.1942852919676055,-0.8174939412147917,-2.2453632369168153,0.5235337849629615,0.8147400258186039,1.8904860953863203,-0.09222352270951162,0.17382041644666701,0
-2.3918645001118533,1.149131650317815,-0.2715954377184704,-0.20979816035453064,-0.14501277432580206,1.1769800261614718,0.6981236054063564,1.3708375848521543,-0.19620121283169523,-2.354380750366548,0
-0.928352983264573,-1.8150021762533612,1.2218940718125473,-0.620175623514756,-1.1219059205774484,1.717571488215964,-0.18983512806346253,1.4800621333899115,-0.9366409603321414,-0.2686076243639751,0
-1.3446548880812113,-2.559152347627304,1.1393477280444744,0.8479975339628499,-2.2344575447274613,1.625233902084509,0.17609548823084945,0.6138342398009915,-2.2548438120512664,-1.621733237608301,0
0.2041785567437668,1.2190337632764512,-0.8965371668149859,-0.08121200975113507,1.3377752096474598,1.1291915787408748,-1.3004796210339782,2.5862638731643104,0.3484258328180949,1.1712753528307962,1
-2.61375580429067,0.67679519152352,0.13212582105858117,-0.17088626178395377,-1.0543368855757196,-1.2095566921364143,0.1607514997971521,-1.579565398107105,-0.4913029843148663,-3.4469182016146673,0
-1.0511552486137117,1.2989182461987203,-0.580957675661821,1.9555414172892074,-0.32447123638399566,-1.0603363894227158,1.5220032492355542,-1.9370927458181184,0.39200120908104563,-2.160743526999128,0
-2.691215771508868,2.708119545878323,-0.6159310227550956,0.23882432593704137,0.43432883730801897,-1.5521952517180135,0.9644356443147198,-0.47968027473495034,1.2245977349299175,-2.3304902962595406,0
2.3329994952812445,-1.2328397746969706,-0.7329968051986595,1.2806555608822612,-0.536417266229487,1.1793247846274941,0.8053019807240389,0.27096741610662844,-0.6171484028427084,2.181799158225447,1
-1.109775418703791,-1.4595835537209003,0.7481168848714603,-0.9740935544852762,-1.1305732835753113,-1.283795197809524,1.1416281734269462,-0.09094414018437691,-1.8377550821644655,-0.7158216064214835,0
7.516179588422458,-3.330794204830452,2.597183114792678,0.27145279427660823,2.694187702201294,4.947117525307177,-0.6141259682265786,-3.3667349913159796,0.4265731280719607,0.6495909904288537,1
3.7854844768942035,-0.49250640147750474,0.5933699383901699,0.09665391668743983,2.9529756558043005,2.0932863690341934,0.9916136605408773,-0.5219867074395884,-0.5849360905956105,-0.11450030472235406,1
-1.200422638656759,-2.9567421030180356,1.3844436486420846,0.3320591209490886,-2.7026096513985935,2.9840722132481146,0.23555221128809037,1.6747946938964098,-1.179642004425635,-0.1353191091962591,0
-1.5381884031201933,-1.274663832559544,0.3518697659755876,0.08734145602504807,-1.7609154729249283,-0.66519784850111,0.484597102508585,-0.6711592561441746,-2.107186438349409,-2.0293086057950425,0
4.3461891162951325,-2.428433300092111,2.029286553111368,-0.22897866919380577,1.6523771379754035,3.011391128951075,-0.3117977833928547,-2.272102239246379,-0.35875364646538144,-0.4627260715713093,1
-1.2348670260206056,-0.06692255963481072,-0.1376407426774756,-0.2906110847249148,-0.6990072967325862,-3.891730995401818,-0.046862811862824864,-1.1218891444935648,-1.208377280783809,-0.20681437264990943,0
-1.679572546444043,-1.6874966859660097,0.8780928333744404,-0.3773461830799317,-2.3400919978698447,0.8555714830348089,-0.020884149624899602,0.08548144790632328,-0.8157765750748729,-1.040688914256831,0
3.8496097530881204,1.4693795996790013,-4.251562261173817,1.4209578654605897,-0.6278769153301511,0.60434677033456,-0.6562933160502777,-2.850017906962941,-0.44629120499804065,0.6750008296757388,0
-1.785597283852542,-0.5759675879993473,0.16291972894081697,0.517806586977143,-1.2720998793220961,1.6870889427541176,1.9278307729671322,1.6819653302339987,-0.8350186933341923,-1.079225193160136,0
0.17554311755230115,-3.8516805803114385,1.7770391214333483,-0.7010895013761145,-2.2108486253089357,1.3102672074192268,-0.33003464625088946,-0.0035092490985539904,-2.422626184279566,-0.21822809475576233,0
1.2347399318099939,0.786779682039622,-1.0704979676603752,1.1500852617375261,2.479199452815536,0.48660183136346413,1.4865441403370998,2.1941926605747737,-2.233259611513665,-0.22935317790185028,1
-3.8422424246535045,2.019297609751097,-0.8358210926547767,1.0884968575291116,-1.2786073718856257,1.6636496972564303,-1.6550003997268452,1.469767642432996,0.9845326875675702,-2.746440519562946,0
2.4362755683540573,-0.7406213281250289,1.13119195009546,-1.3084746309253235,0.39014676040071405,2.114453457252892,-0.6844622012492365,-1.0527322212581736,2.8510046630285975,2.1571224244988003,1
-0.8501032730833632,-3.155220462082625,1.670305205203825,1.3365551717522342,-2.2315817160159326,1.7718065289570957,0.5321285715752346,1.0228896948634234,-1.6815410976694758,-0.21068814887569376,0
-1.164121856117956,-3.439766266586376,1.4520868488691598,0.22857208632752485,-2.54502953046985,4.6471860338183895,-0.7758714994462428,2.8675707045538923,-2.2662053829204094,-0.8486589339723509,0
4.955759497669243,-3.2723892023158236,2.775362336844717,-0.9789090766971428,1.4779568215717154,3.075336747368659,-0.4037580554787445,-2.628177578760744,0.11811730242784746,0.45495148269332697,1
-0.6976021801966233,1.0351078316646976,-1.959043716791806,-0.6767910418308728,-0.8021918906199761,-2.0679929745252466,1.793671432639444,0.08712955983535586,-0.9142603175493488,0.3877479907593848,0
-1.0646438852796385,-0.8898105764257022,0.23010853043933543,-0.4446994797449462,-1.323146929811333,2.083469829794406,0.29172716706737095,1.1765946447829163,-0.6854019256976014,-0.8631721368820877,1
-1.4266244650740436,-1.015499548477455,-0.0038416367926814576,-0.32905999994413937,-1.5036973667322175,2.875765957046506,0.38499918923951904,1.7913119746417059,-1.6189943328745868,-1.7350000344518162,0
5.252037988184428,-1.8239026980705504,0.8579008514030786,-0.5865312904342913,3.1010737175646934,2.9602709431743417,1.3174011696573185,-2.3437370849821857,-3.0697666267742605,-2.612831349180084,1
3.725532496328312,-1.6018303702630063,-1.249915833115961,0.2729131851660362,0.1654221251461777,2.61385521997326,-1.5075300261914464,0.9366071376597529,-2.0267216656138896,1.9557860601768997,1
1.8510155541322029,0.6735177060088938,-1.0136677891525223,0.5989127190455752,1.3342643206883684,0.8323601438923014,0.1807438949282192,0.591097580006123,-0.040098776173393746,0.9924962168446286,1
-0.23546952367725602,-2.1332322029732618,1.907104301962074,-0.6762615106134099,0.05511156781895288,-0.05638436625887566,0.2400498284919416,0.758927533301337,-1.667176102230731,-0.25867211391880507,0
-3.224520810651922,1.1667895980854353,-0.6736986672987615,1.0439951913306855,-1.511419613768664,1.6617835718007026,0.9287905983168195,1.562007193153646,0.38114299624558967,-2.0813393734058234,0
1.2824479589764646,-5.228027718159164,3.0824631757714953,0.4234624916014198,-1.2102441276789184,0.5910867113636037,-0.5455681502938481,-0.4982833897410486,-3.754593517717517,-0.3572647282847594,0
1.9710798897073512,-0.9127769170694321,-0.5567817522353844,0.0916713828377636,0.6129849029729253,1.9315485425518464,0.5194644406135062,1.8729563217368699,-1.3555619995961576,1.507274995308544,1
-3.2545943666744677,2.5890598547018744,-0.5906908317620367,0.9190156625197566,0.9811455563850853,2.5382830707716915,0.016461622438046965,4.444627602045982,1.2226374528729274,-1.1332343888607568,0
0.5934734003157645,-2.210516035441209,0.41898891677260086,1.8159576962321944,-0.30723085051698495,1.6178028393897086,-0.11253706419459349,3.0994868945184293,-2.3604804953025416,1.6046417238393162,1
-3.1061752924781474,1.2488987904762068,0.4916832747725821,-0.12022243353477892,0.21184463215696359,-3.554736696240655,-0.45482205166409206,-0.3931612392303233,-0.25006420953783837,-1.9344712873564038,1
-4.2671538175213675,-0.13286353956775346,0.7634923460194731,0.12275782140935802,-1.0996684820777989,-5.24881721106164,-0.5669498832104164,1.5753316465596447,-1.4470901755083343,0.25006371360715507,0
1.476328855501545,-0.4083042269958244,-1.978258092989635,-1.5726790685815655,-1.515228667740009,1.9600971557749318,0.04642926006439702,-1.0813113212120826,-1.5630569522802442,-0.91083099102069,0
0.9601973244070102,2.5464472823128137,-1.7622649122849792,0.20486430808568756,2.4526585972588686,0.8770905338806886,0.47711472781753167,1.844244413426039,0.6678943922101586,0.6322616801875811,1
-0.40500023243249117,0.29539158170158786,-1.5011460078906826,-1.2904869695563275,-1.6520754900385626,0.02108665270571164,1.542296978044621,-0.9879270746147867,-0.6966611406953456,-0.9507597221560725,0
-4.057292497160038,0.9000978832267735,0.37354393191882695,-0.85471065260706,-1.16112560711485,-1.9052600160199402,-1.154497226893119,0.32215131508440553,-0.10271741565058756,-2.3053197962163656,0
-0.06405265878167718,3.5340399015161084,-2.9203264597290874,0.020560153849150973,0.9817047453637952,0.9129413904146039,1.1836688741983097,0.7120128131586929,1.4367201459572523,-0.3368607764950565,1
-2.883998345038698,0.4737517814966418,0.9801215201261244,0.8858407471328126,-0.9904471901154152,0.10631901928979914,1.3359605561206054,-0.980947096911422,0.6187235749921154,-3.2243896731096413,0
2.521641642588973,1.704787888798533,-2.159801252436277,-0.2126728566895177,2.105346481437652,0.08017868590557864,2.709276648471036,-0.024512624225367707,-0.5888591278105075,0.48314595258397186,1
-0.24916371343479748,-0.21248672881408892,-1.0744044260297019,-0.5045926056760943,-1.3648767259974774,-0.33023329556196435,0.5135556127187786,-0.7991253422742357,-1.3323847536035436,-0.8953311090436384,0
-3.0375271951186225,0.971198246257248,0.726798754685138,2.6688827582232557,-0.2677647279718174,-1.548040464787456,-0.19620166007908182,0.02467602586632034,0.5734053096702947,-1.8410392544170602,0
-1.4798060764521208,2.025105107308752,-1.2150804671550923,1.3507701305538724,-0.05749382865055108,-1.2673741647044197,0.9508609577657172,-0.9726563465838358,0.33627678598411714,-1.8847146911611556,0
2.036080673568718,-6.697726631604925,3.635378163420863,-1.4048966975421424,-2.029345049364367,1.510192126781328,1.1822352190216612,-0.3606920727073355,-3.8942799059059174,0.7300108389837017,0
-0.5822201288456986,-1.211718455584011,1.1705057097946587,0.9381093589705979,-0.04443256924496586,0.4566460414753898,1.9648269416599147,0.3417372583966911,-1.4348150358853817,-1.3828804982382954,0
6.720643696212246,-5.050334666201791,4.441753212675852,0.6858752327081286,2.299682836332807,5.149973173231482,-0.006837197764784593,-3.3330753187925146,-0.6075043115107943,-0.4629098595606722,1
-1.7922147231631353,-0.14127678944052952,1.5379762485299695,0.4863532058246964,0.6475358087425951,-1.114518742322244,-1.0057392388170292,0.5759898265867196,-0.34078445938968027,-1.2586179749543873,0
-0.11636520809974728,-4.51625664382305,1.4767020104107493,0.9370139368194832,-3.5400998914481643,3.7575990287486323,-1.0918805717350637,1.4798441873265338,-2.3489327050144313,0.344633922892869,0
2.986304870826568,-0.51512254627317,-0.8514010754568415,-1.2984998504533216,2.0559622183990935,1.0448550004001402,0.38649477481371236,0.8342587432774529,-2.7488738384411375,0.10554803991976425,1
-1.6010689932345072,0.40231778178296734,-0.5323376250285464,1.0997000379703223,-0.7542163907764704,-2.7984804800917273,0.2916222506631849,-2.429473857776125,-2.2325059779886143,-3.525487136082485,0
1.1649389298754969,2.5396758153927528,-3.230283315835791,-0.19018979839933114,-0.846570453064257,2.9259133536576196,0.9537112554095722,-1.8698131873852162,1.6414043727009218,-1.4302632858164412,0
1.1379837993224367,-0.8988096201581218,-0.7945483823854937,-0.764971209212442,-0.11870242281694288,1.9556299547623857,0.24146979713515487,2.7694046481820767,-1.2097083612122137,2.0763435970295623,1
-2.9500907733299737,0.3102591811610438,-0.5281287389089169,-1.4991797179007504,-3.0100919315725845,1.2372212375911757,-0.8021844392180603,0.7169768050940022,1.3093261829838427,-0.47250777321786286,0
1.6463197651773527,-2.12308742964755,-0.10543998407469224,0.27890360733901187,-0.34319817629707927,1.8047489846264484,-0.28627123386770176,2.200961370799388,-2.182796448267247,1.8548636993783516,1
-0.3808437373793523,-1.1018233865065017,-1.6795234801829264,1.7179473598796449,-2.6236723128872352,0.8101286461079231,-1.341046514585189,1.6455570072306345,-1.8088470942893178,1.323081485598245,0
0.631435156012603,-3.0487344184210894,0.7167415104994654,-0.2138458479413305,-1.4669931262259057,0.15364941366740703,-0.324738354720943,1.4571889537729767,-2.420127453550963,1.9047809375951257,1
0.6872822351946224,2.4142685746020285,-1.5862424092986767,-0.18597834708330468,0.8797086981463119,-4.114633347562217,-0.24857666735111172,-2.9839116057027026,1.3886920940493321,0.5109958346865688,1
-2.8999051592733145,3.2792894263216508,-0.561026355346504,-0.7553408197272258,1.792999495257546,-1.231458820603304,-0.7726846233740311,0.9366459359092423,0.704477426349559,-2.7561151029007878,0
0.2942664927566152,1.6937344455166243,-1.9565252964215771,-1.7313159358110126,-0.3029332652117387,-1.9517282119574353,-1.3572838197115573,-0.5127279652745962,1.285304219455635,1.9475528790272758,1
-0.8276850465668144,-2.7304199425248448,2.1245297113586794,-0.09735099429059582,-1.0161716606234368,0.6598774523146933,-0.36350024436550565,0.9033296907472039,-1.6708038143393378,-0.4234494547554499,0
-2.6836231920293847,3.427228028017405,-1.209286045986629,0.15191578196714817,0.741119729897997,-1.7180434820766708,1.8442006889324398,-1.99902089320342,0.37216755603905605,-4.743963712269584,0
2.660916202451305,-0.07727860222284655,-1.8283205045506612,-1.37794017655884,1.3093891171917558,1.4568592970432293,-1.3011841325285654,1.6802163399640873,-2.4087390759395646,0.9725007558487807,1
-1.8039668785168166,0.27751860431689673,-0.9121053063825633,0.033703812257508486,-1.7067539392532998,1.8222450678655115,0.9403995689461305,0.7074322255144306,-0.6985209314265721,-1.9802376369600543,0
-1.7049667364403303,-2.899480323965336,2.8952687003110213,0.13315452817161547,-1.210842633609731,0.3911835610205139,1.7363238088498891,1.34844891474855,-0.9637178004139514,-0.05596988414996673,0
2.2859494309242283,-2.4100363422515296,1.6799410702316002,-0.027017167644053444,1.6943572892427716,0.8827452913052565,-0.678870215685374,-1.598138279994677,-3.9340638790235447,-3.248839292134632,1
-2.8960108700045457,-0.36509060527999315,0.7131563468008554,2.6853053088358845,-1.9459481938991687,-2.8419596200428288,0.4266948423043742,-2.120580872329539,-0.8479948010209795,-2.6167945800122925,1
0.24894034386982883,-1.9410699090679309,0.36816759008773914,-0.6502989524671549,-0.9691347853371446,3.63869755400124,-1.608401186930581,2.7523770082155794,-1.3701119721173693,0.582927091951287,0
-2.0820630923596464,-1.5679303067483978,1.2625371464433361,-1.5969560756991719,-1.7437298562890264,1.2085643929105023,-0.18602566320621514,1.691624860499327,-0.47834893150640956,-0.26746309863059403,0
3.728841470148527,-1.7930448887353057,-0.027920992352117535,-1.2032871296724998,1.0553171076386254,0.6342336130723225,-0.6116574084743284,-3.532419039959304,-3.79621461284799,-3.0648595437773336,1
-2.985498395014132,1.4299356333788777,-0.4213272508496453,0.2682932189565357,-1.049610925766806,-0.16203412683564622,-0.5643098941401705,0.5047247764731844,0.871226422701985,-1.6220277461275314,0
-1.3260576456794806,-0.8235534348580456,1.8242956008771771,-0.6148146733211092,0.40301797723195687,-0.41137074877922464,-1.381680034110053,1.0219577504964965,-0.23412697259089732,-0.3929776116215046,1
0.7939311946022357,-6.308264191195636,3.64333736455448,-0.43706648669361503,-3.5401347258940796,-1.1209666944200074,1.2239202016169175,-2.3676432534361846,-2.394217270718852,1.1906995507466465,0
-2.018566828770673,-2.9288181462036817,2.0275423200818072,-0.9354550643937929,-2.6604471264899576,-0.5417265936730471,0.460638122953821,-0.06094042627942642,-1.4294842813350073,-0.5617928525542526,0
-1.4731764808857266,-3.13473765413816,1.5505065431274914,0.49668561930448013,-3.2725914260783697,-0.5172283348261411,-0.6671987984941122,-1.1569824190403404,-1.7402872244900442,-0.8737099018055159,0
-2.533593940410896,-0.35373485977780084,0.9431387717091763,-0.1307003267325405,-1.9390714559391782,-2.645433184426489,-0.7574086559794119,-1.6191367785370372,0.6230047884385894,-0.7596392804945842,0
3.4274757405225635,-0.4437377868356333,-2.4473713001466546,-1.289145010178219,-0.7100251764446937,-0.15370337769842335,0.7989076727917958,-2.8043842339572107,-2.0544018643280957,0.06216804879291593,0
2.6942041545890167,-2.7059855698917428,2.308963500242598,0.7442218991269286,1.2350882979241478,2.0387685329584344,0.3765247479395033,-1.8894609846461154,-1.957543600136592,-2.062663298539979,1
1.3371472617406719,-3.7205030914821293,0.9296628400425493,-0.34864509091713247,-1.06833992857116,3.1947173632807377,0.117957303203288,3.538240825388394,-2.783138838778232,2.2888754688504784,1
-0.2308818677634554,-0.02619051901450257,-0.2599091907244738,-0.011316583385804865,-0.690683362938713,-3.0439934907416264,0.10026196086219899,-1.7156296621521268,-0.24615839009890172,0.4034717016240157,0
-2.382336158512866,1.959949212316397,-1.494006305016494,0.5531207796800928,0.49277507371687124,-1.4678442404651468,1.1982597325501452,1.2470878131436347,-1.8273677299351363,-2.4408399978452557,1
1.879798174108138,1.700349614126776,-1.8308571634764883,0.44450169353043195,1.6878638354570796,1.5844602499894571,-0.06885629150462086,-0.46481535000220153,-0.4487192698518664,-1.3343278226732984,1
0.8418212852178483,1.9293741902622246,-0.6165357083589438,0.0879615586179422,2.9128146982586927,1.409116063409886,-0.31607974940378175,2.07330821305637,0.5916519601389194,0.1377703881675234,1
0.017791599980331925,-2.4894712187541996,1.8670934531883971,1.1204504915105322,-0.33948029313813155,-0.02566841289432209,-0.018819678361340055,-0.3551070337737259,-2.279308080572486,-1.2493242908449496,0
2.681529158514306,-1.707750117534164,-1.6622109251116308,-0.6855366298256818,-1.8648017996014534,0.566213484113691,-0.2499435912615692,-2.208026523200429,-2.4444060310477425,0.09875022720961679,0
1.3672184410722623,2.155236329607752,-1.3365673905518844,0.5842302068737311,3.1644417868183705,-0.9712437907822085,-1.1836787845202303,0.322837557854192,-0.9063295270540168,-0.7358624577660111,1
6.155341716659024,-3.569849687233306,2.6745155911113248,-0.23681187478932472,1.7604245215092527,3.521082031988436,-1.3758556019171673,-3.3092978425650763,-0.13196647876679746,0.46197004261661867,1
-3.9473638735206458,4.695686765347745,-1.9052429286229828,0.45139595241603503,0.8439803608707404,-3.361561534541487,0.4013213737267121,1.1587704132289787,2.314725263635053,-0.6811035571064437,0
0.22721289489547492,-0.3893693963150262,0.9533236065256321,1.1268019242896752,1.146312589555511,1.5954675742205706,0.3939368139952677,0.23482669331988038,-0.9014133184776668,-1.9673998808428048,1
-0.3287841031997565,0.033565191825743274,-0.983502944895452,0.6808862123789485,-1.134900651326546,1.2555540722458498,-0.6049617538213081,0.46166261391732055,-0.44879423689352205,-0.3553672729830126,0
1.6916976899784324,1.0631343577839247,-0.18830215804267603,0.5170285631908718,2.8987910696870025,1.5838969306764985,-1.1643117743972096,1.3931766616800316,0.04580471949917042,0.051193233369366764,1
0.24323549727792443,0.6706704927592663,-2.7279114092867385,-1.2459023501092221,-1.0349781293714064,-1.7605714965157473,-0.20966001269772902,-0.20209863174907416,-2.137366799665096,0.23747843323381423,0
0.33361162833203917,-0.6955657859177651,-0.9996914263446045,-1.1753190489050744,-1.292987190242188,-1.0465314310676166,0.49414934480535166,-0.5858645092816462,-1.556000189851374,0.3514963346256388,0
1.694605976617555,-0.037853625738782884,-0.29868360471329747,-0.8435900228955672,0.8253296923790261,1.0509576758839918,-0.47476324181487695,0.48369117330915834,0.32648660377662764,1.3246249810545903,1
-1.1194660528519804,-2.461836126709399,2.177813829414072,0.2693172378464116,-1.0077233666839849,0.28523277228655797,-0.7124285899365972,1.2020319537332305,-0.9858796081144122,0.26535858431226034,0
-2.4973561671542535,-0.3278763624517544,0.355274231518669,0.5859841797505183,-1.104645198838496,2.912193559866967,-0.2430121306258299,2.8371028019034004,-0.6088779029673075,-1.5374681769636835,0
2.7972648205496244,-3.3780893607070985,2.5205962165387996,0.23850487380859514,0.6131216271069726,-0.013584862841073075,0.2361348139590144,-2.4324473180418495,-1.9978717250492686,-0.543263159434432,1
3.235974526117768,-2.2483717533009484,1.3922338572682473,-0.8300766992136013,1.4454050745346985,0.09229487241619516,-0.6553509016152382,-1.976064949459353,-2.1943226970460135,-0.6159730073999969,1
-2.573205286804082,-0.037238157882698686,0.32115512105376853,0.26979907455798763,-1.7092560107492445,1.0723446450017906,-0.5638699025053332,1.2307739092840584,0.6298024534214497,-0.7132358426294751,0
-1.939729270040723,2.4880444147698917,-1.3991882298776466,-0.7765164241798586,0.2612840239146075,-1.4642181836194568,-1.1690236892193677,-0.9281959340094827,-0.09949833098747751,-2.843892780004043,0
-3.73984086756466,2.115247997188257,-1.2750818784836335,-0.6711491080756229,-1.2951802856438746,2.76342690613071,0.46976268963410817,2.8529851639343597,1.0429760864836672,-1.9613094699115665,0
-1.4606291703687746,-0.8120639701801544,1.6005972993181874,0.5195098881083026,0.3561340971743747,-2.348677325498105,-0.09054123974837629,-0.6869554195877685,-1.6304259885012455,-1.9373388676697587,0
-2.7007427056313507,2.8297428012498127,-0.23366656064678593,0.5540455708397536,0.18691836888480462,-0.5531033500105812,-0.11557084180660139,-2.5028897534787076,1.6804496413843113,-4.615065288640185,0
-5.1218020157422295,2.15318556613756,0.9858273972399823,0.7038261535397329,-0.11933218660808242,-1.473969459063769,0.9892740452342162,1.0979490708010382,1.6914576396374388,-2.616437210018401,0
-0.5616309658984163,-3.8745303483810534,2.288118148663037,-0.31048356431258967,-1.457208150056621,2.827520674052705,-1.0375918714896566,2.455556744256185,-2.735651592879413,-0.3135195337387505,0
-3.973368460998825,0.8287812853787979,0.7382055220292387,0.6799398728347459,-0.8932416135641887,-1.9365562645658243,-0.8574763465429882,0.1468309268226814,0.07597419376670755,-2.398477083385636,0
-1.4139141407139646,-2.359856359338825,0.7573878955917059,-0.18115087673127475,-2.858141940754622,2.5583791737577988,-1.064517973083039,0.9597682879558156,-1.3530869974036788,-0.9559028851046939,0
0.7605000201146296,4.264989905782744,-2.7058424050706034,0.7921384263621614,3.048385055118012,-1.6366760382944827,-0.15757260122303976,-0.02250169244425848,1.1469416162397459,-0.14681336455702332,1
1.7077597181505084,2.7811684483752277,-3.581991269478885,0.10336019866256024,0.17333500408078795,1.3351568048020788,-1.067073216070822,-1.264514554224746,0.8459937802367623,-0.4318751129913212,0
-3.078950451108808,-2.145985423421496,3.003103637761008,0.3374010703246616,-0.968910570788453,-1.7734302846023264,-1.7717547790318953,0.16504308855720018,-1.5775219506139155,-2.0409302315395124,0
-4.569528239737007,5.164506021749272,-2.7096135250677342,-1.1189242769760182,-0.5064221723722043,0.9057047934900639,0.016526414134551155,1.5634044279931492,3.1106362550698026,-2.540048834183165,0
1.3160979255360654,-0.8198587331074567,-2.0624316357888457,0.4042119146002209,-1.8550674593194847,-1.238393472001389,-0.8391465791708572,-0.9222451098303402,-1.9886873856068124,1.3000892843342817,0
1.4641529414765775,0.22469102985164954,-2.638434732422698,-0.32116530149040856,-1.2863806424937314,-2.478039159022418,0.18096463733980891,-2.030885327205752,-1.7212974825784149,0.7935784450983117,0
5.780916736824638,-5.878201426254029,3.7350074356485137,-0.26839482087500266,1.5594841305376301,1.6214859548172225,0.9594235570618448,-4.8023178091948715,-5.241476999816985,-3.304899622045289,1
-2.6624253218048746,0.0916457622528492,-0.2993351115332976,1.0172413511892788,-0.5544320228390562,-2.972158443942918,-2.112888358164718,-0.007309591069724508,-3.254345405847435,-2.9342562687358322,1
0.6472523859229453,-0.22817077483543194,-1.6294386298562304,-0.5161448693582567,-1.1841913662192007,-1.4943343251979726,0.06351555772689924,-1.903523337797324,-2.1758651481376132,-0.9656991493276195,0
-1.210381100505558,-1.577001782877388,1.4518288341781562,-0.5722064947808724,-0.27772838419149815,-2.1476593760401546,0.44113385598605676,-0.3925254643628472,-2.4251093789341613,-1.5072993064929014,1
-0.8192434285490301,0.34288402664832324,-0.6879898360099592,-0.17750852548919108,-1.4723085196901373,0.508922470034018,-1.3022662379689898,-0.6538464755523395,0.5664997259012012,-0.5961989022979753,0
-1.1477964334137034,-0.8057812674575371,0.4522670888269491,1.001868807621903,-1.3714599706027488,-0.21968205396674467,-0.2283128647192489,-1.6709719152757803,-1.2863360841804719,-2.6763482255552655,1
-1.4923749252291916,-0.932675289498783,-0.9532096551971632,-2.490751738300821,-1.679156344724574,-4.185381964256765,0.4656175052787541,1.7961188581615795,-2.431964461297474,2.607208705837081,0
-4.009643639275412,2.4487420453797237,-0.49053178208803194,-0.13198089873068228,-0.4562363062251984,0.15952103891808145,0.1624439052040752,1.7890396187763336,1.5720691411053038,-1.760633537056818,0
-0.7716703639278706,-1.7279464548565087,0.05741240962474947,0.7184797386806455,-1.8336418443096374,4.525176258454277,-0.30581946332629767,2.721926910769875,-1.529846856317208,-0.7784211527467193,0
-4.358771702781515,3.2842510247999464,-1.3213048334641342,-0.3486325207623062,-0.0030780429042744917,-3.6191965008395774,0.7855486691364012,2.152550031718813,1.2665984977728586,0.14600545129650166,0
0.37111299163404055,3.630184012148944,-2.0876148559626557,-0.4405352624849119,1.378178142891953,-2.688091359258059,-0.689766224808138,-1.7012202204789202,2.7919712667343193,0.9209961109920839,1
3.884255027530179,-0.31578887623458435,-2.2471819620678817,0.1131674594287368,-0.17065718603382107,-0.41929541515981283,2.1140533253519385,-4.40173450918054,-2.471456902773105,-1.5690898784984206,0
-0.8457660762402073,-1.9194950072186412,1.0539606022145327,1.3180612898373913,-1.1504448380338612,1.7398374078275376,0.342995114071306,1.0685979397576493,-1.7326465829854905,-1.1614596747518038,0
-3.8110075324311614,1.0662602040022062,0.39259077059282166,-0.5686423109401264,-1.0585422743486754,-0.2405031564140392,0.8204381441635414,1.097732587872754,0.8561415622729749,-1.7974437593347874,0
-1.970571830974739,1.5379783275646892,-0.9162043986136434,0.5641169264001977,0.0236841848660434,2.611970719218066,0.3511701427617313,2.7989129981263794,0.3418857758268239,-1.2369814856963406,0
2.029537290117958,0.45386071964622593,-1.6778376782510014,0.32040352060970073,0.026761012610148294,0.36955244905163354,-2.1436862289285394,-3.3090153647321663,-1.6370402656264007,-2.7235640242549657,0
0.5463457754146925,2.344584539567135,-1.9717447623761073,0.9467504391358753,1.2715383383507053,-3.0072953704119785,-0.193849134422538,-2.4349573060749874,-0.6821278495692047,-1.641265050271195,0
3.257996491765845,-3.920043230144949,2.9222575768960093,0.8764954501520517,1.1135768245258948,-0.1049927763757248,1.8642087960727245,-2.7038858292985903,-3.063480435398524,-1.2549096794474426,1
-1.7265482022560052,-2.8120499393776432,1.589400433226065,0.7842881257277071,-2.22525725950304,2.6901750154869193,-1.0629703969781317,1.2560044373969947,-2.3034179372125037,-2.1172291668295165,0
2.0421886893395804,1.4170796087348145,-2.910999036287955,2.010940884560054,-0.4155011135783978,0.22758397981120715,0.1191005684977072,-3.550034475569898,-1.0139833951145818,-2.3097429161329055,0
-4.294363288604937,2.8465627944371654,-0.336803251535321,-0.1767541819348135,0.3193793387056336,0.3671538488449757,-0.8979520518666041,2.8906885596482663,1.701805078865669,-1.603246962802661,0
-3.353085400115456,0.30054056164650034,-0.16410729317555306,-0.32148601236770674,-1.5558226148246674,-4.253110892145764,-2.058526088833248,-1.3798005318827766,-1.958298606201114,-2.613341660536582,0
3.0918930288036566,-3.8694214418135333,0.5474675829646947,-0.04363346973801527,-1.105890005291701,2.0407309039557644,-0.33558254393822484,0.62945338506244,-2.8179998884274324,2.0962979791255565,1
-0.1348812750802911,-3.1463281688359577,1.9835973187971971,0.006547891718373756,-0.5474763112415019,2.1199937917376097,1.5353277333766129,2.12491740654448,-2.603928218136678,-0.35200824352528437,0
1.6496005993817249,-1.4399256357218804,-0.5163478476125744,0.9762270859965708,-1.4103472599426512,-0.9580612196065053,0.6707057653991766,-1.0994319717649117,-0.49644746557196295,2.2415378952405876,1
-0.9970755817835678,1.9318978138094476,-1.1677904547707951,-2.1090591030208796,0.5607543181047476,-0.760453363418836,0.7665080008396467,-1.2470245485970834,-0.5709920179176925,-3.0500577661574053,0
1.1732524799977326,-0.7029169785873383,-0.672260632900174,-0.7905285690539755,0.8748511439197171,2.2447631713954443,0.3230954213178931,3.419922700461111,-1.9851566342311624,1.2968429004027113,1
2.664293602843762,1.5636646072453981,-3.6223840550106887,-3.4533540831877665,-0.14549797975607626,0.899126930564198,0.3845595606383855,-1.7814449271443609,-0.935520030364244,-0.4504481324294488,0
-3.688182393844551,-1.9703205485923916,0.8976919994847252,-0.5891604389306629,-2.27404440921622,-3.779894120140446,-0.0727075627362879,2.0414212926196598,-3.1790538068170595,0.22818747775170412,0
-1.976091010013892,-4.4322080401811945,3.5289589903566143,-0.571825785724448,-2.459257795097793,0.7621885021517458,0.8502330518370192,0.7174743146011342,-2.260384443062472,-1.0550356334228956,0
-2.664502499902541,-1.6727442887456183,0.3789316587180369,1.363834880203104,-2.4043330499338245,-3.315012927986895,0.402345148424548,1.0979423648609616,-2.272041552557128,0.7661101050618866,0
2.500307205903825,0.3136040271441871,-1.6696754028936283,0.7176951701866363,1.8641443355789247,-0.6952644906133199,-0.08914798782034095,0.15623178856617137,-2.855840512118438,-0.038780287752734566,1
-0.27895885854622626,0.8549474090565486,-1.344676954108405,0.14073572642696686,0.45175671635081627,0.2749066170976713,-0.9307936236932695,-0.8750071605356532,-2.788293649865882,-3.945687481491843,1
-1.4560248737999684,1.9266893997248402,-1.0804150404511104,1.0355390177754167,0.6397884934831153,0.8507169237037522,0.23273655767532012,1.2292548099924638,-0.029435029182828032,-1.8092206484051587,1
0.7330394867018395,-2.5303064561464095,0.03374062933569677,0.4173783621434519,-2.5052431624207294,-0.15550828032527175,0.25445614468682576,-1.5401918567726962,-2.003105569715228,0.07201276972257076,0
0.6897319363986617,-0.17813806680069696,-2.0280436707212415,1.4851555637091622,-1.7116258211212072,0.2598528210078723,-0.005792889235225176,-0.8740264035925019,-1.494129308991779,-0.24927059384305117,0
-2.2236148879759283,0.4464006912473965,0.09742576433165584,-0.5908353099238673,-0.24843473525597093,3.1126733428579154,1.310144387633882,3.2097979610984897,-0.07070367139139888,-1.3341619960641844,1
-1.1972773965223498,-3.213373468063044,1.2047423620276478,-0.05326255999368678,-2.934409265478709,3.305927899923107,0.42745540469694027,1.6937895992390257,-1.9532789378560382,-0.7022489748722038,0
4.676946167876379,-0.7438058912356716,0.6605132187688464,-2.209079052487446,3.067073101890041,4.274429694989861,0.2587381947209566,-1.2056656116447133,-0.6903017550687005,-1.4475030497170145,1
-2.7008552749753125,-0.714127094635067,1.051343513227175,0.7532150359989478,-1.3600008821897271,0.0926431966246255,-1.1150770384098139,0.5003091410417817,-0.8108282254025951,-2.0679594724011374,0
2.9014967028605083,-4.036958582233796,0.03959075335522688,0.4230962439934246,-1.4379721362194746,4.525918803574632,-0.2516405146847802,3.3118023429149197,-2.969824819690853,3.025115195800636,1
-1.9954173422305883,2.2111946824537965,-1.4903814343296546,-0.37478379381323196,0.453956697249593,3.429468535911436,0.89949996247716,2.8387378855223853,-0.11605272230240404,-2.5655681325667343,0
-2.8825197536538054,0.45384304435009987,2.3353569754211434,-1.3596790876860898,2.1148170023952404,-1.3928259773656388,-1.2212870056654783,1.889256123400211,-0.5682488797600105,-2.199536067774642,0
-1.0703828214590974,-1.989699934182996,0.9505261009245546,0.010051572234199141,-1.4589884072206938,1.3337445207383631,-0.01254894461614478,0.4472224363054885,-2.2435947774695957,-1.9166472720720882,0
-0.37929900683008666,-3.094816613465223,1.7040669416601,1.5007363826579414,-1.0716218664723245,3.363113858025925,-0.8109332246388214,2.6784270107955876,-2.308341904124151,-0.3678749207953651,0
-0.3097429950216216,-2.852244069822963,2.476695674414834,-0.7448602791352117,0.030429088484733358,2.22901242299481,2.018565712382927,2.2880269287605506,-1.8905729486953404,-0.37095918553469454,0
-1.8895723313606323,-1.8224027743622995,1.7203807524791506,-0.6250421346000665,-2.1034904841013424,-0.4382245740929285,-1.8513587079899194,-0.47667960824762945,-0.08704556769447569,-0.5269603362125798,0
1.786408002223612,3.907268166165303,-2.7497438969668213,-0.669053934716029,3.056434539178011,-0.6049023807628007,0.85250127595504,-0.28070696518364424,1.3160719664014056,0.19772571312613219,1
-0.3300393493570286,-0.0642020780276686,-2.324454025747083,-0.4883132124733428,-2.314383801491049,0.5990495889788072,-0.6094406290058797,0.734227452558605,-1.3880042710663338,0.4815809723490241,0
-2.126944947876762,-0.5867671491391525,0.4512769283261149,1.2633272591179092,-1.1562644744957056,-2.0328640669481715,-0.7494579728618296,-0.9898034655605952,-2.004004739627189,-2.5214311761889485,0
-1.3410093576418811,-2.8418415988851233,3.4823236837644895,-1.0770127008487727,-0.17669844616754227,-0.9543802182711181,0.7230958871534814,0.7049309725388878,-1.0665059390943328,-0.147313540284553,0
-0.9032828707199726,0.995920652322054,-1.4994137648141872,-1.2480759525898173,-1.0881917532696763,-1.8802225194115814,-0.3061851362477693,-0.12971437037799693,0.22754643027508425,0.8579692456521983,0
-0.9687365033233891,0.902680963389546,-1.2733215136722522,0.41196504454313526,-0.9125275324203392,-0.5194539516419006,0.19645108104365847,-1.5149607785035282,-1.0063673230834567,-2.581656949265988,0
-5.191933077390084,1.0520410032737393,1.6354242609453316,-1.1541132267947551,-0.06387326890816536,-5.824331397004407,0.4601757952190857,-0.5210438609452207,-0.5516009421614373,-2.7731537515232176,0
-7.699622395669288,3.294767239466518,2.0347299899475426,0.9893114319002247,1.0010521564025314,-6.679307473696566,-1.77626963431885,-1.458575878476927,0.4236610271709229,-6.354048416062286,0
-1.6147331010598123,0.16915290319366558,0.09691601818084572,-0.9012997076203142,-0.4606384084196613,0.9230663948938298,0.9715517109684616,1.1884471415524474,-0.3563688247124748,-1.2054225582216376,0
0.055784404570018736,2.4474524609607946,-3.339992319644012,-1.197157420692021,-0.5514764943759386,1.0146115752748015,-0.6945068504706754,-0.4429103978873362,-0.20456391661112416,-1.4162881732356967,0
2.215751660562455,0.9530609204482571,-2.6456967902026363,-0.5478080535254268,-0.7745006380275401,0.09322392834425419,1.9332925138120347,-3.433679692218817,-0.61631428990085,-1.272549907772917,0
2.708791100136018,-4.980980640060056,3.856258755406189,0.22939194074997077,0.17948611300242245,1.6709841256602262,0.23201646640365564,-3.2845597541687637,-3.4777652790013454,-3.1415716512753957,1
0.3297676260679574,2.259868367199301,-1.6630974687412312,1.4397357460414526,0.7271919337924699,0.2821350687243298,-1.6094141434174631,-2.516920051852699,0.07833034914382742,-3.3077867720165433,0
0.606299610109462,-4.584255819919361,2.773655584100498,1.1672470934456998,-1.2612207531938942,1.203126444699473,-0.3599486648132468,0.21622453714389867,-3.2550382151577932,-0.5355388214218288,0
-0.9740512130871698,-3.708893421609328,2.003845477107795,-0.08555983423369973,-1.8626626440167473,2.0673926931098627,0.06953332989622589,1.7685576413926345,-3.0826959090184323,-0.9605459850240234,0
-1.8585363978066731,1.7537167705646004,-0.6225540369585494,-2.239747187687283,0.1625342466157702,-3.017605716944662,0.765236753779399,-1.7592261768202404,-0.28699052560792393,-2.4309056168297314,0
-0.7310212401260259,-2.7864755961700545,1.1481835774429845,1.267168637088249,-2.0024421039066054,0.8556261445641684,-0.19676439542770313,-0.32951652446455826,-2.8510131606274904,-1.9175805037196865,0
1.5424967272612138,-1.3285058630184619,0.6159950750344303,-2.341530409391073,1.7519788491131174,3.6758303459588633,1.2372625851632273,3.432971562411544,-2.066463295798358,0.21434152206910517,0
-3.8029745749257193,-2.0202652633722633,1.1580627894914537,0.9831402277945873,-2.762276574962199,-5.409314346552341,0.783741480163779,0.4092808284638385,-2.581978786360373,0.3571715944105691,0
-1.8184710368549264,0.5544630642147625,0.2169778095243885,2.143365982742418,0.22069487352794837,1.1012536580853036,-0.8057858969738931,1.9256750781421201,-0.23476946229606366,-1.249586772406768,0
-1.9626493126943094,-2.350129163103794,1.8433772889539952,1.1392905176591448,-1.994679907177928,0.7940292775874689,-0.00641121737184105,0.9154191666481252,-1.0607638860674236,-0.7320248267014607,0
-2.3565041164729936,0.8881197334850497,0.43722701680914733,0.18909955676685122,0.40293383398628957,-0.5649466656542097,-0.5681449052554144,-0.13398329640770523,-0.9378793408422245,-3.4887049065882283,0
-1.8656902400526718,-0.7205589188275627,-0.4718088776576145,0.06664000216842422,-1.7815210286470078,-3.1172422863018556,0.24155679420538098,0.07536577943201306,-2.1832474090206704,-0.0875943265734278,0
0.4868652982952117,-0.464812241480353,-1.8652075915924327,0.7655040837808318,-1.3334268834864416,-1.9983060442793832,1.0930998828254233,-1.1467396883347791,-2.9005451810956746,-0.41060757436995743,0
-3.5135209773295255,1.2350011988029932,0.5441879812276414,-0.06779753777992059,0.23178935009331547,1.7718167560072735,-1.2258637713038287,3.5525220047926593,0.7158278214114957,-1.3746057276951986,0
4.215924966179576,-1.0658325194477982,-1.616558559856867,1.040853540063158,0.8434453349310109,4.145590603641219,-0.7375609741578123,1.8381629957012398,-1.6322045729131291,2.0706150118644704,1
-0.05391550888135054,-3.687631725075333,3.54718071934007,0.15746924233453652,0.3512909808631175,-0.21846977547251356,-0.8809525834765903,1.4709487996581234,-2.0913159472588574,0.6046314175143805,0
3.1597149813288183,-1.7036809621472133,-0.967891474020389,-0.8711899537846677,-0.24266902930131495,1.421227389101702,0.6253262632955047,0.27077244605052764,-1.9224811841327805,1.8586412262926157,1
2.236077706433838,1.8900028234225628,-1.7524148085775486,0.6966348405710594,2.850100920954329,-0.18615459397207346,-1.3898757328043652,0.11589705878402634,-0.909632848778886,-0.2747927573432374,1
-0.9298193599694461,1.6812616653985875,-1.0174776346192602,-0.6821146593125106,-0.43444742094184663,-0.24629061164987043,0.3149284684444221,-1.7587858385270896,0.8614453879431794,-2.074737115731078,0
1.3186557709126543,-3.779520702931547,0.8298859208782168,-0.44815761878521787,-2.2160234968525048,3.5645619721148805,-1.1525966012178852,0.6050168619772455,-2.67115561696583,-0.11148910570835491,0
-1.1500006527961957,1.0705574041913066,-0.693185272944556,0.7306027791124243,-0.587718324052462,-1.5632702976370823,0.8962785583732785,-1.238009771378859,0.3091499307365386,-1.0464418392812014,0
1.273429457894246,-3.581675541170628,2.6233400961858795,0.013144788559767907,0.7282221773495301,1.2697945775324646,-0.8027776748685957,1.1738564469421608,-3.1107420818441827,-0.30655584858980767,0
-2.3952756531960064,-0.6687180358380629,0.3192991262042747,1.1582582807780262,-2.074392505042666,0.77154573849907,0.8457750635843653,0.4667881674693216,-0.640534538198072,-1.6490875166408956,0
-0.414682400677663,-0.11759727941869792,-1.6510645496968794,-0.3002392599223624,-1.8394261595497137,0.16594672116171205,-0.2333108518822189,-0.1675517996416539,-1.4687525740104623,-0.5887817232344067,0
1.7259757414874841,-0.26953742466809083,-0.4275570695355364,-1.0067330625183881,1.3842164975628313,2.717468922857783,2.0392020447224484,2.5665860010880452,-0.8071420543607117,1.1517739396864548,1
-6.11050275314349,3.2340242503011427,0.8245488686364579,-0.3882785586980988,-0.02421190728750333,-4.9730830023094015,-0.28374718105791114,-1.2950592845589544,1.797982138056939,-3.9164340866005087,0
0.4985462034544518,-2.664404115382975,1.6660763734383042,-0.40267255994220236,-0.2672824095743277,1.149699979132625,-0.08322157940302932,0.6549269992334382,-2.239061074719508,-0.49355234790044644,0
-1.8370472069927688,-2.3473774714775835,0.5534113816537793,-1.4747960267817681,-3.7202296782198827,2.1727749868801776,-0.8655628263964125,0.3378953828019057,-1.0369948814746472,-0.9802217303383614,0
1.2691570674508248,-0.02535218731744352,-0.8809675352166269,0.8056694031809298,-0.9271257851090569,0.8623012178762808,-0.1643209369308024,-3.4433466698781534,-0.4820461202294396,-2.4425431068840697,0
-2.260784549044369,-2.096618343078168,1.6447734942915893,-1.652243566940978,-2.319125916268394,-0.08537401867666605,-0.2326414366821449,-0.1306040859413482,-1.1079919993868868,-1.385098402185057,0
0.10141745273006547,2.589166882478576,-3.0035730000176146,1.387710635805243,0.2587883272956013,-2.0424393740391222,1.8538161755900895,-1.1483081737775016,-0.5186993421807171,-0.7557003134627678,0
0.6023271337377011,-3.9193277581894455,2.07483932938892,1.207446043962938,-0.3292346027336992,3.411321804736585,0.4438612307304131,2.2720685816319595,-4.057634882773073,-1.3486882327865888,0
-0.8139177587532057,-3.8164966485739575,2.61396620341588,-1.9072190710079198,-2.126094823325924,2.1815723918292456,0.13895057305509406,1.5810348057519188,-1.1840473868842056,0.5551210726338327,0
-0.8323076698072107,0.24379024955104697,0.8153158718112918,0.4830535716514451,1.4143870161794014,0.24214867118111616,-0.8531209690758187,1.3814208105564798,-0.7445636064040537,-1.2234308933463136,0
1.7368618653713805,-1.268690410767827,-1.6931411054031047,-3.532818187678899,-1.3962881592293814,-0.7750431427565008,-0.2687134460706104,-2.0426729362086844,-3.4320633576966775,-0.9775476159460929,0
-0.8515330393906002,-0.8067423377056869,0.4117160142501186,-0.04693432583560569,-0.344775590800786,2.3672274574765932,-1.5511170585991298,1.7906322692261483,-1.3485484980848217,-1.3624919401071716,0
2.336123605582523,-0.8293260489111224,-0.0025576369819242384,1.4030334275268657,1.8653158967172183,1.9515516010674885,1.6624987657836672,1.6119759927708515,-1.893540269337561,0.38118234949714125,1
1.9804982510115854,-0.9276362669837134,1.0600812260070749,-1.0530827448757445,0.534685269784337,1.3267246999099065,0.3186630921757059,-1.1403794389119162,1.1192376006899765,0.7734659061883995,1
-2.228915277749039,2.973083919930512,-0.214101865303719,-0.8830551216083591,2.6504007332358106,-0.49158468840588077,1.124176785112353,1.7441606711166489,0.33897135394106415,-2.487197617767655,0
0.20091795814640834,2.4853439487356903,-2.483516007339927,-1.1029144697652733,-0.5106513101448017,2.289639774545653,0.3680649377469412,-1.2128701441773067,1.5626635018199058,-1.647883376596639,0
1.8111540572114526,-6.854808030834059,5.099878628267217,0.7201634327682686,-0.11874245379414372,0.30400471646643157,0.2290329605981383,0.4390283065430184,-4.387042552535734,0.5370708450636681,0
-1.409942575836487,-1.4477319043938388,0.7087623233477992,0.48653330277936463,-1.1500707634227265,3.054164298276161,-0.1370588154137025,2.5048280894152066,-1.4358928635429045,-1.1199292612699534,0
0.5576269837541918,-2.142828261540518,1.575361658114544,0.06493297857269315,0.7237351471903344,3.0593513564539743,-0.45755418138145815,2.988903427887754,-1.7474528721786249,0.20736874932853744,0
-5.154509354065888,5.142704956639063,-3.7294867641759724,-0.15117767335236626,-2.2338303146616636,5.038719061551914,0.5084471037977766,3.867065116765983,3.90629950137158,-1.9792017552827996,0
-0.41710157025494005,1.1123095605611746,-1.594578637876161,-0.7850270002020256,-0.6749643531793315,-0.07178602879045126,-2.1027889121949874,-1.2714078908512392,-0.6932555995503082,-2.010585843009096,1
-0.3829821654022845,-5.3448957186449215,3.709233211821414,1.2323792000172902,-2.347250711978229,1.2773665011717847,-1.4623857318673907,0.725136353037539,-2.2462969036843567,0.4790726942938488,0
0.6587494454285078,-0.09483166869627202,-0.1261843802280982,-0.34931606368447105,0.7917192266505202,-0.0858049042704776,-0.9374606876851576,-0.649989556192091,-1.5618064992191167,-1.5421688550008612,1
-0.6578178369218068,-3.8937543858643093,3.1319734880739993,0.21674008786497512,-1.3043242000732251,-0.04251909150295985,-1.3697764892591158,0.2900355917302373,-2.0249471637115457,-0.18911179839525116,0
-1.555825194368348,-2.2193935655609156,1.697592999840409,0.22175774643338916,-2.2603697659815802,-1.9507292174973458,-0.8354803936420617,-1.8311388568321938,-1.057394922690279,-1.0139964573799556,0
0.7206449066400707,0.5469413209871465,-0.6940527553605786,-1.4267950328241767,0.9575248252799168,-0.7979702617821769,2.2809993380748588,0.5199725748727229,-0.4842372892211132,0.7610471544275936,1
-1.4695155337809527,-1.3078014820081285,2.648745326520823,-0.336185803621952,0.6258437111241242,-2.6870316215809567,0.19108043663225058,-0.7760170477683772,-1.0678922358790008,-1.4541266392194387,0
1.7349723678954365,6.451568789919779,-3.5405798502883203,0.7836819490363669,5.126334546705165,-3.9837739799244987,0.0075386304576006745,-2.813051643651425,1.5522198401940819,-1.8299547476982703,1
-4.323290671435379,0.41597613762536706,0.429938219937384,0.9858992329492445,-1.6394009333645465,-2.4263349823242653,-0.9061128730223914,1.4600998403567136,-0.0878773500054173,-0.6452349580910538,0
5.138259368927117,-4.126208096379949,2.5279612077777376,-0.5784162376782022,2.0478691096283868,1.849493983345909,0.20449204185500447,-3.7853783664270857,-4.495226821282387,-3.28786930578035,1
-0.44197594175569327,-1.3613225639395663,1.1377223907106637,-0.19552578102936102,-0.018783733229524868,-0.7127277827403802,0.312419820099923,-0.8956819562843261,-2.3658638885094243,-2.3481553453622412,1
-2.7727215210505385,-0.8141706141519082,0.10276177601223901,1.5976993259609156,-2.2720963123293316,2.3872982899963735,-1.7007569365345856,1.552176412850034,-1.4183790842223272,-2.501652101583736,0
-4.309002717270078,0.06566234519190049,0.5597449742555173,1.3706083814901049,-2.3629525083641907,0.20744438012404454,-1.7038313351662184,0.5769401284479484,-0.21102306800241843,-2.8957836749560375,0
5.030084920941491,-0.18349533632584228,-3.830745043934173,-0.8957046005985632,-1.6139337590756586,4.946845658388613,0.6662585402503062,-4.15157441151602,-1.8096962213002032,-2.3732594468666637,0
-0.22032200421663048,-4.0220707566044664,2.136965237225665,0.6020525232101246,-1.9354061046801547,3.58330869433361,-0.3317733937447442,2.638072959366084,-2.0005872419641793,0.616073158112858,0
1.324055272854919,-2.3920613659262524,-0.10567131399789065,0.7607447616353589,-0.31541537890840243,5.261821995565205,0.018382032771019827,2.7157034143326704,-3.7950105717094167,-1.541382605073675,0
-3.1904637491262773,2.4686186920534205,-0.596232428796073,-0.9983709436379924,-0.31681427400753026,-1.0588813749820358,-1.7855022693052407,-0.3171382029729525,1.328681496311606,-2.429691804970968,0
0.18797377898917492,-2.557707186170766,1.9411117758931402,-0.574752983207413,0.3032122976810312,1.1158649475556945,-0.8345405524327041,1.6000708570988742,-2.3531961597351607,-0.3372406136482944,0
-1.2604521205531103,-2.2716218492977696,2.4442361080921096,-0.29359595441326725,-0.9904114899253843,-1.9844948697882963,-0.668367624731245,-0.7559218136475447,-0.8528858970311052,-0.2520242480629751,0
1.0184357363345895,0.05664662520015655,-0.18125161746608942,-1.1758802046045926,1.0930550719571863,-0.6585356675089962,0.49863932551669454,0.1697726951120938,-0.6991616353913357,0.4927923176400303,1
-1.8324777149373443,1.241407706154913,-0.3831523308570801,0.5027991968111057,0.6558419156024603,-1.437310938072673,-0.5870609184042378,1.5739014220678884,-0.4391126220095328,-0.44522902849022705,1
-5.21772885500377,-0.4081391118668502,1.4452376814486412,0.9392861602110463,-1.4733971935723773,-2.5950966125096375,1.5959752401492586,2.1998261750224866,-1.3632789205558573,-1.6368962691603919,0
-1.9778662283894388,-1.561464421353175,1.4394243723544013,-0.8769370657007479,-1.8357670299868794,0.6631660218977304,-0.4405169443598121,0.8788886171551885,-0.058760022147263946,-0.22725054164357694,0
0.6489009916209443,1.2871710209655531,-1.2286216646054768,0.059465927375476235,1.832383220938219,-0.011019130141825206,-2.216120646951888,1.8475869627458106,-0.8639864840229157,0.45911222601173096,1
-1.5998179609170422,2.9065122369093093,-1.401360281033473,-0.3501729246834748,0.9165140637253044,-2.3469103316749633,-1.925643024558334,-0.29206529323407115,0.8631692487590528,-1.0197746325467296,0
-1.126352128047068,-0.5899877765801728,-0.04941305336489177,1.194046983662575,-1.5631676007978332,1.067976321543799,0.3814415253190378,-0.1279534053316378,-0.7208202321584299,-1.4817259874069757,0
2.464921975995391,-0.3716899780838478,-1.820659591937461,2.886548061715323,1.226395555410537,1.8409745615083764,1.0512522102742219,2.549854904103129,-2.957538975107475,1.0843493834061342,1
1.2405222116018524,0.5456448353005335,-1.3704625857397117,0.7609345774136242,1.0476470314846922,0.5692134485594826,0.353958139978882,1.6805947696805794,-1.0291192249640713,1.094307828570419,1
5.302502420297325,-4.575718279735742,3.605981714060008,1.0446044599494295,0.9438808527801607,1.6615853129001477,0.7500013962715297,-3.5535572315505863,-0.379121219825137,1.1488909963556693,1
5.564743957385117,0.04266583899182723,-0.4243072078046364,0.7464972032643885,2.677991976656414,3.8866791323038195,-1.680897285644227,-1.8204482978926637,0.9131413329364664,0.4511326902158914,1
2.0778657669501004,-0.1602374694632179,-0.6647533688184387,0.4116673282159038,2.1190513779154045,2.1891078911337924,0.787161518018172,2.4355529488413845,-2.03674746174352,0.34793123042319407,1
-3.104316831631956,3.000243406636083,-1.4829018286181523,-1.0595975050106248,0.08575167200195599,2.1081856297371884,-0.23862971487182286,3.1279913983641285,1.6067712565938326,-1.2169954486792927,0
-1.3673668791490308,1.5333952648117237,-2.087121584771171,-0.7108348385012441,-1.1787244124390888,-0.8202367421736678,-1.4949860976053775,0.00750468582207664,-0.28276034081210233,-0.6870707169341825,0
-4.764735444354773,2.208441731370488,-1.2729373424804313,1.1592031914699048,-1.051021009157844,-2.007331257912578,-0.3119019735192496,1.609398154770123,-0.9031639831753501,-2.6576105254518505,0
-1.2710032026555806,-2.2922025327710522,1.8826155152375614,-0.8192475127286687,-0.9084058291176385,0.9064420128933914,1.1739282473548094,0.9881622044341438,-1.89953408092296,-1.3329339310043067,0
0.7006291920978255,3.896015729362705,-2.4189467604115147,-0.5188102821748805,2.4848237216225213,-0.009420206111213636,0.25438047962635973,0.8883894920609757,2.146329507123518,0.7767848869906152,1
-2.6901642298992674,0.40203408707997723,0.21162480020415675,-0.20191360028107427,-0.6797542492353765,-0.9749126276906268,0.2214170617242611,-0.5930504477963687,-1.4690907073429509,-3.607415152639413,0
-3.419879347897989,1.7700968813782636,-0.33262866028110705,-1.298069751257129,0.04778584382440254,1.8556575326847478,1.8257245471685153,2.6098609119306415,0.0764771469140042,-2.757922607228796,0
-0.7070880088011192,0.2526962737936993,-1.4588383775109657,0.8291162842568113,-0.7977921571791793,-2.660600985861195,-1.0663805706368437,-0.17233521190712642,-2.1081362347758583,-0.193340730451377,0
-3.0249349621602453,0.9693385977920111,-0.356540148269497,-0.8845884860174777,-1.7082713481553173,-1.0098922669506845,0.34113222126110754,0.44969550004112935,1.0554589414829882,-0.45697754241439137,0
-0.43062461405328356,0.9553010064540557,-0.5668911264236386,2.445298965121207,-0.5131379987823287,-0.6638650623138699,-0.8861399330140974,-1.3831477015712048,1.0837172050043469,-0.4783789635441178,0
0.9852808274448929,1.1132140093881207,-0.5629999922484019,-0.5605590566866114,1.2819559368029947,1.0816821447087002,-0.09242057982758684,0.36132675574883244,0.9306810715313145,0.2953477436246019,1
0.2304280707761752,-0.9921987807988587,-1.0197257579853258,-0.5240694027760878,-1.6403849163670587,-1.770335083653615,-1.6873561751777122,-0.3055162775586522,-1.6637892439191924,1.241637860093034,0
-2.3220424869671197,0.4478413853387131,-0.3610356173602767,0.19106181728130361,-1.1826716093686236,3.3314708089639566,-0.14865462863134246,2.7876138819719065,0.28625991583301746,-1.139289432569004,0
-0.7954734285889334,2.195484569112633,-2.0277707816001898,-0.9452670794732824,-0.5213508082679504,-0.6335530029226089,-3.159088013545243,-0.6798127323890306,0.9835459376448954,-0.5257185488920155,0
-0.5991639126745182,-1.4320198651523048,1.3962511141776128,-0.7904287143494676,-0.07823770842082922,0.9930336799194243,1.2396945300642426,1.4360746958219692,-0.9050547275385836,-0.19903105509084618,0
2.5697119770711496,-0.5382240135843889,-1.4108882696618796,-0.7425320938031175,0.20235153404803752,0.5107952480919475,-0.5520174843218115,0.14045473322902613,-1.3669886009203203,1.5758622462717689,1
1.7472501042280557,3.0071504537580385,-2.653022913125934,-1.7697108331252864,1.779906315387778,2.9378567432946667,-0.2522898602867978,0.1239783467440625,1.1652591688725962,-0.9704454892918151,1
-0.06305378657186597,-0.24271063888430083,-1.6306492013846792,1.5180200340467451,-1.7595058232272205,-1.2192507325258115,-0.22341724812966124,-1.0355434886566217,-1.700723601751776,-0.31798833103808355,0
-4.10820330998533,0.3501895558531029,0.06468357520575263,0.5235476578713052,-2.571721402059149,-0.2622355579918203,0.7884710400131903,-0.2130754037646736,-0.23971211457541441,-3.0958494724421444,0
1.188491527261306,-0.46456244692790677,-0.40356042700216577,1.4593108133537598,-0.49211829663962003,0.716320728006329,1.113741732233121,0.41881432440617195,0.7151410305970289,2.1909920649576,1
0.6526777630716568,1.5793550360046364,-2.2517447391763143,-0.06373572056665165,0.04509518810676383,-0.31891913982590947,-0.25386512795106736,-1.350186379869557,-0.6991644108540354,-1.3273236236808672,0
-1.204750981607499,0.7439297236913541,-0.022332884503572847,-1.7423692262512493,1.019124515432591,1.2443660907720155,-1.1958164369040705,1.3712655488899288,-1.2882642758939484,-2.5920868981630756,0
-0.2398212602774744,-1.7106984514296388,0.3183123785720259,-1.3647353139697909,-1.3692541642129907,-0.6354858571664466,0.9537878470877154,-1.4764830387957462,-2.6848368797640636,-2.0359641101305215,0
-2.573461509665368,2.865374077416516,-2.370385837377328,0.9277159187500846,-0.40720937806434854,3.82986549693001,0.20003416213017194,2.8619174845016944,0.44855368703723486,-2.6080475729520285,0
-0.5659964173991467,-0.2002992274651132,0.046743114181957424,-1.0106000406510562,0.6756456735868459,3.4136490846443204,1.1095782415009494,3.2125286074271093,-1.4036869084701613,-1.1828398847129171,0
-0.4406751731794941,-1.0452838321668014,0.8213550665400497,-0.22118302784676622,0.2509349456150227,2.3047974970927916,-0.12786703681621076,2.114392409694779,-1.4031995143972282,-0.9222569414536044,0
-0.9261576501855419,3.2462978744792226,-0.8613685382038347,-0.33521279317691743,2.368822072465755,4.719390340198267,-0.09069916131847244,3.2978826215273327,2.422574755994364,-1.4303019559340138,1
-2.8901917880398935,-0.9462184036680045,1.9993914769028804,0.23092676403965554,-1.125352815576172,-0.6477836121956728,0.1606218250814536,0.9465462451683698,0.457294836779911,-0.4690263148015964,0
-0.3937990292770097,-1.8380953114365706,0.8493294218461094,1.4268438196157025,-1.9232127480794123,0.8585105533305981,1.3209921885493194,-1.5217522690252347,-1.0755781621576552,-1.6997106073596466,0
1.1362200259575377,-2.8602349110463083,0.8606223159359668,0.1856695590444871,-0.7644823026905019,2.2615523929045214,-0.039360624810149646,0.1025848976374879,-3.271170088822099,-1.5236120353012692,0
0.6802742452888844,-8.449752072549368,6.290861399506605,-1.3613578712477037,-2.351730649412045,-2.7595187264684826,-1.1121773983962906,-2.1933417153658694,-4.511714861581569,0.48962046963988004,0
0.9320411236960598,0.9962873459783572,-2.372355910040105,0.45347640464406813,-1.2881927985398502,1.6588970799370992,-1.6066257187128132,-1.633296884649309,0.022374789557200403,-1.1378168998749467,0
1.132834264857795,-1.019212644469738,1.9146455534988707,1.2715559134708565,0.9826960303480465,1.6390110957424913,0.8541474707467153,0.10659592595926526,1.3707941345177015,0.8019695249671093,1
-2.1412848903693633,1.751091866089854,-0.04537512269474053,-0.8206695194435634,0.27778500209696144,-3.41288011954412,-0.20597627863004633,-1.3650341297050168,0.7517945298565876,-1.3692382668225915,0
-3.6900784362675823,2.1980287408025196,-1.2091950967973264,-0.973599064367939,-0.5618453323576262,-4.026078088664315,1.1318740238960365,1.5445925564223644,0.2356391153613966,0.3869792353712691,0
-1.58598666408077,-0.68827933489815,0.5545887681419078,0.9334404081685476,-0.3558314554920562,2.7495381028201065,-0.3227902013153876,2.0567169369894818,-1.713346983764883,-2.4546856613767214,0
-2.5239076595376444,-0.3035908580410941,-0.39664726661117067,-1.2811563427986976,-0.9668273476705482,-4.687565966511372,0.5281454697040043,0.6044055740214489,-2.9693318372342357,-0.3951499950859736,0
-1.0728440329234683,-1.4970188867675436,0.6005876138865045,-1.2318842455504964,-1.516673617478098,1.1297941005029264,-0.2689530678994436,0.8749014845392127,-1.2310481199284335,-0.6595167462086016,0
-4.716418974636,2.79465438264397,-1.2154420974105138,1.018924589135694,-1.6820788201629993,-0.6057787197053395,1.813673083795204,0.33766269517860803,1.4316915483967128,-2.8457994653367673,0
-3.373028709812344,-0.8581009269603591,0.7546834069440067,-0.4004454261431075,-1.43924378028938,-3.5517766370464527,-0.07474861990256311,-0.03797834197764427,-2.709601014779423,-2.1434612014356675,1
0.5054799948541949,-1.65808805626932,0.254450184981992,-0.02128038015727883,-0.8065882422780148,1.1497111051301203,-0.05394044293607976,2.0343674932715468,-0.7800980769479011,2.1373744262389085,1
1.0655797561330729,3.520545212597147,-2.868355980878978,-0.28730551355687634,1.6756007753770685,-2.041662725770937,-0.1895677366515002,-0.9348216261108173,1.379415707514151,0.7885211447674869,1
1.0273562839783918,-5.965224036345041,4.132478426580031,-0.4408095313485774,-1.0732372696450259,-0.45813271003937794,-1.222733254137745,-0.2379440520407159,-3.724007629142873,0.45048887692495376,0
0.1164836948423075,-1.5466802480825055,0.040109163022213457,-1.8923568245062732,-1.9287861823132852,-0.7807057609032021,-0.22888420888771063,-1.7628420030664507,-1.2822671984711416,-0.4566949093579923,0
-0.6877648454088372,2.2070256541038304,-1.9765746607735801,-0.332644446445779,-0.5064598342323342,0.09660013104995335,-0.3664801264273006,-1.0408048022617817,0.9641941885932166,-1.3091820859337284,0
2.2240870898129512,-1.3223928894088943,-0.4590104295227091,0.774353695020212,-0.06002383196314942,2.0331938445847504,-0.8103412863092737,1.304689326712056,-0.8774888334295146,2.0280100311260476,1
0.4378281432829696,2.6200743756466336,-2.666264039938545,-1.0452586898456537,-0.2084218310560766,1.4899817977978822,0.2929652938630931,-1.5378462050352772,1.188636085384184,-1.6688637047195698,0
1.3341782098590058,-1.8894539035611584,0.8905401855934756,-1.4495180163723127,0.8505659475037468,-1.8157902851478478,-1.4718738428399167,-1.7146185511062133,-3.8123892887018926,-1.9977887301367485,1
-1.4076241712410171,-0.736427607617922,1.1464150464125114,0.9799770403593283,0.36465674994555863,1.9156536641464528,1.391434325150649,2.4414945968337287,-1.2247461873770127,-1.3910256208486727,0
0.46921101748117733,-0.9492093647666444,-0.06738678833566292,-0.607846130787853,0.08237233439711922,1.8942443438399204,1.8300162861151488,3.0402475909111475,-0.8780899703294724,1.7841622941489361,1
1.3371260018880626,1.4432901229536712,-2.8225391052796485,-1.533864741794206,-0.5256829649465938,0.595228560866029,0.8297830079490026,-1.505414193438177,-0.45701111149678253,-0.7818865062178734,0
-2.6522397525609573,-0.223722117640887,-0.9181173879931681,1.190401988425349,-2.0486365953819554,-2.433291094916491,-1.2824507396686233,1.005799552697467,-2.08229668369663,-0.3389444006688863,0
3.7107443795187285,-1.1949893852507398,-0.9132944228902907,0.11484945808191692,0.9968676984707271,2.0919587944312656,1.6598971009273822,0.4525426084830705,-1.9328778589774642,1.24129646537404,1
-0.3764425634552067,-3.720165663908265,1.6571332033742898,0.20143654391728583,-2.588522435700266,2.0957881686850706,0.16377687119285475,0.7071057302756469,-2.1322862875026294,-0.21211004248358922,0
2.0710317507886162,0.3601146981104421,-0.9485794537568528,-0.9281318938497849,1.8359723822812366,0.12337054746196474,1.5510997991969353,0.45420980084060303,-1.4882268323436132,0.24795574434105883,1
-3.7761438322403076,1.8498772693053516,-0.4529587121355271,-1.2639407698251313,-0.7352225962769732,-2.4755313343448746,0.10958322757742063,0.3273935403496009,0.3401710072099635,-1.75459132382779,0
2.7695477863094213,-1.5869013354136126,-1.5539964719186459,0.8671911257613155,-1.232473562128025,0.5198851450560729,-0.8514718787533673,-1.9474066743631357,-2.8230938518096824,-0.23455612357516897,0
-4.8027109100050716,3.9198124383056716,-0.374428658541187,-0.17597405461662044,0.5911451360587079,-2.9573127414410454,2.0478265796557436,0.27353255226569306,2.355266000712388,-2.4337217107885625,0
1.5544576260037664,-5.915986262989162,4.2091715459753125,0.5190327410915175,-0.6796880071156556,0.7621584983736036,0.30925026955243373,0.5525386496224796,-3.044517497235774,1.2163290208042943,0
-3.992815406024925,2.676802628218543,-0.976647584128443,-0.6038386269228911,-0.3718866804516311,-2.52892926592324,0.6199160472041114,1.4303176569286382,1.0747665291106254,-0.710304320250287,1
0.6806780610984439,-4.578262476553686,2.7483809845113836,-0.33685834928947517,-1.1510162103141957,2.904696103293984,-0.3919479071942671,2.127783166678706,-2.5070403148597737,0.7848431644875005,0
-1.2352135122634014,-3.003924190454405,2.4245989484932085,-2.906774048795815,-1.6205406735416799,0.0166006062366566,-1.1486742523377627,0.4300709793657126,-1.33318986440326,-0.19258120246731913,0
-1.950256201495297,0.593159057983418,-0.12675846199438345,-1.3194830401400899,-0.5421119761330445,1.0270314827983973,0.9159628086021071,1.3096524981999647,0.03609920431307523,-1.269950142275844,0
3.4514360454593427,-0.4178583223417095,-3.752499472581343,0.6790860184158487,-1.4454784057673642,-0.1634068047023689,-0.33579055111002465,-0.8836199827594525,-2.5178381303841366,2.1830655933578216,0
-2.8736887660462154,2.8740750472229974,-1.4657367237581973,-0.6014424611430855,0.1719253613447671,-3.028763559550703,-0.9041313739919301,-0.0850660309481579,0.2957714071326547,-1.655138161180834,0
1.3270115217338343,-0.24600157973094772,-0.5166884077231984,-1.2203736530762201,0.8804645467895458,-0.08696190307349538,-0.8611078780710153,0.7243449731735714,-1.2545567632240178,0.7909532139503208,1
-1.133331857090282,-2.0434458162661073,2.1753301350786454,1.0849397741874804,-0.17078837141125824,-0.33822286059241535,-1.988131814191667,0.4870074014680771,-1.8468714765264846,-1.3281146311667094,0
0.5315375768158511,-3.7169624194351143,0.39127265387226084,0.14214801253004053,-3.1924226075668445,5.196517805497219,-1.3081215769724863,1.8479331845854248,-2.3288752480818147,0.03814713726616392,0
4.219384441943542,-3.2376961242373214,2.9180187544278744,-1.4143477401400193,1.5366421159289196,2.8550724563847716,1.171169662628841,-2.112179071094663,-0.40688690723073606,-0.1130539230927663,1
0.6547006936330944,2.229108928090045,-1.6305586391608267,-0.7618535440104255,1.236725001759925,-0.3671043326726804,-0.44978160602616035,0.47949585460731436,1.4496626956367265,1.2330869199522136,1
-1.5944647585234557,2.6792035712050084,-1.6390373506114981,0.2889248614419439,-0.3033194771273531,0.7143388661822978,-0.016435358831141413,-1.0040509861542772,1.2504666408030847,-2.7224074889767773,0
-1.1032894934153725,-1.1963551117504017,-0.6612247355692469,0.8460716299146366,-2.228283007015391,-1.3087584628387496,-0.8338986850667802,-1.1932684419024062,-2.9477893297318642,-1.9664879784939977,0
4.348224941244434,-3.4459574882997965,2.9252134159388516,-0.8466415896761382,1.60569422005095,2.818877031192133,1.2748335572840124,-2.4006777699834765,-1.1197824239504341,-0.7697206801573807,1
3.032515453904392,0.4766583181562228,-1.2517217661124758,-0.544477091775859,2.7475904466752854,1.1135283429862908,1.2446945270238519,0.8247434207588614,-2.1545629681304543,-0.13414980947193045,1
-2.4435078127894787,-2.0395009569517892,3.048007019225812,0.5991016330776804,-0.3619733261598036,-1.150815288686044,-1.2321580247480433,1.1844404970852676,-0.8452985424161652,-0.6222060920874355,0
-0.7609470099671801,-1.344727753378579,0.8313464451832291,1.0113682571901796,-0.8339774361774183,1.848120406616518,0.7229805130978236,1.5898557709152699,-0.7828328115797079,-0.2432809011357039,0
-2.9064407026163233,-0.10538119134899665,0.1116291525861206,0.2339149163733896,-1.9874000953483568,2.0104433360378646,-0.2786037032248349,1.6355822346849178,0.03421377630996858,-1.5647865860485046,0
0.7728192045106934,-2.98234140747535,1.9398042414499321,-0.3393968153666179,0.024639340141035193,3.3977941568577203,-0.24676253886008834,2.879307028304546,-1.660156849860495,0.8081986966360875,0
-1.5606701590424332,-2.735087570124869,1.1621796265934254,-1.711204029011989,-3.505352815420519,-0.19807758100227346,0.20490538869251923,-1.25827570510278,-1.2781876401832426,-0.8843431848860894,0
1.8553113934389367,-4.1074480479226585,2.4769932367475196,1.07015853441254,0.608753552267812,1.3056833046149354,-0.24711824258786486,0.9134423107312559,-4.021755904886759,-0.44046276299993414,0
2.7087773519520444,1.0124102751225657,-2.1713915700841726,-0.9802789352960511,0.30436561331643464,-0.7968471318554804,-0.010362242041000806,-1.7402347490118255,0.4693540454408238,1.6879216297254445,1
-1.941542682867714,2.0548633239483074,-2.0413246753432124,-0.06645212366792694,-0.6777317432462219,2.3414766634790474,-1.2688487805472792,0.6957685754635721,-0.6498999195653687,-3.538477264407549,0
-0.39169682606819006,-1.7631734855163173,1.5281027915332972,-0.6798479346534511,0.7721286416975104,1.9405538482474525,0.5128195636582255,2.171813588197854,-2.7116423674231402,-1.7179594740092972,0
-6.464040354854853,3.17721527357191,-0.9953662861468362,2.1885813919915176,-2.257789084304739,0.5221511376568041,1.7858508911882716,2.0299494657576105,2.3274102289834304,-2.8674331370772164,0
-2.827765612781478,-1.6848800606961407,2.133652935196866,-0.06140855086615696,-2.161177893395558,-3.2546020984533732,0.7238796866005448,-1.6757028171093946,-0.3553384012936315,-1.0055418191295893,0
-0.48047157112831085,-2.0622960189096,2.701577997668849,1.7518217810242103,-0.012289163830493832,0.8941780015204677,0.2974767352653478,-0.05521126177614999,-0.34967199554524864,-1.0075546257418075,1
-3.7074239710903583,0.4966921056822186,0.11262032364685037,-1.099486882075956,-1.075655148556439,-3.942767473319532,-0.27991604260076425,1.2638353025811724,-0.7023301147390797,0.03940726634820657,0
0.10931137157725729,1.9172120391240248,-1.543651792069661,1.8843460834966528,1.9255683830393266,-1.1428143702723985,0.6908223146873695,1.496193412319203,-0.8820234353329454,0.08487481414286879,1
0.6668703236662241,-1.9406863436149426,-1.212732339351005,2.05630101019252,-2.6078473489366107,-0.8403281839942347,1.8143505763897747,-0.6492483753103364,-2.6151550485776873,0.8650901456276829,0
2.2170776973289232,-0.026684761102992498,-2.9591372980860426,2.5043168021168087,-0.984795397720284,-0.5832404773440055,0.03081111519731319,-1.1975612188102533,-2.462594779659994,0.45148909930558,0
0.37985305172088396,-0.049795013021128404,0.13419097999816354,-1.3567369827090405,0.3295283018255527,-0.8441569872725248,-0.1870925129292241,-0.29626764266982064,0.0701758500909353,0.5486266237791089,1
3.6961561002857772,0.3154972753741055,-2.460871849494308,-0.6546930737457451,0.03273066500495503,2.3993407082161298,0.49877705175267234,0.10912344899802473,0.46968187548190343,2.7577362040105298,1
0.3085478580311767,-1.4797421032479114,2.168136992109214,-3.203345609204686,0.7830374959517798,1.8837408147168242,1.2426743804669471,0.05607644083171559,-0.3868414230768765,-1.3988573141847764,1
-3.377565802003657,-0.07068912282470015,2.588852122359441,-0.22776128871237047,0.7098731622246008,-2.8057704046757435,1.5770748223271638,0.9932114549430211,0.28919034366287133,-0.9865844453070678,0
-2.280237963469428,-0.5009476433762958,0.4287741983093015,-1.0224559007493514,-1.1281149087369582,3.9707471568609694,-1.0862891736035514,3.7211190432171635,-0.16314276008491946,-0.7533770641851499,0
2.13528257809006,-0.02133108252778658,-3.236542857575102,1.6804999601772739,-1.767932038665876,-0.37327514108310134,-1.6801998923213677,-1.9565852499955996,-2.1299210556133468,0.20964075687716788,0
-4.130341449597235,2.2929616510687265,-1.1463990806567443,1.6487859657299524,-0.8448128434372827,-2.7948893221946856,-0.13855741643097982,0.6119105543473216,-0.20282230844966354,-2.060148737674252,0
-3.1803775826750385,-0.09844686046976975,0.6149097691716876,0.06289991740664033,-2.1578158163202934,0.303797182052295,1.1201894604068467,0.7994771846594637,0.9812697194796236,-0.711062668999029,1
0.39102891037150167,3.5209477877117923,-3.023690045994541,-0.30382244654323404,0.6268810443108008,0.02619315192942917,1.5539281636348552,-2.6675943329949448,0.7142147330473947,-2.95156272061586,0
1.4990407828433217,1.934093580323487,-3.775893060772435,0.5200464941938938,-0.5660139588375306,0.5245451177477309,2.4628739651691522,-1.831156286814669,-1.2144001425986766,-1.529366656202595,0
0.49223465623215645,-1.322834481178131,0.5056558529237323,0.07443523050906185,0.39151525707811574,1.440521496921685,-0.27230575099041127,0.9364638135035868,-2.379648330247994,-1.2510625743327235,0
-2.537372726342183,-0.24582362285300535,0.2028344340673871,1.0346573698682087,-1.294431370113694,1.0696699448261577,0.4864990167320297,0.8091067882526268,-1.3648838181895915,-2.8127090411759816,0
-2.561318388793667,-2.3726485951900624,0.2327064985495807,-0.7660884247427251,-4.809083305458778,3.7841604488655824,1.1624869505796394,1.690934956318081,-0.25331593061919133,-0.21351667282581743,0
4.076567660756795,2.6299071263331912,-3.5806815678962893,-0.7225560884604968,2.56079053968301,-0.19958684022415407,-0.017230064210917172,-1.4270283006804374,-0.581253931641724,0.4627116063216433,1
-3.3716816476309055,2.367155616057048,-0.4940954583019752,-1.9655489944401228,-0.2137825286972197,-1.7997054546882705,-0.4868201433990694,-1.3153971655392946,0.27171981834830783,-3.958810357436199,0
-2.337138452663788,0.7168887774299681,-0.09443484762647358,-0.8930685565049704,-0.001966036044208197,2.8779454195479346,-0.4963631294960013,2.71739434070167,-0.704925453641724,-2.489465266325844,0
-1.6306583453122723,-0.612881209352976,-0.005478973281382915,-1.0952374259119726,-1.545687243096575,-1.4354430358888237,-0.4970646066281865,-0.050956939097935194,-1.12104429028722,-0.5186188129601806,0
3.639546704559298,-2.271346748933131,2.496805582859289,-1.1001920513341499,0.7665173279849549,2.4389343858928996,0.2979661384893192,-1.7022230827088816,2.4211596802300717,2.358254478678208,1
5.6428061172001405,-4.050718881239889,2.5902066009466638,-0.1346085694900931,2.0627684905359693,0.7664713956760567,-0.6086728021524077,-3.4540623680707547,-2.94596939890495,-0.5177694381674046,1
0.9130742946798185,0.006761870586799662,0.016794861467837707,0.5108419794618706,0.11497256584863924,0.2902360999146545,-0.4561508071800212,-0.8087203472428457,0.790719270064679,0.48948337765229244,1
1.039536536743811,1.5721754123639315,-1.5958211568752028,-0.4182135122050997,2.2564822375367752,1.6785852171454645,-1.5801555868914396,3.0348468933110615,-0.7108710480614916,0.6882332328207237,1
0.48024538177630965,2.377616429911481,-2.471680949401464,0.39215435790883607,-0.21501243186445718,0.3547170705248395,-0.5085829789129973,-2.2270931232090447,0.7843880756004844,-1.7752134259456762,0
-0.1042567297750129,-2.830314575518644,2.1247560119555775,-0.8228192655243886,0.16294127292682603,2.432739495305412,0.32984899026550274,2.146202826856805,-2.7681063896027025,-1.1762669189756614,0
1.0904665704178709,-4.098127060744826,1.3147495214557625,0.251945618362699,-0.901137491018476,4.442120370351334,-0.1382726665143016,5.034482235662728,-2.9903534028081644,2.4868652831178117,1
-3.0440797291963984,3.6360618116212633,-1.0170700135363058,1.2713885569586938,0.21035439302417336,-3.651110130346361,-0.028974244550251695,-2.6084479676003847,1.929758655628257,-2.9487875011763283,0
-0.004168018607743799,-0.5547358090528767,-1.2449902734456475,-0.3608171821336399,-1.527263892018068,-0.9635373881031244,0.9145032173518324,-0.7242019857271287,-1.9105102827044669,-0.3568346302173848,0
1.5040523046904137,-0.9085804677544216,-1.232063767294881,0.47522958150662986,-0.9034520922160133,-1.4390218375521533,0.9008423549798501,-1.5973602888546057,-2.228967403879209,0.17072099509810168,0
-2.6180487149689142,3.0993785074102744,-1.866513514703474,-0.6859472539047468,0.019135422710135908,3.867189868047299,0.27448290762842115,3.790186873560512,2.015163159672963,-0.9089312900535009,0
-1.789455838883839,-1.968071703589841,1.620455239000506,-0.5318222752312214,-1.3487561519262794,1.4255782301654683,-0.6167513441519322,1.6705312620703432,-1.1764264899000987,-0.8119945889649097,0
5.215583878383598,-2.573297106106756,0.6210415902333652,0.02690518329032648,1.1419127524216086,0.12483754199560027,-0.1812987856697749,-4.191283503470768,-2.5718554556273414,-0.723408225399262,1
-2.4082642417140003,-0.43124950383441624,1.226719626743704,0.8418566293964815,0.10235657522406494,1.0420972033920126,-1.2594627649143568,2.148312877321974,-1.244202752684882,-2.086763680629038,0
0.9290054261019713,0.23124812303272108,-0.6757629620635066,0.6641054995099086,-0.40535570267483556,0.06968580743690889,0.17241034104890116,-2.942457584217305,-0.4208893155051858,-2.1117907980033226,0
-0.0693796285277295,0.9242625401917187,-2.0354335447263403,0.2854942032863437,-1.1691312279945447,0.750680577393747,-1.0649940973212704,-0.3725763007966171,-0.3423710675610745,-0.6590788587904426,0
0.1069504646950647,2.377962941798762,-1.4211167565699894,-1.2148337139373846,1.4981912675628326,-2.829404972367622,-0.7287715286762789,-2.126549473599881,-0.23195074089888235,-1.7570924549195164,0
-2.5227370250913803,-0.553725829807306,1.109271203876808,0.19078993668678795,-0.9605562012700619,0.20542766676189428,-1.6155886984680774,0.7942762685555078,-0.5638049514361467,-1.768332774525292,0
-2.4267273278802177,1.988611871259179,-0.8524538652077981,2.3470359479462966,-0.33017448918904724,-2.4255363287516207,1.6038697254435437,-1.2049775584052727,0.1871930096560701,-2.2763881277634406,0
-3.331046784131361,1.5465702517547826,-0.9435163553838706,-0.6269837737716375,-1.6528205222640389,0.6801446429379632,0.9275915211742136,0.7192415817610834,0.6059445433494117,-2.1929869337757477,0
4.298333718064742,-1.4705759109002614,0.3279937806074593,-1.4184043274872655,1.8183608922233863,1.2089289461080308,-1.2515531395949613,-2.660839082981862,-2.146236853325081,-1.3035317392475634,1
1.5305420420577218,0.5188084736499464,-2.4823696216666367,-1.4892442510989088,-0.35259708126139977,-1.9392812907777506,0.5589005237417732,-1.6665688846444215,-2.149752960291752,-0.14006350523647448,0
2.596850771972445,-0.8865165086576113,-0.5002292102462949,-1.1437847538029047,1.630041885430121,2.812775140397619,-0.10875609225858249,2.2887800254565818,-2.1177076452306745,0.7569919585120022,1
-0.474879731842264,-0.057914245737609546,-0.9518771840534996,0.5947981962610709,-0.6050415390643396,-2.883184657269961,0.553489663557822,-0.09071800933775132,-1.7065856457844295,0.5382129425428357,0
1.5847460020783835,-1.4094226999829165,-0.6255570365903362,-0.6311183737934328,-1.2584505248790077,-1.1690795078048444,0.8206642269566928,-3.0814645130380036,-2.2756098316795,-1.1260034076138576,0
-2.2026515700871907,-2.14170923960517,2.838177599917007,0.09530903317565519,-0.7912845499357838,-1.5390350125192431,0.7672254636495847,-0.2458804913874224,-1.1946919407843146,-1.4931862218056073,0
2.2774468831142767,-1.5121243805336635,-1.1272675833664818,0.0722714776196856,-1.6133574080250257,0.273913138178413,0.5322623999156977,-2.5296933503975896,-1.848874468029159,-0.23468117802690414,0
-0.6567427491843648,-2.084038751401759,1.387297596451929,0.00721714608789781,-0.5892553071910819,0.6791066958794219,0.7600761123884141,0.4790899018788348,-2.4522084259235206,-1.6850572238055184,0
-3.0054267391032936,-1.0227234069526958,1.4657419452322014,1.6319910071126291,-1.7180587689996156,2.4571214386487585,-0.6904210353634581,2.834939657853643,0.6104792063134059,-0.31591354499541036,0
0.08295104551118368,-2.14378591142717,2.5376011689504594,-0.046162051069567465,0.4571573605201914,-0.17125471555297156,1.2997973304279393,-0.11657222706480075,-0.9421849352483187,-0.443243226594908,1
-0.3424532809041573,-2.519736642132879,-1.1258762311358288,-0.7247550882349062,-3.3264689559405536,-1.3705016633626572,-0.39693460702118855,0.6944842404935934,-3.403836003535088,1.506800674504421,0
-5.227683418773604,1.4435259514202399,-1.8849510592872472,0.08450580575678937,-4.581654938984425,4.4663267127459125,-1.2293532382141148,3.211080378788257,1.8809384342052127,-1.469721628612794,0
2.2597033057423137,-5.740612873884847,4.148343696858725,0.34466230464398234,1.0178621796720435,2.1419077388055383,0.009390608018599282,1.9966097535400495,-4.40061000248948,0.32553762074201553,0
1.828993344355,-0.06926116940889612,-0.052284733810453954,0.8025913644181649,3.278385987528542,4.726670661142906,0.11626267741417287,4.9962290026491605,-1.8900343317963966,0.22989868983750172,1
-1.1308066927728133,-2.2490998727757225,2.3371270667405684,1.102910701701311,0.10255633811998832,2.8411595796641267,-0.13480011220018331,4.158591641228743,-0.8825830267353458,0.7710669648933648,0
1.7041838082430056,-0.4193491054547694,0.5875752204947029,-1.0523720224359485,1.4647835726375584,1.5856813283680884,0.29131045628579044,-0.5577356041461974,-0.6292010012396776,-1.1457678615370324,1
2.740474442383533,-1.4601879987627637,2.3621890075710548,0.21999147392510457,1.4671470589871325,4.611154175056179,0.2364954976482552,-0.38716021722879645,2.049889785164929,0.27694500652048104,1
-3.1161772916615234,3.209633890795915,-0.1611526531082017,0.3584701300934629,0.8781898783988702,-2.517231542804472,-0.30770162053393685,-1.6517337404878274,1.6894239529481023,-3.3736763900773203,0
-1.0659950750706442,2.2069947176842724,-1.860968646865023,-1.1259149070880428,1.514709736826348,0.3689048072541812,0.6827036310893113,0.9499663981666036,-2.4406740914219567,-3.762932477326576,1
1.5804777831709063,-2.2800737850408783,0.3241023296699237,-0.45061914978649,0.23059000432269183,2.8997605592655287,0.10690692929125487,3.1909319424394544,-2.4509393748722665,1.4804553711143018,1
-1.4807535916079773,-4.601995013432254,3.3361821930065476,-0.5874424434240215,-2.9291300494813326,0.33986992187963494,-1.323795444596859,0.5520384510890143,-1.4941718258436705,0.5329783811379054,0
-1.3490654734661884,-2.725742040907465,0.7977582949905703,1.3934952970475232,-3.1861431812262238,2.800348798001639,0.1375418294721938,1.0297127219414222,-1.555343558933247,-0.8352646880179899,0
-5.64453905834217,4.585690975401569,-3.057414335841568,-0.13076366860308403,-2.0880173169631755,2.565496419713087,-1.1811503911016823,2.7671877103399067,2.512849035932482,-2.9235903973305137,0
0.7753462238986568,0.6069061639008005,-0.12404241193216381,-0.26741280588854754,2.707323878578785,2.1766398666167204,-0.2747675943754787,3.4495237141327504,-1.1192408651136638,0.08107074578045781,1
-1.7125659208752397,-2.4593887353155672,-0.21252645552355798,-0.7006111586610962,-3.7451138413020226,-0.19903022754957178,0.21051205844388599,0.46733804049358985,-2.611897580602913,-0.1909166087512949,0
0.6308075776370713,-3.4577615368293246,2.8128279454983454,-1.1057802860597032,0.891559195025909,1.325050766523991,0.40851606498776816,2.2081842905677433,-3.0406499236598803,-0.0833285637750254,0
5.046858441827988,-3.195896214481834,2.1742959594808817,0.3898654545349406,2.0615920026942574,1.5525453243713012,0.944322443120109,-2.9142798282067597,-2.1839192763418724,-0.7905133312724062,1
-1.2962265081766458,-0.8327134557621967,0.34413805590387225,-0.40843760127265955,-1.9158559572734606,0.18289434608946187,-0.022785634837776975,-0.14669044433525036,0.1211174990224253,-0.15840241316758208,0
-1.394723209848839,-1.9424792405083902,0.0777077065769669,-1.2956283394719723,-3.0969834814388544,2.1688707377148466,1.8780420354493812,0.57581240211082,-1.4478970225101473,-1.0570499675287066,0
-0.6802977728179417,-0.08699778022470263,-0.7175356682225511,-1.1286930007626592,-1.1096433772659486,-1.138699024012131,-0.9841727817125441,0.6389195613446661,-0.3045048039401541,1.2224016268688151,0
-1.1481743747814814,-4.516749183768505,2.6887271905142045,0.4259831217850366,-2.600482307080828,2.4265038874594573,-0.9205909444695907,2.345248280171255,-2.2385984445705303,0.4768805267337921,0
1.492239095817845,0.31829691982001634,-0.2860693012174149,0.6171545484177509,0.958970882705908,2.1682596625170363,0.8177441610899081,-0.8131567146033969,-0.1356594500846564,-1.5025382094190676,1
0.9855168930862667,-2.6030277171172154,-0.04325517240306964,-0.6174963756639779,-2.101249761826912,-1.5902204492092222,-1.7164841605989973,-2.5137687156475206,-3.2221491097122503,-0.7989244966668481,0
-2.6273638011840883,-3.571137907452941,1.5607217027957416,0.553875900933227,-3.1879714514158475,-0.7949602456521201,1.256750497546583,1.9083483674571742,-3.2088168250274793,0.11288193566295401,0
-2.789398756376264,0.7493305563197319,0.09800174378488435,1.9743263875527035,-0.882603382958284,-1.0385684452928186,1.5833899534269977,-0.2006095004566979,-0.19714814959782134,-2.269202610247259,0
-1.6956041103056065,-0.2318809208728981,0.19908594697003346,-1.4710072455376098,-1.3025475054521327,-0.6341141717430903,-0.09643822115936947,-0.9848557954658229,-0.7596437282726667,-2.071907781513916,0
-0.4130388211590808,-1.8165218769137776,1.3461128656252868,-1.9379733144883526,0.13544098844812003,2.433277257005428,-0.5590945721049398,2.4775512767064862,-1.9201324658619883,-0.7518951724781393,0
2.5539898081643866,-0.2905039976595152,-0.4998453120588151,-0.22456196767248382,1.5144784544449925,1.097140923482664,0.8877565837935135,-1.7134680663431308,-2.3138362436803694,-2.3599944011587723,1
-3.5383415952075863,0.25967900830565355,0.7413989663164874,-0.9073788851664958,-1.2966461910483738,0.6801701781186399,-0.06223105697249944,1.6442031075466863,0.4410105505717712,-1.5587059452038283,0
0.5741432416040069,2.1508732286674195,-2.660746356342959,0.31956178916793554,-0.13014135679006644,-0.21260764908867547,-1.5078459640913198,-1.5650441378363449,0.08711233054749479,-1.129897676223253,0
-2.0460844082717604,-0.38351766356619066,0.7545736474275484,1.4142206726903268,-1.178590133307124,0.07346461332254739,-1.1335708210474553,0.7929905395048332,0.31734125919814327,-0.3919179866865381,0
-2.8811510536904716,1.3114062680511942,0.6590648055603485,-0.23617789827269867,0.1465302905505066,-2.8344252067793745,1.3607298466423299,-1.4039741809528814,0.14611916820774096,-2.8912722473928643,0
2.47126540968454,2.55168837801587,-1.5263076942769458,-1.0423102326872493,3.9305690380075036,0.5071519228267214,-1.137244528881294,0.21170960677141648,-0.26767350380921795,-0.7849471798706571,1
-1.5127357692182672,-0.16340855963195322,0.3652596951548144,-0.13928836222950225,-1.1368588632118803,-0.025909145583135507,-0.6915967079038972,-2.1021106285327127,-0.9501209817859431,-3.6956199452808978,0
0.9696154953468085,-0.39293316064039674,-2.1254683282526283,0.0619370215176507,-1.7970210231989148,-0.5271878575860544,-0.2248603638828204,-0.7346344601054511,-1.5446709995296715,0.8134757286098899,0
2.5298616976455937,1.8992344493613473,-2.1451827909655288,0.0487973783806294,1.2561332930214426,-1.2910032264335611,0.9048221191193951,-2.0259948345883734,0.8232293338333707,0.9840849950031494,1
-3.4657499211434604,0.4635750710355862,1.2661757935942133,-0.9187266350054458,-0.5918210918271202,0.5871809126884302,1.4469099448204576,2.2557106475319273,1.4057510444910895,-0.5873575718806379,0
0.2167903730623889,-0.31488607333735646,-1.613742516310495,-0.8522989990995977,-1.9524354551204404,0.8001957763806493,-1.9765943199957308,-0.9801924659252734,-1.2822697252461326,-0.9056580919946058,0
2.387309498743313,-6.765653141796311,2.7833957196242816,0.6236932101761915,-2.5260293133520646,3.883780051030113,0.015584572569658653,0.9897716201327825,-4.166782966535397,0.97611085941849,0
-4.332924153781513,-0.8026168583154067,0.7459321285940103,1.2223934376505747,-4.880261072597159,-2.711242041093297,1.6209327853331168,-2.4975558596744833,1.4542817727173416,-0.9170102510438393,0
0.5161792050779849,-2.807002321751727,-0.4062834389329899,0.09620609990043659,-3.0555206373763313,-0.04656807095844617,-0.05632389649333018,-0.4818561975299158,-2.5251638625747432,0.8697739256344015,0
-1.3038952405285216,-1.2828507854534006,1.1346146078395547,1.074741250220838,-1.267126514571648,1.2648360726554093,-1.2670019761212727,1.5620164273789225,0.2544322576324951,0.5830349425996728,0
-1.8127769089624597,0.5399734589833237,-0.991749800527622,-0.17028712574180055,-0.7810212846360254,6.6191521208676,-2.0006878797535244,4.852610529331958,-0.27409193080374183,-1.4744849357467733,0
-4.0082675049128245,1.8763441203187892,0.437938127485362,-0.3830466776975072,-0.4289976014364377,-2.6362706032125534,-1.4310974925837,-0.9659521060197974,0.8812954090829255,-3.017467317982705,0
2.446761156292098,-1.0677106635340465,-1.308549904527755,-2.089233473843379,-0.02978869429731379,0.2372284966787792,-0.2874090098257076,0.3554209721757622,-2.2513964012252394,1.4614936403419374,1
-3.9773778200822725,1.4294036555623446,-0.11628229864807571,-0.033602797261205374,-0.6067700725850769,-4.415529101806692,0.6336370719826828,-0.5155842828298272,-0.8994109119983411,-2.3960792194670057,0
-1.3168894472192956,-0.17019010220533412,0.8708892296918165,-0.1072939434338799,0.6952880593960684,0.40080996054985973,0.04358766394178335,1.5221292495477892,-1.0825505208452486,-1.4075421298536979,0
-4.488229562684293,-0.2001434216105689,1.5435975512882556,1.6943254502691631,-1.5842161395277203,-3.1263698770768444,-0.8353619466176428,0.6646864267112884,0.09557272344075463,-0.9124283618623852,0
-2.517607943597586,-1.0758068403303769,1.5606933458455265,0.9094232964068631,-1.2981078720868846,-1.3393903862987728,-0.11729637222989897,0.09350599457384168,-0.4769738175762145,-0.996713771473577,0
-2.8775333888533967,2.3545798569674083,-1.2604462007698005,-1.679899241488712,-0.3279962350820552,-2.0713313475844037,-0.8345296500918743,0.28667373694514,0.3679243016586926,-1.450013482772838,0
-1.9631350339976594,0.9292400366930722,-0.12539273979360077,-1.9396468151979664,0.19853794902939825,0.029112694416042695,-0.890196075956866,1.0555528676789687,-0.5238552114808328,-1.8279015428750733,1
-0.4540473909033279,-4.547377489092336,2.4713238904188186,1.2313005382906828,-2.770336446406747,-0.9994610638842367,0.7059574073074546,-1.655571022073154,-3.2887975908176528,-1.1008752976252674,0
-0.5963629400782762,-0.8523823170536694,0.5392862642346514,-1.9721117452397177,-0.9076837732060613,-1.2145868797840573,0.11647877503091722,-1.8293937686758546,-1.2180878059263796,-1.7854372073748874,0
2.6777788375817297,0.1418175479705485,-1.2467691184201688,0.2694563921980581,2.160209036356788,2.055515437477797,0.43579727637019305,1.8605596166355989,-2.0191533103187105,0.4355309043614968,1
-0.26140419181184377,-2.2160797898119475,1.1716587578578048,-0.7367309875168898,-0.7015509341796704,2.739395515945402,0.8520537818100243,2.424136896300894,-1.6395633749494294,-0.0023257679108430462,0
1.9982148637547075,-3.8399885238575417,0.9748681983395572,0.420798888827516,-1.3878698224492725,2.1226497059615053,-0.07653593926840017,-0.3877693208300217,-3.4905771357167734,-0.514512806483459,0
2.73705246564445,0.3883157005559233,-0.8994714830085304,0.18539708837651292,2.6024428090022536,2.574049171149383,0.06809748720309289,1.8975582770514285,-1.28532941217516,0.37599729261982995,1
-0.4827239728635658,-1.4056909695273765,0.09541507254351766,0.21197093564998332,-1.9285292565260694,0.03188425526507155,-1.214556642322691,-1.4497026082152136,-1.6373592698767059,-1.657339374745321,0
-2.7678369169502015,3.577678526116105,-1.605125131528745,1.3462127661126204,1.3185139186695665,1.649706738592013,-0.1015795887228356,2.8435085933053688,0.9069390507217534,-2.2804983466773017,0
-0.9301451079578377,-0.29011136086049966,0.7312805195209449,0.8719633817672413,-0.7731338089279329,0.11285393253168963,-1.245068253983848,-0.23970914820366296,0.8953725360227776,-0.1020461483769185,1
3.8540045131906013,-2.5480205119490393,-1.24142075988847,0.8320430459296209,-0.28186055717831926,2.6422830651282534,0.3529365418446809,1.4116057292312396,-3.42846610520041,2.0202519704126027,1
-2.3080857833333437,0.1485667299534133,1.2436005809026631,0.9094591724975633,0.69388582701871,1.4425458720279554,-0.663746446598944,3.1060467069878803,-0.006436342499320347,-0.8810484596790062,0
-5.913057921748664,4.606615815140673,-0.22299689986638116,-0.7366687908953733,0.8840605931850352,-2.8421231370287865,-0.9983653063492748,0.5408072796796959,2.5125060609897942,-3.688876208439107,0
-5.438244231292151,-0.9303999919480038,1.9865669056278672,0.017269526005648968,-2.1046881880231054,-4.289773910154237,0.13078211019153604,-0.34976754133679044,-1.9046319799181823,-3.158904256686065,0
-0.43505857983731,-1.350318265701888,0.5906001358590136,-0.7882374651705827,-0.8067608554641614,1.9561809276421687,0.5321239913499579,0.9220301552186231,-1.348585289974288,-1.0764094667675141,0
1.3549072370716806,-2.764901230700451,-0.9976078314188439,0.3514080659157796,-2.7280116109505297,1.4674486203955088,1.1956639377845328,-2.416542756531255,-4.597349955441734,-2.9951793981866253,0
-0.29252872769455834,-0.37191241399120306,-0.8912027553391528,-0.5956862261097823,-1.601199722292625,0.19329504374998652,-0.6755520406248401,-1.5857148360140312,-1.4838723924332586,-2.0275587192225695,0
-1.834105964727099,1.3751679384349336,-1.7710528481157093,0.40650434599374996,-1.2801942652255764,-3.492833448049291,-0.2904631756612649,-1.094926521464063,-0.7840108935390635,-0.7295603511502293,0
3.547098556440828,-2.409548736142771,1.4609857594044078,0.878372969688513,1.0428806565154494,0.9312333574167406,-1.5709130539812346,-2.6979005922731076,-1.7156502955805726,-0.9337104888884034,1
0.7873030832261261,-0.7013228249679807,-0.4789725716630915,1.008045292732851,-0.11198129714400706,1.5472916889277413,0.3543764471488165,2.3683913563675674,-0.5909113808156745,1.9807760095704867,1
1.197558050285908,-2.8925818429766568,0.6964485396378266,0.6436389519072028,-1.5517542689292698,1.3274053593396127,-0.39159851861226264,1.2220701758942807,-1.209855552190581,2.392423950402886,1
-2.1116537790885923,2.0818942141368795,-1.1409712215975976,-0.8421637639514868,-0.3126262519166446,-3.2980015631636888,-1.2395835486530995,-1.40407279933304,0.23463340370382557,-1.5219561362364007,0
-1.941209614103661,-0.4080616723682234,-0.07873593746288932,0.8411309417668084,-1.8999701371181805,-0.31269174815624456,-0.15048631615010624,-0.6302457690883161,-0.9767486906566067,-1.9323457301328224,0
2.856706248709893,1.3667131711703444,-1.8015587599361251,0.299641187443805,2.288863894509504,0.12927241734351247,0.8435504091688937,-0.3367251601649519,-0.7364320577623896,0.3423315700482146,1
0.8933937573483589,-2.8353038205778156,-0.8733686980463922,-0.5633211545860078,-3.063781229066824,-0.573514791402739,-1.2216714837837672,-0.9443443915603342,-3.3505981842610524,0.5790159088138951,0
-1.1670373325183094,-1.3122833598573915,0.1921097517985808,-1.1527341511396405,-1.7369203292030797,-2.96988440638152,-0.4029398491392732,0.7660506657329202,-0.8422919460362388,2.3752526789184225,1
1.4155287500801033,1.1190888796979035,-3.8741703412418316,-0.9859135412601079,-1.5712553801548903,1.4304787214161943,-0.09971271739580398,-0.10653871879079979,-1.0425117564722441,0.47167015652309474,0
-4.233498095259483,3.837770790671393,-1.1312740724727897,-0.3774194616318355,0.7307156064631937,-3.228778515578941,0.69659398135469,0.22980467503061508,0.8584964752838851,-2.8515758579286357,0
-1.8123946023244752,0.021429172918347023,-0.19313392446684186,1.261250581399549,-1.2780919631736816,-1.928030484227583,-1.8508357631314192,-0.9101410611871159,-0.986321001747474,-1.4635465007354629,0
2.820921900151681,-1.1052264921358896,1.721975025431072,0.451046542162149,2.768173902476496,4.144773292562356,-0.10903267539952402,-0.036603371629309045,-0.8060267166842136,-2.017010896300285,1
0.08189626544853562,-1.001592616292178,-1.4990503866332283,1.2455882369800797,-2.1131695641374453,0.36211472247813803,-0.8894004538930466,-0.7415015212322548,-2.740419741779867,-1.334084935427028,0
-0.06517913300618178,-2.747517323350176,1.542678318314694,-1.2340001207399278,-1.3771438789139927,0.7723140961046606,-1.7658314961745936,0.19551839490461254,-1.622882979767407,-0.10480045436430996,0
-0.4002733937154448,-4.275576669898447,2.51146686868346,1.174681132528032,-2.4843096679711056,0.5832386568336746,-0.7871465955299036,-0.4315650642667732,-2.3751901164838483,-0.4700829825141617,0
-1.0496365585670393,0.0993308959183793,0.07514245544717135,0.03726760958934886,0.9824379666550613,3.619927933041375,-0.868729232791729,3.627184930145695,-1.647069369767447,-1.8860541043233647,0
1.910845597395151,-0.15796671709609433,-0.9188483693042495,0.5259138012878014,1.0770499202551191,1.7759178558405453,-0.16765493511749982,1.806391042754218,-1.0789112072299047,1.215241795646309,1
-1.496093530787887,0.6094536579729788,0.28191289248304263,0.7538996372736357,0.45332753550228855,1.4379541021331383,-0.19140461628401628,2.4185562551776387,0.3859520035284605,-0.3340066854272994,0
-4.329591396783868,1.2808902901508434,0.06988540620182149,-1.4434130630185737,-1.0492649610901696,2.0070681701571225,-0.14312639747134004,3.123393432424356,0.7060844362546546,-2.038863792655247,0
2.3230204262161047,-0.46319418832021997,-1.6595166209877175,-0.533974670609128,-0.5927348325740676,-1.8267221405321443,-1.262571724112285,-3.4924153546214156,-2.35603192751552,-0.9824087336974824,0
1.0320937211141015,-3.4236994250352546,0.6123626946316201,-2.7414170608291726,-1.1005233957817353,3.07836662798349,2.1510243728524974,3.9372614088623803,-2.862157710042867,2.3379032207804493,1
0.378668477204133,-2.4321161257441117,1.230938778520092,0.9943133817081246,0.10589661774780612,3.6002106733880552,-1.193495586089152,4.493739284422608,-1.6568067578318955,1.7026269436926935,1
0.6979823241755412,0.12609556487592788,-2.439340374138874,-1.8734007479160366,-1.4474250665002855,-2.3481791161785592,0.14510228636122208,-1.6901884134350535,-2.253876328364364,-0.05987885651470015,0
2.066567156605792,2.5811785786312256,-2.84048534660936,0.34237508962750735,1.1309905251507324,-1.9841449308259391,-0.8529070671409017,-1.885967782867128,0.8185760600353009,1.030613075776868,1
-3.149724431256382,-2.7230091581021534,2.1378841761522747,1.348870470548737,-3.048262511838079,0.004209789819126009,1.1749332426280408,0.5074332563352217,-1.3168780614784563,-1.3109839736688687,0
0.44439685705011844,1.486439531406245,-1.1380779142177997,0.652697520157137,1.734916215706152,1.1416659958907747,-0.11838025553020513,0.48108688765629637,-1.1696547097985197,-2.162038809143867,1
2.6728849543503133,-7.060675641941715,3.834795685934234,1.2161272476716014,-1.5232790744370033,1.7335873065599008,0.5034142435493226,-0.045223512104224595,-4.342690490890858,1.0047317783362728,0
-1.5633367218838512,2.855653864140069,-1.769701952882288,-0.18868504821877893,0.0726163804345088,-1.0414945449966038,0.4327767783660504,-0.8331777948473952,1.0856238373788254,-1.7024790557883074,0
-2.3098803542953488,1.091343948221901,-1.9641566418573344,0.029671824977444982,-1.7226058995899836,5.837555267256651,-0.6905280258215071,3.9217523987928695,-0.3508944798712983,-1.9753457960535727,0
-1.5168124146838247,-2.075945266907335,1.3507663571778101,0.8039481419725495,-2.271707360510165,0.6352733027938544,-1.8450050639323654,-0.20520049422278208,-0.8153698060235703,-0.9639802807787589,0
-1.45450105260641,-0.36162278752307814,0.3509709113362499,-1.3420909047650176,-0.6792300152496682,-0.46295697451959583,0.08582584001300768,-0.3919629830748128,-1.345164231673897,-2.144136743231571,0
-0.2433025110066331,-2.0591872462739182,1.206347530866112,1.321442740235342,-0.9357355049548688,1.190110995197397,-0.9877670867744672,0.35157147240268904,-1.5803484663609462,-0.8439390006644575,0
-0.6563601460079945,-0.29131338394169626,-0.41567898341538534,-1.4227062437566944,-1.496339917779797,-1.520454959519626,-0.7558424580412537,-2.9292317442802633,-1.416617395423805,-2.6355947697053823,1
0.003691620686722051,-1.0545757443379113,2.0603497823295642,0.8395606455539233,0.7518441659057472,1.1677893438149125,-0.2874988395237334,0.5510069641574538,0.5970428459758719,-0.07314485133770221,1
-1.3257221039077602,0.8468737565190608,-0.4303309040002783,-0.49799755589366845,-0.575964520072442,-1.8104169920762807,0.3936254146418557,-2.2383022482652644,-0.5869937634594584,-2.708532196186049,0
-0.15653089160513425,2.4689494284010296,-2.37627456223282,-0.10677975865396522,-0.4016043879156722,-0.28540347448109904,-1.2415162853732897,-1.6444959972668318,1.0937114038757674,-1.103419558105854,0
-2.1292155433155058,-1.1736420811355677,1.7901512756994282,1.2531514008522797,0.2650286633987182,2.3646086708691456,0.4879127521278857,3.2932215807572245,-1.4523552958265578,-1.6386186531674483,0
-1.91012650292289,-3.0714749006441666,1.99050682532525,-0.1340514361970109,-3.371123958049718,-2.7316975421943397,0.21150426233818476,-2.80555041556611,-1.618022177412322,-1.343823469758891,0
2.790416439545077,1.9417425863809499,-2.7455347650905293,1.5525490651467972,1.661474204417628,-0.8061770918980025,-0.8050109913147171,-0.9990527242631466,-0.43359248222458147,0.7633285540864914,1
-2.229978001672296,-1.5963960456189052,1.2202796819597852,1.3149370453402958,-2.1679051144229513,0.6901497850723323,-0.8726919359140094,1.3803619721852411,-0.13504084898425173,0.15740790492837076,0
2.804131040571017,-2.2808710419912885,0.12989931279494082,-0.31265873001459316,0.8084629089719921,2.945162656207076,1.0376400147631857,2.233158253564984,-2.7280008334462256,1.231060210080385,1
-0.7305302641978867,-2.801535945495853,2.030383975770436,0.3701696348203371,-0.6474610857561373,1.5329974419562382,0.42644271626094254,1.9252569903113832,-2.2484444736573015,-0.5449552178596592,0
-1.890574325796325,0.047124058081590106,1.1943506647948399,-1.127856246145756,0.5897845162644342,-0.9570630355399912,0.4504141613157049,0.5786655221374749,-0.7013113932077792,-1.7444860296800933,0
-0.9979371773380272,-4.191213164152915,2.2453308156758824,0.6065908615428617,-2.698835210268419,2.4992808165232843,-0.9222245213338853,1.4999042923159265,-2.44369562089401,-0.4258297570956283,0
2.4763789749722833,-0.8475321943608796,-3.10322659119935,1.3166980645148691,-1.8696071817715918,1.7150026129688718,-0.8291301835303785,-0.6766041430895621,-3.0526841036448276,-0.007912665198696045,0
0.49961589760126507,-1.5539904361161625,2.1369307798075017,0.3977449654468618,0.09912773868733682,0.5692059294885123,-1.0332155980225177,-0.29750164811895263,1.0439064690826139,0.900158530166367,1
-0.4309542548409154,-5.031186685154348,2.9255160698298646,0.47371080490757145,-3.254947251211068,-0.9358614264612872,0.5068269113778173,-1.4464465073973383,-2.432599721118376,0.15597827687664068,0
-4.333027997612768,1.420118280849492,-0.7393014888955922,-0.5184973366243467,-1.5706072072865875,0.9401001087770744,-0.4930524964703344,1.604835658294029,-0.5855685600319155,-3.4875614109794246,0
0.23217267793022045,0.06699322622725327,-0.4199831094923777,0.3758203257384417,-0.5463312655297705,-1.310327715079912,-2.0302751513473365,-2.8936611947590762,-0.8854657185242583,-2.0828186245171625,0
-0.2593737584777063,-2.5125088973896124,1.0572968540519774,0.34447844084702445,-1.2128342018799414,2.395627336444734,1.2225441529329892,1.0288605803577067,-2.5414822895083558,-1.4450039613104717,0
-0.28793859829151486,-3.962689289429841,2.5947728306904363,3.1589417845886634,-1.2812396284812757,-0.03994840397577981,-0.2614685625409319,-0.5413404487904685,-3.5315369370902747,-1.749588394208207,0
3.2002094278713216,-1.453467951601896,0.834117847700651,-0.4059886015648107,1.5948093575481082,0.9531344431297587,1.12089542499487,-1.8681497204072306,-1.6383932683330251,-1.0042051385642567,1
-1.5032274450252372,-2.8261676714755324,2.2342168828543896,-0.23153942311748107,-1.9042978448697192,-0.13710276556237555,-0.019088750235941546,0.17156718418707484,-1.2561666201793265,-0.4359831267093113,0
-2.1489787851303714,0.7066503611571779,-0.5685549224561208,0.3362808307573559,-0.42999171457317586,2.606781633688855,0.5171063770094092,2.4904324448915416,-0.8201316827437197,-2.124429761885782,0
-0.489482002376925,-1.3806525986203384,0.961619249549213,0.7154140412440437,0.39850414016251934,2.9647932407365722,0.2519636041280662,2.645796030815515,-2.2295247926798973,-1.5345371579551013,0
-0.1947779208666919,0.1889484587273218,-1.3547793239574248,-0.9256671432872929,-1.2517012464063249,-0.4626661065531493,-0.417538228326973,-1.5290115271740523,-1.39780816262298,-1.6960345923025506,0
-0.41403937672081653,-0.2699647889328599,-1.2996457397861174,0.1901362449020588,-1.4466821434152375,-0.6344371392844135,2.7064695734887576,0.939561890344569,-1.0729527001203871,1.1609464672769736,0
2.530750632225526,-2.021868123046395,-2.2508385254210044,0.3970775994906683,-1.698208590533178,-1.1434841496832449,0.04449683571203692,-0.7512410039688306,-4.332364288408223,1.1574749151308312,0
-4.279129258172749,0.44968073875999365,0.48598955224397633,1.1326224577717492,-1.4763814565486892,0.7032024239493944,-0.019260756073364933,1.9057491839569316,-0.31695146291670995,-2.6085488405565807,0
-0.3214032507499369,0.7225970159286021,-1.652640708381139,0.3484962524285009,-1.018223294411277,-0.3698742052185917,-0.23682804280229675,-1.8263147437887826,-1.4302071163194605,-2.4969782929890685,0
-2.5898072802100773,1.499221251145079,-0.6520022448864415,2.4264722892412673,-0.48187860699746565,-3.6630516610904547,1.217912665058428,0.4369307620305771,0.44781438931786166,0.47486446382323666,0
1.2558519761442675,4.1603473187796105,-3.791897110825544,0.725789264832387,1.079052216843531,-1.2090465360483007,-0.1435575086815076,-3.067672060950005,1.1276943552315952,-1.6801086217152075,0
3.0594563663877152,-1.2522528742256414,-2.1002502029087244,-1.3080189744641566,-1.8896962088655105,3.6106852872685695,-0.1440009111288678,-1.1514469719956872,-1.318338006320478,0.2216233583876499,0
-0.351738129888323,-1.3867276752582258,0.48974883206042286,-0.3957297737110001,-1.6961610588689906,-0.11105111997095474,0.8201972453763019,-0.6654821150528409,-0.36028525362496633,0.17396521120495856,0
-2.8880609819517624,-2.743492877719679,3.125346216753434,1.0880388357617128,-1.8926914428595767,-2.4061469667457733,-0.4443862851055618,-0.7472730368559244,-1.278961793868916,-1.3528761049641138,0
3.2683475433158597,-0.696878697688363,-0.9052731120356173,0.551518008469582,1.862244605865119,2.717598910804777,0.3942556927810128,1.789724518728938,-2.235976627750943,0.7705390488142545,1
-0.17909596278166864,-1.5452645694917955,1.0215214526750573,0.25781470525498895,-0.07341026054277866,1.4499672867708842,-0.1150708048831132,1.1361387482899272,-1.7611721102273452,-0.9755295752244988,0
-0.6004113599975868,0.953411684986061,-1.2946042294560727,-0.4652272763218353,-0.3765330838128994,-1.124317229230984,-0.24711640090441678,0.7045977110956911,0.013276551647900536,0.8901303116101542,0
-2.710482183239672,0.40933333953028184,-0.10209669334628702,-0.9874504687235515,-2.021118118800299,0.37271053513606434,0.49826470719588245,1.2570761474903902,1.4609404113082327,0.37687333246462695,0
-3.0090640636544057,1.3964512974701047,0.459705490729186,0.8117183992815746,0.18600604269843646,-1.086446636934888,-0.8777452927801963,-0.30272109386016655,0.010549211174101236,-3.2756966693731395,0
-0.9374214712462866,-1.0026366023450957,0.026376899533593123,-2.0814371617666056,-0.8524055614545936,3.81471722011919,0.5528119791930007,2.6920195841115113,-1.6601796871196033,-1.4016359313441766,0
0.42581366349334876,-1.9021663340400103,1.43093426497948,-0.45359008542181545,0.44649799332368056,1.00683768779502,-1.3865950065571653,0.9457973133624638,-1.9494941306305815,-0.6026340010528898,0
-1.8323068382601664,-0.17324511911059234,1.4016721431556023,0.3275691768512657,0.6117870761784059,0.5574495386459885,-1.4899361498525714,1.8542829860339958,-0.24936259983885878,-1.0697035034664581,0
-0.23961269586598588,-2.692643458366693,1.8446411100596638,1.5764580021556338,-0.4771824886922885,0.8296562786882371,0.4945046297524024,0.5510395390117953,-2.6640235747729886,-1.3575566485600334,0
3.285000626087157,-1.9122159982634677,-1.8180313157934491,0.7880199850505609,-1.5765315521503995,-0.9255584347574302,0.7537689306975566,-3.27250380067889,-3.4857109887907765,-0.2017622453805813,0
-1.9572237055694395,-0.959079013970017,0.18777864080678186,-0.5861362637630572,-2.1983630549039654,-1.7386597817124754,-0.2575659346052936,-1.0860027785722168,-1.429778497234586,-1.4388749319757945,0
-2.442684008590766,-1.988648378870684,0.8557503063902356,0.6388666960288489,-3.479436800484871,0.7272996347043321,-0.3517508018086691,0.17673172306895846,-0.5732629873337571,-0.6957101985302476,0
2.7636603444241903,-0.4511571932141602,0.04242007499354128,-0.6695913936398925,2.3094384469500016,1.4805224973032454,1.2191288665415394,-1.0758238341844946,-2.425223714823467,-2.323459086351839,1
3.0636695491836683,-0.18716483441574946,-1.0806252363495434,0.5196797005159772,2.0119960088444264,2.6968822220496005,-0.08422776241358294,1.8131471350889394,-1.7729375496722513,0.7177359103624961,1
-1.0749977810535147,-4.133604036568101,3.4318336283548736,-0.12178294301056877,-1.4867217008184144,1.6767284384607462,0.6183519298079181,2.0902809070310164,-1.4653864552098914,0.5735870794421984,0
-2.4641015756971076,0.16617192452077187,-0.001904593519781006,-0.8261699543891778,-1.7690443847205473,0.598172558193289,0.42540862941858476,0.07370077953109733,0.10432690040231596,-1.8340331960333234,0
2.4254788540583725,-2.1317998137321026,0.7372549126999566,-1.348331505280538,1.3532986552586888,4.161866682271244,0.2027676016233806,2.649630009269325,-2.444456266921683,0.208506157792415,0
0.812634574101031,1.8752374966544934,-2.7827089983741544,-0.3692248831854975,0.0634288906092848,0.6798640980145854,0.3497927665296289,-1.7609079356405015,-1.3197181351436327,-2.802352921264241,0
2.9798867915706735,1.0677130765363136,-4.089964630808765,-0.3271161562906168,-1.0750608661599714,0.23464627196966892,-0.4324795732463792,-1.0087648225606605,-0.5729133011889552,2.137278911705769,0
1.9508790385464565,-1.1283856238012007,-0.7932709361305909,1.370850755499421,-0.44652625318524697,-0.20149282675682034,-0.029146351490570425,-0.13012395466066717,-1.30607703461651,1.7215139210730768,1
3.356561434809638,-0.5264048362360869,1.0947585710821628,-0.10231258554697635,1.8916612321281654,4.46379040260735,0.6228230145618063,-0.6729033508921609,1.6468121727461416,-0.019100958253546185,1
0.5502455608933112,-2.233563417689196,-0.32646068833384,1.614772635562226,-1.8869659511871735,-1.103918859762465,-0.15172325290401972,-1.0236988397218585,-3.1565421629532233,-0.27595184198391287,0
-1.2692520611907196,-2.283156321597943,-0.6354704741293342,0.7024373171760636,-3.1915887590678262,-1.340427403598099,-0.9213655751373316,0.8855548024387567,-3.1509199190732766,0.709243969055908,0
-2.165361166411928,0.5260706594711221,-0.209477004398541,-0.7888432486005119,-1.0006135781950152,-2.7298248640293155,1.2996403743094707,-0.8543025120232492,-0.5120561414705297,-1.177653292703859,0
-0.8312189446322771,1.80891943590979,-1.4491145716220797,0.6050351408117695,-0.40641301092340565,-0.6205321741273271,0.43040342273168825,-1.6938452727967876,0.35819158209093804,-2.060622051012998,0
-0.9191196713934644,-0.753034792616452,0.3936614183160527,2.2757700482854415,-0.7121542037370312,-2.0489608628468177,0.2751884167742996,-0.8791891769050794,-1.5243440525907097,-0.9728633870134678,1
1.6937351284558293,-1.2820750979009559,1.45347964302881,1.2494188497398657,0.3862748644399978,0.7869723575602574,0.24756928138853604,-1.0398153200734874,1.0226288675917945,1.0403981491850236,1
0.49326958282425853,-2.794550156928309,-0.654992717553524,1.5929783648818574,-3.07811371005161,-1.1497027055273499,0.007284972241473471,-2.076943458480501,-3.9057813561534904,-1.0217479349592136,0
2.890939823464296,-0.9864339783189806,0.3073591155964531,-0.6068457712934849,2.1038731507955273,0.9603982144895649,-0.4404013307372619,-1.514201416187078,-2.9198959281628056,-2.381525869929327,1
0.6944088812760276,-1.7177583587068375,-0.998259826165603,-0.81498688431011,-2.1154576511005834,-0.4758792217187774,0.8097366865220711,-0.6831426922487667,-2.4645592045474647,0.3442382945521427,0
3.336735049055046,2.51945262936417,-4.771016427178026,0.045684326560339356,-0.19239736472444924,1.7224468921245522,-0.6021841287797184,-1.7118052877503538,0.17786656107265308,0.4356406135703996,0
-1.6555756008625355,0.1857403492896261,-0.10690977878459473,-1.1199452705772128,-0.2718939453690159,1.1913638063413796,0.27118420504387725,1.1437493894665103,-1.351059478755374,-2.350725582443415,0
-1.4774027256508389,-0.8565677586547304,0.6495563582537779,-2.37322973285064,-0.811897530450276,2.6001500178686068,-0.47542568912416716,1.7730105303871064,-0.9960275501134623,-1.6473152685982573,0
-0.969483809785188,-1.9370963329208217,1.3050973140923499,2.1822678096954933,-0.7134229057890977,2.8462728117286122,0.20278036280499484,2.3415867779591713,-1.668183111849452,-1.0124530860976544,0
1.5592199799008168,-1.4270321047464183,1.0212388009314077,-0.04085233955940816,1.1528954493038754,-1.6009953850950787,1.1760790596352249,-1.0270188142854388,-1.9656280338806384,-0.13001071524861985,1
-2.0613443375114797,-1.3245972022906132,0.960971759167538,0.10512109653044063,-2.620937879665692,-0.41122879551858604,0.7003291706062024,-0.4569277278686523,0.3118611654206176,-0.1836200674040428,0
1.9856171126994244,0.015808368668474012,-0.8810600813118541,-0.0408068798639337,0.8373104726118159,1.1215398457388386,-1.6009924446753903,0.7770160641318021,-0.35841657205526845,1.3640339350633182,1
-2.303618158281799,-0.979482630698786,1.9456021765076246,-0.47321118845039606,-0.9931130087455885,-1.4843350981865902,-1.280987923737443,0.14427158267911533,0.5496116599836176,-0.06906130239099917,0
-4.703622342786836,0.7263455498621194,1.1541099291535466,-0.7193185675845094,-0.6595563482765144,-5.7549987371414435,1.1604725053473395,0.4870846033714833,-0.09366008060740572,-0.4550169028096477,0
1.4323385792025545,-0.6283813190763751,-2.0140397641464696,-0.8333177577042885,-1.1326212028421538,-0.5838805256153675,1.129816546358944,-1.4866920067724005,-3.05402422101779,-0.9138065492434633,0
-3.766857853293905,3.4523564457452673,-0.04073414139771114,-0.44153532917022287,0.8092973932448977,-0.7783447198286276,0.35951888153323863,0.07607588139506483,2.5840794388585544,-2.8860729521097994,0
-0.6063960858552268,-0.456223131715144,-0.5894203241222322,0.41976763023027386,-1.651718711830189,0.9766525673055975,-0.8366687784230472,-0.5095685141731401,-0.8540959940045854,-1.3044307939442827,0
-0.9544706860951035,-0.5603734739587546,-0.8108016974001062,-1.1130900276298048,-1.6180008989170802,-3.11944770861636,-0.05298153989670182,-0.4836991943191208,-1.7355270683878867,0.5362920802188129,0
3.3396847194875976,-4.123096912030212,-1.618589545206015,-1.2079888228111733,-2.7628896061508845,-0.6755164767928733,-1.0717347263670085,-1.8634024346263296,-6.262535305719691,0.31958663951465804,0
0.8912021242791694,0.6458142701154836,-3.0051500652216294,-1.4925959941304103,-1.7654753370635778,-0.3921875036746767,-0.13937030827390118,-1.2198409520350317,-1.1362784606744123,0.19644863381934807,0
2.706933734383858,-2.0083572658323816,-2.397486923451864,-0.05965401030449736,-2.9118696016114143,0.9683739910131162,0.0214602600249777,-2.440861020382987,-3.169582649522651,-0.16963483084688558,0
-0.5206747116871304,-1.5939732887180766,-1.430964629185219,0.4517039533959419,-2.9456096522630597,-0.693720840977853,-1.1164395315002533,0.9393093625336735,-2.424097766193931,1.3625233513628316,0
-0.33240649609990724,3.36378946972116,-2.8007393205220636,1.911648183486101,-0.09454273158183768,0.37311485329125915,1.5177615926616166,-2.1321909977206315,1.3961613797407622,-2.4243358472301377,0
1.2128388666139711,-1.369750462118244,-0.6378407686710911,-0.14546158926992317,0.10812777715671384,1.9481027409255085,1.6623666696104846,3.044973383230544,-2.4207941329063107,1.495747471064293,1
0.2188858533506271,1.234808401937782,-1.607635009456037,1.7444739253854884,-0.019743297294934514,-1.7841331000482201,-1.1945896470218709,-1.7950594118996808,-0.7421797685805747,-1.149199423066393,0
2.340830754910669,2.169800367455634,-2.098301812780078,0.5069082002928592,2.3183578514254513,-0.5659032276574927,1.581515118731809,-0.6439676494085231,-0.05246173654341901,0.26138306140651935,1
2.198533235171986,0.4426401925462454,-3.7023991752919434,0.8928231165569592,-0.9218462109472862,-1.5128057252374563,0.02873844140680185,-0.9004979483612671,-2.7612747891510327,1.0136772033829295,0
-2.2068265824364905,-0.13727282994529172,-0.6842094832470045,-1.564183402338887,-1.8295332489572687,3.309174105094635,0.2979615561644564,2.3013328947873912,-1.0401334522415047,-1.9210021905622223,0
3.892882143634673,-0.3754205095411669,-1.7670341129954539,0.5816701162790064,0.9672547101571667,1.4236104452958764,0.8013943237833824,-0.20480335440178132,-1.5464289696076228,1.3668997241951173,1
-2.310358479486038,0.24368104785153577,-0.13299318239268376,-0.3096887692908779,-1.2916149447218492,1.6494777242347691,0.011996068938586246,1.544664256952728,-0.0071206030827790645,-1.3192466202505782,0
-1.4986550992653327,-2.1814972769513137,2.327573721017375,-0.6076286845249997,-1.268521024227128,-1.9620220242179358,-1.2274587132122954,-0.8772652039831805,-0.7607791112092351,-0.41942060144836213,0
0.5231581616999073,-3.9583805791800266,0.9309096430104642,-0.6720310766470772,-2.6870988028392917,3.8646180772487613,-1.2425321147227057,1.3102246165363869,-2.895877076868603,-0.2935793865382107,0
-1.5687706284011291,-1.158553204388388,1.9164741461578898,1.6927134330812508,0.5439383299313918,-1.7079720078417586,-0.14482749406013753,0.0051321053163690955,-2.1292888564234476,-2.2188890050545167,0
0.017519829607951586,-4.907255928326586,3.2607708847604138,-0.31334090934713393,-1.862752667387189,0.4391777077826421,-0.664853987102495,-0.14323853178765522,-2.8124369165337573,-0.2171171290691395,0
-2.773528210655023,1.3995221608847832,-0.16756528057847075,0.20163293734014595,-0.6114690769114839,-1.2779646435081873,-1.470033586810926,-0.4663618406393668,0.4287988485424499,-2.2112600424741666,0
-1.101556450601446,1.4553333605974679,-1.9147541913765211,-0.9653244697473485,-0.8096933452804737,-0.3555682607592535,1.0556337568398246,0.2378222265714316,-0.35082630986582897,-0.762817730372837,0
-2.207237877796232,-3.1782677022995056,3.4435498710548504,-2.502608890607422,-1.2968023462017706,-3.086990703306475,-0.43547404803817114,-1.4206788765253502,-2.223842530035525,-1.817618558010832,0
-1.7874897404710757,-2.2431101293547067,1.2776607409730332,2.2493267919788082,-2.240992987328358,0.44334179462072376,2.0439587625081876,0.39782022289652064,-1.619746897544437,-1.0970584753620658,0
0.8738246164924809,1.6625510183439443,-2.9563421095086553,1.2634175399628007,-0.5119265209059509,-2.645098739859738,-2.197186941008039,-1.4590437153617497,-0.40600639903975744,0.9932474885266585,0
0.03192039715747471,-3.1923836821007248,2.9081600201180176,-0.7537774585576116,0.309230987318732,-0.6924468503815895,1.553279187692493,-0.011730454229581522,-2.805303915307535,-1.088213576318379,0
-0.868051018365988,0.15109848572644968,-0.4437378355483568,-0.30493955887535495,0.4750025244171008,-0.9245025842610564,1.7020209505019264,-0.25662179295962684,-3.1043414147589443,-3.226137893826036,1
-1.9415534080134706,-0.060310838572142325,0.015208615251040003,-0.3618122932559792,-1.178161287673545,-1.295546890798474,0.9091179275980095,-0.9378077194058053,-1.2426008442646617,-2.3127053044419195,0
-2.483500858474039,-2.127705601619494,3.134829449868961,-0.43067512849503575,-0.4673791757474274,-1.115424214542919,1.1429597369182798,1.1138348149031596,-0.7856503250214638,-0.629017250806778,0
-1.798104270075655,2.9458944326042733,-1.622991217903652,2.0716358546121194,0.24853175554826024,-1.348702715889405,2.427067395554913,-1.9860007855607753,0.319446195083422,-3.623207960322644,0
-1.1618302754954413,-1.5130653320465495,1.3434321813481314,0.4872493587651452,-1.1511028916922252,0.1835942203310149,0.30733631448125637,0.43839106743614553,-0.4417579309561718,-0.19366122462220092,0
-4.714129055326026,4.491187184475787,0.09699744872653326,0.5554887750628047,1.40356920312473,-3.4458853068376882,-0.1776598191298878,-2.4332515665797523,2.142454408212146,-5.566746153299661,0
-3.2954832080723517,-0.04119949802834671,1.228523321729107,-0.5519570147842944,-0.8533046328529974,-2.1602038645949246,1.6939579396179882,-1.6353661596179832,-1.329379212523788,-4.189858961008985,0
1.3306300542564529,-1.9654014249954852,0.9159629295020439,-1.830152213116851,1.0453317885801598,3.826820590863227,-0.7263553019229068,3.2956139088273493,-2.2058794363474927,0.24070660595200155,0
3.6173996318983073,1.9011004377814515,-4.354432065279864,1.2759279527788632,-0.28891787957573356,1.6628509282434574,-0.19261441375760072,-2.14255324899527,-0.22647696539658535,0.24620413354473292,0
3.1155536906079457,-1.3677901349881438,-1.9273952244343393,-0.535992731367536,-1.3479101903661048,-0.46360291542309384,-0.10748471765562773,-1.9459113364980825,-2.1413546760781066,1.3671159223935283,0
2.797993598704692,-1.9426924873848797,1.556189533170964,-0.8424737935365935,1.1387692305045098,1.1096219554439453,-0.8574579097060389,-1.7134810922181598,-0.9305728719706081,-0.46241948158517643,1
-1.1852533704977997,-0.3063204737597953,-0.45308783811902587,0.1355242975292022,-1.04397067169251,-1.9048893750377354,-0.12767504441391503,-1.5336080431053045,-2.471389105127174,-2.611970273461173,0
2.6744139127143782,-3.5569060934971217,3.2456864082106436,0.7320142722401903,1.0673611159063243,1.7809893149348075,-1.6115656223375108,-1.9319587925838322,-1.832618898887298,-1.5582107040492474,1
-1.0199796777523988,-1.4500845029820513,1.393528430823734,-1.7964587211700052,-0.16186753448075297,1.2618159699701736,0.5091394756715406,1.5763039345561114,-1.4395994855713337,-1.0439241838969189,0
1.650343994271346,-0.4967914987788973,-2.8430900684077196,-0.2704168934620731,-1.762982886063658,-0.16352710656904612,-1.017314888987104,-0.42268648810062703,-2.4836761507475815,0.9265588871287949,0
-3.4629803890236905,1.8000369979141724,-0.6023400899930382,-2.0593542797751767,-0.6569052020383008,0.12588884355272467,-0.07777963100956568,0.7146233203976964,0.006001952224587548,-3.117964098387195,0
-3.367469488520063,-0.475261563502227,1.8710694061158262,-1.4997148109085592,-0.7289084328304253,-2.042616808366831,-0.02097995741445105,0.22205106856745427,-0.29044696999290054,-1.6793962815706611,0
-0.012854427522961776,0.5422307849228979,-0.5596013981531895,-0.8517525045726252,0.10150189690224998,-0.564436635089477,1.802959455472518,-0.5384475329098332,-0.24908238289747342,-0.5389312764447559,1
-1.5944508443590322,2.0690681966550466,-1.8429124098515217,-0.08009339349343572,0.33791947651807386,1.4819509463900704,-1.0782252255970555,0.329275015738943,-1.7581080383058576,-4.431193550776591,1
1.0500438261618024,2.3373313650170426,-2.0683826785047184,-0.43419761794383066,1.729227608827053,-0.22262652690354523,-1.1413669732818656,0.8091459050433718,0.4686079949551645,0.8220272905259611,1
1.2699622631941931,-1.411684093852448,-1.2192960108187805,-0.5991223927055405,-2.159897976149067,1.3026756870819507,0.808576405990583,-1.2655666326319168,-1.6789438489189181,-0.30676803337010417,0
0.7023120403172467,-4.134280924687191,2.764817404595937,0.1222844623622011,-0.2673879322528713,1.876513774499167,0.05430390332633274,2.09562529251061,-2.8070897895564575,0.586227360432352,0
-0.27666567736608877,-1.979869175193523,1.0480543127465243,0.8472052523664336,-0.9359744125261338,-1.159279723162139,-0.33571395638839285,-2.7055870403572864,-3.293719385591091,-3.6410956807024504,0
1.642886580192962,2.105671129395288,-1.7702138633779545,-0.37978659467667686,1.447647994024343,-1.1111701418393207,0.6060851828803315,-1.0552631926546265,1.0911971198672101,0.8981103009587988,1
0.18339216143692227,-6.830725237229338,3.3637866337718894,1.060828686985884,-3.489018991525621,4.478776482252972,0.07226790976889787,2.8152694312118713,-3.491793136678353,1.1499856738069374,0
-4.397863431787683,2.0056831016885313,0.1411380166820726,-0.5117639567336494,-0.7198290653210528,-2.253997623108825,0.5769171804036888,-0.23171482615819539,0.8796361339610481,-2.802482861594167,0
-0.22819564433813486,1.4188502458387728,-1.0892420445706152,1.7073811047544476,0.5466433804709406,-0.12070378844723728,-1.5826596719743449,0.13841611563179912,0.11748926390979708,-0.6107009875523197,1
-4.753211861143857,-1.033801544292033,0.7837770686657357,-0.31271237723295997,-2.972878414954012,-2.190297736616523,-0.47474345479679664,0.7801638157432917,-1.9320140841611284,-2.143270749048212,0
-0.5679801750383283,-1.4467790686321933,2.0450940142441683,1.4166748407239182,0.12732562062487274,-1.007049345204062,1.4874809385613124,0.3457767222591923,-0.052573049308992204,0.6211751484807584,1
-2.0138080682331188,0.35926583054781197,-0.49565703010293816,-1.7409782579765491,-1.259313793317606,-3.208630878128917,-0.616623639167903,-0.5985970133067325,-0.7174275881934481,-0.3630647523322865,0
-1.7393040395207036,2.141606002283865,-1.8526712744592821,-0.26113733542062817,-0.5770639313205279,-1.9083039606526015,-0.35352099488117117,-1.276173971517022,-0.34409090677879295,-2.2188282922704117,0
-0.2647240263287614,-4.074645134606032,2.9673491948370296,-0.8161364900510906,-1.2110193022191404,1.8150679656683866,-1.225307673514962,1.5873066952121506,-2.028487143054372,0.24194293568893177,0
3.326344510161246,0.2576484570417223,-1.268006413068916,0.7692917607160128,2.640886002402966,3.1551464885146383,0.1663048282521741,2.0495288459948022,-1.7149038505192413,0.45654494256236067,0
0.7739836925166228,-1.7301115316305569,0.6911548365729163,2.206012461671015,1.1136152781346127,2.2290551502870635,-1.0531725944877557,3.636946390109868,-2.673481294052028,0.644156256146815,1
-2.6362879656323366,1.7774875858868966,-1.4468165180033772,-1.4485810468269544,-0.8467865837361068,3.0502703766211416,0.11842454599139433,2.844484423506636,0.4183506952673641,-1.6455895733053587,0
-0.0736129362829901,1.0627387314960488,-1.4890473554299868,-1.9863457455111244,-0.5255319355182461,-1.478249262515371,0.7632036192756562,-1.587659634406751,-0.30383935197115497,-0.7740776056798546,0
1.7057622202172047,-2.209317181744367,2.027944148333912,0.869959269366351,-0.2520849909126617,1.5142252060454497,0.24895673863819942,-1.8897891115372998,0.4046310942006217,-0.15000223251368694,1
-6.963608654438941,0.1584397310505022,1.673809138179319,0.5534470172508195,-1.576002017088252,-5.663662997417747,-1.3832107297333576,1.8087354314545574,-1.5093742387963385,-1.9793395054603666,0
1.5578775908301694,-0.4484364166895639,-1.1692306232897534,-1.4724128355850763,-0.5130315444668956,-1.9878628349660046,1.320825750164865,-2.6222249154006203,-1.9503144781549775,-0.5809643157420364,0
3.1569822944410144,1.3415146983139863,-1.8924656028780593,-0.41377772801851714,2.2799087425134505,0.6343525377467722,-0.6255383602646701,-0.33971837965248763,-0.6066303684929404,0.42534004231753497,1
2.081430198201552,-3.991439503818205,2.1661839865621744,-0.8723402853002961,0.5042168953152777,2.653376509780883,-0.5559134963140018,1.4494039431025352,-3.74210900794514,-0.3342134289912243,0
-3.2955729089334223,4.891642998651956,-1.6265550176107082,-0.39729841154320267,0.737597127856991,-2.8737277083290556,1.161532901211637,-1.8054528137360797,3.0335385679403664,-2.753454663620559,0
3.4429187566294726,-0.14481572815570892,-1.255567505901458,0.7267824785601718,1.8221076924027575,2.0629714657385185,-0.49327172113008283,0.8029078030736061,-1.58025401632645,0.8092803610844386,1
-4.003878288194769,-0.782528780032516,1.710559705741512,1.1469793007809541,-1.7012236686871336,0.05019910669736438,0.5923173021274616,2.0432402590414234,0.1570974910789329,-0.941446513695094,0
0.8079622671624929,2.2669157653244336,-1.5097767415222703,1.0654180391517576,3.4763626156040077,-1.217484058611182,-1.2022090476199554,1.4156036639874832,-1.8809765253910486,-1.0244278384602414,1
4.08863042267455,-3.3042954559400255,2.410794309738993,1.0235755955682535,1.1808703310600897,1.8878462975830836,0.22013935838958884,-2.9374124417905767,-1.710159298699182,-1.1401981025649075,1
-1.124816162360192,0.4153003459326104,0.8959606545437466,-0.1534498511268846,2.0507665728985285,-0.5794665565586032,1.1507032746667285,1.0752278475422503,-1.9015550575444342,-2.6029802771609845,0
-2.1542467414999504,-2.181076112317443,1.7722920842978236,0.5352151476096952,-2.1688202186990595,-0.5613754598219725,-0.43067639196021534,-0.26231884778287773,-1.1892752511926428,-1.2120743300276438,0
-1.981685991989085,1.7877715680630988,-1.0829297897326065,0.3368746903727739,0.4651773892804988,0.8882122475266695,-0.8732566768525382,1.1102002500104602,-1.0324721695219536,-3.1332342062704748,1
2.273605176863665,-1.2519616185615303,-1.0044261473589726,-0.7159467393843773,-0.8365225297643335,-0.024438102574455334,0.9896045427573453,-2.1412644322297556,-2.108813800424153,-0.4014704132948518,0
-1.5593123209558402,2.248787556383984,-1.046012061383181,1.0098758737907962,0.2939840462077197,-4.183763767309429,0.4058739257025841,-1.220613193541855,0.8602739115573976,-0.08561999003272369,0
3.3278686657519554,-2.681558814800108,1.7702134321866256,0.7819040520106344,0.7186178541141521,0.8744404097764484,1.2567252018433608,-2.651554165033969,-1.4014116261505172,-0.5799286181149831,1
-1.5867726869558005,0.8981274232678509,-0.567206292580116,1.0444986441418134,-0.13046342289804458,-1.7464272253584472,-0.7043151487438896,0.46979776292208486,-0.5085964529185241,-0.537329613787524,1
0.6072317999948238,2.5856178462017447,-1.8394044346427916,0.0802849518681203,2.4264986445942256,-0.15783071812167515,-0.40685307226322603,1.6246135329225404,0.0885624321906806,0.32012086369026904,1
1.1438496758352594,0.5254007972349776,-2.2923712339823483,-0.3613353866915454,-1.1903613399787,2.6106631811890186,-0.024367842495843037,-0.5328136330746317,-0.5304806943702315,-0.8231720690353006,0
-3.0840604481043505,1.5398247458184526,-0.7593535467076831,1.2671281427247396,-0.29745229267070694,2.8094265882888236,-1.39380444589965,2.7402325680696915,-0.4825594964846519,-3.0573958289645207,0
-1.5041888980663218,-1.0473892994664817,1.220627732869223,-2.093108147319697,-0.2694579220836312,2.1817698786778132,-0.18043853535069926,2.1119434605811547,-1.0455150730081293,-1.3957204057427686,0
3.627820813114215,-3.749727082734347,-0.7955643299813902,0.07637558870256657,-2.6088269918671223,1.7000114950200524,-0.2622071244464994,-2.9798538245927504,-3.945389853621071,-0.6124559699212326,0
0.2649512945206697,0.7367972547732174,-0.011962631459537354,-0.41937218691673694,0.38402534923815346,2.646447163857146,0.1365409515907167,0.1581188412523844,1.5209290226317154,-0.6753705099747831,1
-1.6903261533616205,-0.42503272647274126,-1.0989370255166642,-0.6199236618145806,-1.8481688136057701,-3.650662262850823,2.384644978371872,0.05735457344618888,-2.373744172396001,0.29599223615997494,0
-2.149632187931366,-0.32695845589272754,0.3605997438381987,0.9779082692731105,-0.9805381291774793,1.8771729826909263,-0.6062040770452595,1.8119278275382005,-0.7457945556645806,-1.660519332523231,0
-1.3957816188244492,-1.5055379521508467,1.1989472405587744,1.093222897070873,-0.9554661783078504,2.1222535804544043,-1.3705612342041356,2.0073036382055562,-0.9203696350986549,-0.6938939381720471,0
3.7630152271312864,1.5800952760884903,-1.9268749355933346,0.3554025365278667,3.275382315674929,0.3706894589580617,0.7728881782719921,-0.7319903235549658,-1.2613648519234921,-0.32251460000797283,1
2.228332127486272,0.452490754176706,-1.2198187265668847,-1.1496815265579239,1.8204156343754976,2.299482433773578,0.4168795120036495,2.1310820108235924,-0.9133047951282084,1.0264269421969885,1
0.3402362239365998,-2.5291648105479254,1.1758317614849827,-0.05022968458993645,-0.5145197967626458,0.8167031468091068,1.5404289516874607,2.082664180524879,-1.8923175103270777,1.4065928715216414,1
0.8625118178074065,1.8351952567642222,-1.8583855050661646,0.5165853579791673,0.019997338917055796,-0.7771366715886655,1.1296335366350856,-2.0643328809640336,1.0993088587681306,-0.20522884670381825,0
-4.338134662369251,3.092542606016981,-0.08007939963055377,0.5491065048747981,0.3195107949257734,-0.29524629297424665,-0.342027200248056,-0.3042917495332984,1.181352063551079,-4.8759226855650795,0
-1.6055486238968533,0.23458948246457353,-0.8103475809572207,1.5797174674482222,-1.3987137720855656,-0.12327953993179008,1.1312871063587266,-0.8355822475775252,-1.53287372515408,-2.7901619888153095,0
-3.33637106075873,1.6041685021794336,0.2133571122392156,-1.5834894011131166,-0.2727700506194941,-2.0187617228661434,-0.5638034643043767,0.05967825612171129,0.8008442722644835,-1.7717702010716891,0
-0.7971418342062916,-2.6436327134511974,1.4570800272446307,-1.2561800267217864,-1.133093808002093,3.5650086485755055,-1.9599588520368607,2.4529211281342063,-2.295251994314019,-1.2443826058276126,0
-2.2678471447513675,-3.089164600541343,3.328258336098346,0.24100313766236015,-0.5752977820873324,0.8707608850467279,-0.8305905203372766,1.7697459976996615,-2.5218759567146565,-2.1182414695141234,0
2.3287423474328555,-2.040827357309219,-2.4168871313326847,-0.8174096116063831,-2.8818104477124957,0.36598086444147193,-1.5210979022372757,-0.9052705406699989,-2.979735599938859,1.5224103032839693,0
-3.7841247112894294,-1.6731891825261438,1.8167356666092371,0.7634238129842029,-2.196440033722032,-1.8386478270839222,-1.0796013185359161,0.6972651100017302,-1.3945826408626636,-1.383289703877541,0
3.1354996349692628,1.8488073282239323,-2.7410631252508635,-0.43606931804636434,1.6374745735784486,-0.09602257826008676,0.22039570712596557,-0.960932863571601,-0.16856493230924097,0.9198362540697936,1
-3.717235241945899,-1.378070778856279,2.2556135487903464,0.8977470476246219,-1.8621330035570702,-2.3700770987075517,1.0281623114694713,-1.1978335902513557,-1.0574378878479151,-2.8998831614263327,0
-0.1324678023574263,-2.0472775534305776,0.8147909447871489,-1.2217710884730737,-0.7803981014181256,1.787473969869214,0.576094728144831,0.8307051647422611,-2.47459644652122,-1.421913713901187,0
-0.8213881583005282,-4.0287091149934495,3.563347944942874,-0.10218777971711089,-1.2245736832101228,-2.0038204048825694,0.3386012463207343,-0.7080182276690266,-2.090362767864744,-0.08896397391972255,0
-1.1932242787987213,1.7235956608824041,-1.0616735693414998,0.18671756076823665,-0.426351346625372,-2.030528638669303,0.18062576940507985,-1.6275758465052752,0.7765000795296724,-1.0663281675612326,0
0.06243561815203343,-2.7689791967133877,3.300394381200044,-1.4400105363200304,0.7566859648561952,-0.8657557830906641,0.37669484867638603,1.3033220861465535,-0.6024084106680536,1.6505960404275228,0
3.7316263519098958,-3.4575806867185093,0.05001537495493258,-0.5905245698394233,-1.3249689470984984,0.8006946258675086,-0.39993872710426737,-1.223894350806126,-2.252424632579218,2.2554422684903743,1
2.0374361406594734,-2.3367409573325517,-1.1409652707876654,0.4955897101997747,-2.301124178297952,1.616893703231813,-0.7558593867544244,-1.4349485271633937,-2.864664655743006,-0.44081745373439885,0
-2.5534585136646766,0.9032041213042009,0.24556142060851882,1.4604151779364853,-0.4862318094171695,-1.6361792912354076,-0.6990546254873308,-1.6188311578444696,-0.5734475255326889,-3.610501113695799,0
2.352042596438984,0.7350802306725183,-1.0518823338145924,-0.05680739671545823,2.556075721503397,2.260516221474073,0.4973284303652215,2.0448211248961927,-1.0226041017633474,0.47139311977440246,1
-0.4895186527289832,1.3521297344836885,-0.9411167019046229,0.8041346419162541,-0.25071430526124094,2.661769831756318,1.5646802578384538,-1.2964131972075066,0.24059271332416143,-3.6576598481588842,0
2.5724593610580415,-0.3171016699211259,0.5390831661671747,0.12674486615081526,2.1736678362574913,2.179528809705234,-0.7267437429665786,-0.5006501678911093,-0.5551045462085034,-0.9846819191080569,1
3.3437611354518864,0.5840624807718809,-1.656991725698821,-0.31521018040569243,3.0553940769375627,3.370654576766673,-0.4521345890949861,2.6390436216322515,-2.2258791291229993,0.1985133503960007,1
-1.0306419501477877,-2.293614783629355,1.5306486261885957,0.49400166730301776,-1.1973351398324317,0.3597208006567145,-0.8499666166743012,0.5070774149762372,-1.998431203656485,-1.0587939420758183,0
-1.6002061588550742,1.865217535376219,-1.099188259671559,0.47455476235796257,0.20423606178788245,-1.4963239582247232,0.7355365558078887,-0.9984564666814204,-0.5826321396720829,-2.7054682528954768,1
-2.666924775988895,-1.8149671983018092,3.1453271298221495,-0.4413736136969297,-0.8741879973334079,-3.956102187908957,-0.13426567343942075,-1.4074001903582474,-0.3635176799487879,-0.8983891976929663,0
-2.2629934018045113,0.027597896439754452,-1.4777706458024045,1.0558721413560592,-3.067506778251491,4.771446076773698,2.2022151446821727,2.2234169656511407,-0.30701766596374824,-1.7505333946491113,0
-0.9409262720999545,-3.1486524156329905,0.822837536938736,-0.05470847125397434,-3.415164203681627,5.123911624820261,1.2655034894002992,2.819950454185117,-0.8818166420506621,0.5584343689974398,0
0.011523608878363472,-4.727986625226628,3.29762559628115,0.6256228953496078,-1.8322132094116457,-1.1056079157640362,-0.7562817510624437,-1.5071065618282145,-2.8459574286387626,-0.6177683432095968,0
1.1770996273821113,1.6319341805777838,-2.9266516554677393,-1.1034047859782585,-1.0418228481219785,0.5602346529432376,0.7529675122044905,-2.864165217313597,-0.14971030424339382,-1.7840080955794528,0
-0.886937567461194,1.1252166977436742,-1.197089748342541,-0.14764517993708198,0.2410928416474657,-0.4257257239547463,-2.174342726627676,-0.23466850987633958,-1.6650423574742348,-2.5594420640345095,1
-5.455310430326353,2.5519634029799105,0.10256881852944577,0.20262159585594974,-0.437031605704009,-2.7239447510024553,1.3601120105068125,0.707530474103149,0.7380297185770419,-3.09451188646446,0
0.8952217203587981,0.27273727903632244,-0.7510216542369457,-1.1867714176520807,1.0614542841267016,-0.18708523547402933,2.064389151850951,-0.9115489429859778,-2.3471150091797304,-2.320560037780645,1
-2.5746647568322585,-0.09080357667784737,1.7970622830114844,-1.032675529017987,0.4119382189880816,-1.740120888080758,-1.253766331991023,0.755258430813768,-0.12612383866343235,-1.1955238769864964,0
2.7249231808967243,-5.854123647289019,1.8959707421121776,-1.1590465425293566,-0.7075200554458365,4.851267440036586,0.6566445245371783,4.2006405668201285,-5.109192157701067,1.8297304234126206,1
0.36178730018812,-2.5560094969772513,0.24793381126306824,0.7972624384188448,-2.6695359603854127,2.8045137030571334,-0.6975136126792172,-1.5328217949783018,-2.25056780058966,-2.4584197108009693,0
0.15233861076251723,0.3321793656090475,-1.5324903485593562,0.394314143770797,-1.6799983447368039,3.267930384443295,-0.6216092264622024,-1.3070686516575596,-0.3728242237083801,-2.672040222373165,0
-2.6164907602987113,-1.0464695636130315,1.2434341189043319,-1.9339148116774332,-0.7486803989949524,3.0704036260193774,-1.49414979514256,3.653364978901072,-1.0109643936050332,-1.3272392036344312,0
0.8562685456417198,-3.27010169995543,0.1658377733929528,0.8211222596085062,-2.2908431225091554,-1.8862101730974823,0.15804712185161696,-1.0050584075070925,-3.5642168383328117,0.8145078860148551,0
3.276023533727049,-0.1489676601991131,-1.4204394879756803,-1.3455051464045105,1.663681717848863,3.5296010498367734,0.5717981234151149,2.2001213122070276,-1.3251489724615628,1.3195973804854881,1
1.467126726826019,-0.36470058668031435,-1.178989140702186,0.1433862632298211,0.20334842234514727,0.350016461452864,-0.6992632073839163,1.243401680766464,-1.38279776414881,1.5469546101988965,1
3.138247135426341,0.25195388773411564,-3.080720939110782,-0.26398429691721137,-1.2935990541011209,1.8825932289732918,-0.4796345662507899,-1.8251912216595294,-0.5167102830202603,0.6994686323214718,0
-1.216475346308228,-2.371385200048762,1.1881988293488717,0.39145949793353263,-2.1736302622258483,1.942113190505808,0.7836491298705383,0.9813775917880595,-1.30621378851274,-0.7042575011396233,0
-0.16248663786596063,-0.7530621880157525,-0.059934149939473214,1.0867689645371947,-0.6129296084375281,2.049375185812492,0.8923296533971701,0.35295628830448345,-1.5024646479564314,-1.7932607629281496,0
-0.40913881360424637,1.7040839994397528,-0.8555517307889281,0.5978796872965533,2.1155988431653676,0.2893565303530764,0.9658316468581304,2.9494580922154405,-0.37805295738893263,0.28990472805153356,1
-2.1379275488634586,-1.196339756690203,2.542843450318597,1.655152260389907,0.6282466423837751,-1.104315879447157,-1.6504891835450084,1.6309628324399825,-0.8832879127694044,-0.7339958152649924,0
6.372873537679833,-6.0584485897443265,4.9158357307366956,-0.5030130525315085,1.7764027133198919,2.940516371495483,-1.0280318644631352,-3.913630392338242,-1.9491418648624022,-0.32691274632324285,1
0.8007680822437101,-1.8671827655048732,2.4578683899191978,0.10418609336157737,0.6216815555513643,0.6936504610047722,0.17418088196226977,-0.23036053417117552,0.32908915037201214,0.40310486398038514,1
1.4632965875809258,-0.2495826536641427,-1.5563829446511248,-0.7374197400154134,-0.7518695819470287,-1.068000227089268,-0.43986896240881934,-2.811488092008992,-2.2346579390241583,-1.6140615097711137,0
-1.8887600825418434,0.5809854000082461,-0.6427856323103069,-0.43608021709521955,-0.7811348057749474,3.7470532146549895,-0.6372118248590148,2.4012081618201817,-0.4481399298971278,-2.1864613905736814,0
1.0085831609208409,-5.78800662183592,3.5175845397175287,0.7828775531887718,-2.0837241298629823,1.2098734809838554,-0.02127284963109477,0.09057640036984238,-2.703331867592743,0.9919859549534396,0
-4.619445153059019,0.7525267525724022,0.9991462819279954,1.32712855550037,-1.1259771846763922,-1.2141131110275087,-0.07675901276272937,1.0117136517705068,0.34331913443402584,-2.362822400454085,0
3.2764926885701953,0.030511581886844313,-0.6547890436747112,-0.35320789551945164,2.4316030261346016,1.3101664820335823,0.8853769905168424,-1.2983235723788324,-2.2496793945922837,-1.923338528494054,1
-0.5446382002234361,-2.4815370309103506,0.917215982024077,-1.2314161690661876,-1.7530184380429779,3.3880194939710355,1.7400572691967342,1.8584410771677495,-1.7845574681733591,-0.6926403826204327,0
-2.0539500294938633,1.235341931029795,-0.8009972854039324,1.2526450073130468,-1.0296526141148772,-2.731187093055503,-0.859254503978079,-1.6781965313115785,-0.11709606477087475,-1.7331700407145019,0
-0.275695314528204,0.7387628843980981,0.33268186678011613,-0.1863535461024663,1.0570210460078429,1.4450643467953321,0.9756260594983872,1.1149607858898993,0.8558281105208525,-0.40169199354932417,1
-0.6603859315802646,1.569780737100165,-1.8965195292556662,-0.5725605925532729,-0.5034529450634595,-1.6857555998567753,-0.03237278638454491,-1.2739103968214232,-0.591125910694671,-1.2942749615829514,0
3.366235203673471,-0.9868892097595893,-1.7712369438125486,-1.112955250059338,-0.18143333938603412,1.3395704160389985,-1.4644520551248152,0.13491044565574295,-1.6420866807580723,2.015619258984084,1
2.165750036853284,-1.501891909892562,-0.7565941480892553,1.3219736775218467,-1.1350162601887743,-0.6764756871687636,-0.8380070202415129,-1.1032610940406142,-1.0617482692961306,2.0191761822777714,1
-0.40162997578587667,-0.9245986006278493,0.7535638301725713,1.9366797622857632,-0.03324698610377941,-0.46816250657650227,-1.546002544219677,-0.5699471950690522,-1.7583912185419095,-1.7774128050053637,0
-2.874963028274603,2.34457814559816,-0.422007774297977,1.285028827347658,0.058866103795313096,-2.968062315213908,-1.6402155886257797,-1.3161295978229657,0.8075818448476,-2.3779956591701135,0
-2.778290829875493,-2.418060874330246,1.3379154448111001,-0.9370702843593306,-2.363270907627202,-2.822566390626471,-0.0003607253572761615,1.0112420404624887,-2.505186189019607,0.17251776652480855,0
-0.8412669552281159,-2.8823062901852565,1.4850542520993333,-0.8947229994386405,-2.240489927319406,0.7401457919215015,1.4508473357321354,0.19743472859561872,-1.6360868432205793,-0.3410437675106145,0
2.569849866203527,-1.2156226089350601,0.4240436715743241,-0.7244888613832092,1.1126572230627407,2.1116622085374557,1.1901096456197409,0.6909786429892757,-0.6034959179997497,1.1332116148429754,1
2.880177539292751,-3.375655378371208,-1.7387330596928763,-1.1793247984474855,-2.8410570127097587,-0.35211075507242007,-0.3717122621656524,-1.4714440546815974,-4.712526749927485,1.0289805858240828,0
-2.0678084130601007,-0.06090716317120218,0.8317048750610199,0.5122753415777298,-1.1762191075642205,0.2039861654081685,2.0010227388593362,-1.6072174874382257,-0.030684525304474963,-3.275211876935979,0
-1.9445336623994067,0.36004999533317855,-0.8361823422950723,0.6725496745679364,-1.291118775743484,-4.157050088927179,-0.6544766723036888,-1.1349099920435983,-1.574727826317074,-0.7879701046037844,0
2.265464206573004,-2.6081185420915696,-1.5346642123240333,-2.58565322481448,-2.717202584468107,1.5650435977355523,0.35382007460241144,-2.396635119189537,-4.003869203971844,-1.6431708173960278,0
-5.263451807690523,-2.6883955598741744,3.360436690546917,-1.397092726394032,-2.5204702349519943,-2.3847462139706868,1.286284436366781,0.990018886410378,-2.064051919205092,-2.391528169722368,0
4.51149351886338,-2.816768680156549,2.5513258984670024,-0.4070360469627019,1.7806545853895728,1.8521928343699163,0.7948518354882873,-2.0047030028741166,0.12554820498280606,1.157329166909728,1
1.4828923207030305,0.4711240352060129,-0.847471501043658,0.12663059942435256,1.4308555704073733,0.4596032293914539,0.9454714819925647,-0.8324323109499088,-1.8482282712311786,-1.9622407754373292,1
2.353652011755028,-0.8760205540947509,-2.420168635445529,0.15399553017779374,-2.1746709184648623,1.0954454825889015,-0.6960867266665095,-3.1050400936322196,-2.3582293076177914,-1.4530790419379689,0
0.8760308113282639,0.31105935097237164,0.35548911874229605,0.9721870698180928,1.4737207225861741,2.1291383198641727,-0.3567798292390546,0.3370217010822869,0.0690868449710047,-1.1709909934547302,1
-1.1776117274829507,2.1710025881275965,-1.4041233820888828,-0.33625695395822275,-0.1165856777819878,-0.756600678259994,0.24872985329914998,-2.3672136514381386,-0.0014608504698672142,-3.5686923723941226,0
-3.102827008519313,-0.967348844287229,1.3136276081556906,0.5857585601622237,-2.414946362779478,-3.00356575911919,-2.1136434143849523,-2.223657883199158,-0.5473351341637962,-2.170239886244807,0
-0.509495928455012,-3.060216362569474,0.6933071492008878,-0.9654921909980355,-3.1057833786750164,2.4763071251683244,0.42248462193427205,0.7370135948071472,-1.7431224857944732,-0.10484203068452502,0
-0.560183811679581,-5.362887214814408,4.066356301179173,-0.33780411896225443,-2.429604294767399,-1.5378499752193244,0.6190189801473731,-1.0866495891022345,-2.1926745905651077,0.5026319362138827,0
-3.8718301274218736,4.064124782420021,-0.3645946392843312,-0.39547628042619937,0.981237678527481,-4.163637143510986,0.3144906723648705,-0.5843782862958613,3.1924140419726936,-1.1105642764469776,0
-4.311501558786895,1.394487508814438,0.26665154856591755,0.3538500015883804,-1.0097301313997515,-2.3607569466900316,-0.17938480631704773,-0.07340959486721088,0.21321337488584335,-2.642487217125433,0
-0.8336021357670573,-5.225539457279431,3.576593435280577,0.7650271951545173,-3.151160148450682,-0.6209686541087986,0.6908415698573351,-0.5349841521965026,-1.753387477205068,0.8990584690556367,0
-0.9246214013083929,-0.9286434838459501,0.09782744531306564,-1.4308585839323829,-1.0000436262836234,2.195246646389433,0.683062711399045,1.6899221773652084,-1.2888567112310203,-0.9201575134091683,0
3.749123600626268,0.07132749529918386,-3.4264850954070023,-0.2865585566960738,-1.1119553804517206,2.142465383798922,2.108590383357175,-2.7420062593261725,-1.9043674124246053,-0.854499861794417,0
0.3854103642004499,-1.0635339585612846,-1.4349869727565734,0.15079889063409982,-1.654582137489164,0.17196534571410815,-0.28112522906845117,0.35703257001220523,-2.5329232177934595,0.11128096963518619,0
-0.7804238055897473,1.2502528732605047,-1.7326271719870419,0.09143990321022591,-0.37233568221355207,-1.5468769049340976,0.14388176262112315,-1.0158682245913793,-1.479868956133738,-1.9385881259771576,0
4.145012389627875,-3.6192896096026583,-0.9910644079011666,0.14482385479938018,-1.0622429024696443,3.3037040251622622,-0.3071425092379435,1.723346479297283,-3.8264255075725773,2.6510773632025826,1
-4.102510123315547,4.47787470934244,-1.882206597511968,0.2936811899596176,0.29447651154473653,-0.32130607584555526,0.18310139188287933,1.6877227235434615,2.47350839110048,-1.9011096852158742,0
1.3398329410030567,0.08705291315740432,-1.990169270642245,-0.22928138205741125,-0.41070586947414445,-1.2296673470084656,1.0372753806398205,-1.8705302249016165,-2.635627336725189,-1.2791111333121583,0
1.3173253156381952,1.5382747792593658,-2.2694244057426918,0.2438798618312071,-0.4419877354484978,2.5383444194943063,0.7794340720248285,-2.0729914940014735,0.3779610055697482,-2.1882065830247486,0
3.48005476602532,-3.60340259542487,2.3196997515034528,-0.665384438996181,1.7429045390101348,0.18749456934935138,0.04141028914247959,-2.750614678326449,-4.653677649189373,-2.9306623788245827,1
1.0366815139707948,-4.239396349163113,1.2060749610708514,-0.20288441701003918,-2.0117168201832145,-2.7677416009087112,0.48702644260865274,-1.6859412185545133,-4.43635955250722,0.3131073507900497,0
-1.0778105932335067,-2.018584163108109,-0.15663751390644398,0.44194438380837825,-3.492282265112571,2.879043960316661,-0.4458294809755354,0.05504089201930462,-1.3407152292590914,-1.374168993208785,0
-1.3979506665488888,0.7235340135704298,0.06008017243605224,-0.0799110976714992,-0.07043431283087043,-0.7324388580561814,-1.6745488892453049,-0.5955834441091419,-0.06885023684614033,-1.7926192329390063,0
-0.7765941141970899,-3.4383735507705304,2.2413035060763438,1.0138411610681415,-1.7722453974389094,1.994897227232751,-0.5497084021567107,1.5575791407290487,-1.6487496614911095,0.03968164967106502,0
-0.34931970826472836,2.7212570086320174,-1.355845612633429,-0.8523316114341521,0.6923641497499349,-0.8896324865054084,0.2484532629527643,-2.4799369787729706,1.4004498149069837,-2.2947979760759893,0
2.8168324034980894,-0.6107483137570269,-0.9227305976399143,-0.4802582875241659,0.15928425965039839,0.14896888941742903,-1.218380602740825,-1.0574996359856184,-0.5299297574905453,1.5491911352653402,1
3.6968564644432083,-1.6527793024175845,0.15759244563389807,-0.43058757111569645,1.3998529081715656,0.14412474817720677,-0.8607438046485579,-2.9497332711473687,-3.2528055168561227,-2.021827654572951,1
2.3363499003042647,-1.4175772012685202,-0.10349531218352115,0.6549150986875256,1.4598767628158686,4.579979276118312,2.961283696951351,4.060207144598046,-1.9855496814985298,1.3667926511819604,1
-1.5913097307991106,-1.5099716655131132,1.0324097591030994,-0.4400587730399219,-1.059430892454601,1.8930294233367366,-0.13039355220383636,2.129024205605425,-1.3490305872246577,-0.8742739301182958,0
2.6344981218931465,-0.5417561033579084,-0.9457562256640365,0.48176270907364516,0.5612442963325418,0.6062257077577833,-0.8558361686065281,-0.11328980767637442,-1.0194932746253382,1.3442252216116182,1
-0.2179003195344109,-2.3320792755913526,2.0435751158812194,0.18001913941464184,0.7096764373785351,-1.269251539837846,-0.3102597139204678,-0.6534325509256969,-3.9410519851377863,-2.9104289213738177,1
4.257954896690218,-0.47059328127018196,-3.4284389363199788,0.6187026219071299,-1.431028757785764,1.2001367482081045,1.113014443935635,-2.8629533570484966,-1.969135209028233,0.5190428320843294,0
-2.290639028618669,1.9006563316972165,-0.9907077647554288,-1.03943096290067,-0.034842121857581176,0.8833607022021467,0.03998193423012464,0.9240458867243946,-0.031187256101719685,-2.6070524517100897,0
0.19606022031355294,0.11935394979133211,0.2779459399160432,-1.7917385924612461,1.1820711074488885,0.29786054456718347,-0.8356678083807723,0.30467723802143665,-0.9558902514374534,-1.2026136455201928,1
3.932535913979345,5.056858728204211,-4.654451756693527,0.8223609391148812,4.124073598973895,-1.001608160373154,0.09165007760114174,-1.7806745870001408,0.42951961364779856,-0.31056994260886017,1
0.4734205718623406,1.078191171128273,-3.051586154371959,-0.03329400813150332,-1.908314566222728,1.0675604357018127,1.2864304630614842,-0.12432881817818597,0.10761933493180886,0.759178534040093,0
2.0920864313897325,-4.814484650054107,1.506816934692874,0.47859110986974274,-1.9103882003273676,3.8910538644639963,0.6176208143407019,0.997132738760642,-3.2683378748072593,0.48829547341373036,0
-0.03228686165010709,-3.3808837141027324,1.8725786956172255,0.7818503575829996,-1.802174206365151,0.6916291802984436,1.4553289348821974,0.005121123888083057,-1.861011606777754,0.036999275951196564,0
3.193052765736641,0.208550511563488,-1.719748902504307,1.3143461137165238,0.9018850646761793,2.109684101248127,0.4027827664450917,0.4914609404153918,-0.3607130536871811,1.625344616140608,1
1.7598253460709365,-6.177756947085404,4.572441911831102,0.24620822775401915,-0.7616928058655043,0.09847334203588143,2.0139300303898144,0.10680795085954897,-2.5788217124574526,1.9089599267665203,0
1.6305451835845823,0.1211017517688269,-0.6552878010464867,-1.2241092929767752,1.5514944393646297,1.0463627284265051,0.8880442016384417,1.4764346796256493,-1.118512672580797,0.6754984738774163,1
-0.0020174532748337237,1.8954972293004069,-0.2548744137899204,-0.5251833566044607,1.8212785388118031,3.2739244836429413,0.6991852515350768,2.023044161596287,1.9888351594459643,-0.36867682200203145,1
0.35034865766887746,-0.022566322869342927,0.1975537011220987,-0.03025137031157171,0.3519569218618033,0.21210573910910802,-0.792644994180641,0.7479957717123059,0.6902680885450638,1.281737645293886,1
-0.7134243341630258,-3.1034932417556353,1.171607023361081,1.0679930445034893,-2.0409733111735506,-1.994929159862327,1.2952712338333454,-1.2184359789870853,-3.7475214373415926,-1.3883957185488154,0
-0.21010687286709095,-5.482636282904435,3.9514899231957195,1.5708864739950257,-2.080033931316921,-0.9428997285241558,0.6403371109296716,-0.7080017460434123,-2.8609125008656457,0.1551086041312315,0
2.0092705071770265,4.756004171332265,-4.380933670292739,0.6622722476908082,1.377741312374725,2.8463291357899765,0.4275963194405732,-2.5421994679898328,1.7607484208863977,-2.9996880303222753,0
2.1551126486825223,-1.5377389244153565,-0.8312486888345151,-1.071986386385109,-1.5793512235529357,-0.12518625960999163,0.3043625584676616,-3.56340230492004,-2.0194209702413506,-1.2847919861410786,0
0.4329705883083335,-4.331623934340413,3.3569861397188427,-0.29734154511552263,-0.903784117707081,0.27279491492783203,-0.22949938378159987,0.38287803839361456,-1.815011474324598,0.8698089298751142,0
3.0405582955164,-1.8105803900220936,-0.3401483751640937,-1.173699642777493,1.1708253804170683,1.7942851878923511,0.7825951266852254,1.2913415635690606,-3.2612327329218447,0.5960570777809232,1
-0.7878636174103387,-2.4410540374858742,1.077353029022529,-0.23384321513413248,-1.8823326623198575,1.6138187818283323,-0.47622388070496197,0.8617023437675447,-1.7242233265577984,-0.6151898386039873,0
-0.6795256206673308,2.3165945350377912,-1.1591236094562951,1.7519208102733048,2.131861785479607,0.22519142151597926,0.9503156578186444,3.02177335894957,0.28014086170702734,0.4559466338101086,1
-2.983743749855491,-0.49477071523374727,1.5327107539173495,-0.7132491280839726,-1.406545172349734,-1.9156904245588913,0.37561387714565736,-0.5639374736302287,0.3549831453718526,-1.2115599239748607,0
0.9408831828793395,1.5297956671380328,-2.637048450211088,2.133126076520104,-0.455211685780301,0.8121232998974932,-0.3762614080561307,-1.8981939770493348,-0.7995947101826097,-2.0872269691326784,0
-2.7658753611949547,2.991873798226157,-0.7654785956590184,0.7867171047089636,0.9125040437018281,-2.2729753415437437,1.6728626370124957,-0.20853585145787434,0.8517569548254711,-2.29130424873156,0
1.7926603063250244,0.4652399157356632,-2.4600421232963345,-1.2254545472189116,-1.366647038598881,0.34076113564858246,1.0679291018800763,-1.374018474865216,0.13634315418303555,1.2409264319748017,0
4.277041414841885,-3.6198655029322766,2.469991843455885,0.10138977812989972,1.357800026998935,2.1906007078666927,0.32940078983846927,-3.2687418570096405,-2.8213851024757446,-2.355134111682948,1
-1.3425817576351098,-2.2119524300294873,1.3832615934239585,-0.039213813924329335,-1.374619797887644,2.3583778078269955,-1.0507231951943208,1.7508491834733761,-1.8129770881780556,-1.2920171011816621,0
-2.7596181240826225,1.579647896378021,-1.070446439539916,0.8323098862541146,-0.5830754602808402,4.199611563418882,-0.0472906457085348,3.907300479914906,0.4845650045675034,-1.5839921732104933,0
-0.9827101235345422,1.5265776455030675,-1.187872971650334,-0.29603568924435214,0.6241211619426816,3.8477738160338415,0.534113408211786,3.5097906917178814,0.2341316374412672,-0.7660198871055168,0
-2.5691341814596576,-0.8651482195770093,-0.4874525264347671,0.8785325584748495,-2.4785927809958923,4.928509756736319,0.08684851905539678,3.1779372453189634,-1.6899471018955905,-2.450031507917341,0
-3.393380370068308,2.492858523362414,-0.5867767299770369,-0.3979230108074238,0.48120556552606164,-2.3577190580498524,-0.21678781789535964,0.7668202963466642,0.27150303964813816,-1.9674355336091018,0
1.8897934189984797,1.474702927283067,-1.12198867244862,0.21491828714139533,2.3959428606337747,0.5949243726607926,2.0261959771939675,0.6187380352115603,-0.004744093958559459,0.3763340986568676,1
1.4091927309317165,5.025473370014943,-3.5099540157903437,-0.2297158394117681,3.3477744303510377,-1.4818001410496504,1.5342869753036579,-0.4362809655624662,1.581537152907841,-0.0039038843423035985,1
-2.3812979082282197,-1.0015467511418357,1.1708121161437601,-0.8653223260478031,-1.1630468540352648,0.460703901388417,0.9322783548263736,1.2285440379549375,-0.8782341895635337,-1.3514962677929154,0
1.3105391250465377,-3.326391762229175,-0.6081855047349882,-1.912748205851388,-2.8661350056179655,-1.0056041239671734,-1.6428105807866191,-0.4960182987417331,-3.555118467540458,1.6174804329648316,0
5.997722711494762,-3.1259561486870915,1.4144518755394913,0.7408289758299179,2.606946767758303,1.461186502308336,0.5831627124828029,-3.640598057572632,-3.893423138674222,-2.0681631046894005,1
-1.6518402300725796,-2.816926899182548,1.5694633980574133,-2.4062781380301783,-2.4582496316402205,0.7328304270068895,0.8834934271051945,0.08130412069549697,-2.17325221173424,-1.6133863871384002,0
-1.6476482559985686,-2.391215894047187,2.443166457346046,0.6899137665548859,-1.5815115907452193,-2.7576136887819374,0.5651972058375297,-1.4584388310600866,-0.9235966777021173,-0.48730091311358503,0
3.172647986201426,-4.447778920680373,4.37970316832631,1.9443303158147736,1.4734570095724324,2.8549671291338568,-0.4516476363559422,-1.755574670588807,-1.7501691050553996,-1.592799741140064,1
-1.6246689361119795,-1.4663037296090238,0.9881338809794272,0.19499029209949587,-1.465724534061164,3.059910827324519,-0.8591039801903084,2.7218949464987032,-0.3482460268048406,-0.11734700225240258,0
-0.8792121447732497,-1.7352823471302166,0.5984075709706377,-0.4545664225417623,-2.020227501365243,1.629953567800395,-0.8796956794701541,0.1875178882342231,-1.0733800648104075,-0.9903349762057978,0
-2.6829587998846876,-2.813112357563104,3.533027914358788,0.12991167267204817,-1.08506792409556,-1.2811295371158735,0.06024203134370657,0.7492195480594663,-1.0800272168108154,-0.762922946919886,0
-0.7824236680373264,-1.2304504438870019,-0.338577756504191,-0.5973774587934136,-1.4052950994843183,-2.737177066173942,-0.10329559336349221,-0.5244010932268571,-2.813513655406812,-0.3783467724717984,0
3.8530034350595876,-1.182454114695668,-1.4954005324911879,-0.2093430623917396,0.7932164633022343,0.1155419511479806,-0.8253038158221657,-0.7492730454175998,-3.131362559686211,0.7938937772222525,1
-1.5052769134872939,-2.5077054538219388,1.0801721993007258,-0.7429879026720885,-2.6180995484631944,1.669009380795576,-0.7655837927368733,0.489398815085474,-1.7905392506714435,-1.3667963703902783,0
-5.604996092010554,0.017453772910056016,1.6735922904467668,0.44686011639600887,-2.254140986410984,-0.026026288172117384,0.23266009197441945,2.284202097131194,1.1601956628641799,-1.4643644590478762,0
-1.386877077169232,-0.09909423325145134,0.5892672517584625,0.9092189210825384,0.029813534835240185,0.924019201882446,-1.2764825266664916,1.35998470057649,-0.4746655758827184,-1.1359652269508127,0
1.5071174493026602,0.46243752368231195,-2.246604021441954,1.0911386331964843,-0.6452828210422761,-0.14255323941102405,1.2798011722758311,-1.9403039224713714,-1.5879035896691485,-1.0706657636332333,0
-1.500350785813236,-1.0701990074518457,0.7089165038215908,0.2503526084510541,-1.3676306302476218,1.726236679107286,-1.1736988107537336,1.3295034816986027,-0.5002940372073491,-0.7310980636118449,0
2.1732440639993915,1.7971655401674669,-3.9413669493795056,0.8012615460358158,-0.382052656775673,-1.0517685833634292,1.2252432077834436,-1.100667570577352,-0.6391388469592005,1.3860444607520765,0
0.07953005312367546,0.4063322528515584,-0.4942939669880291,1.810526087567177,0.087579652283303,-0.7404652036526536,1.4927226286916297,-2.1014293826483454,-1.2349643762996951,-2.596513819201944,0
1.068275935849299,3.2882447678284983,-1.850757119680953,1.3927341187550268,2.5380749577385666,-1.025578649602953,-0.3558291274035128,-0.45809327351831697,1.5743518884634637,0.1925598262792827,1
1.1074839330108106,2.226479222663063,-1.6830590631329585,0.7867985921172455,1.349045035606743,-1.0695731369493804,0.1868362375314767,-0.6242800225670315,1.2560066434760957,0.8804468087520891,1
-0.7896098715936495,-3.064468197607997,1.817183893312109,0.8484396464540668,-2.1311078163057564,0.8737181576171105,-0.3411035279167056,0.3497580620737448,-1.4209043471233944,-0.09528418858043342,0
-0.9428737692852546,0.05184966787408984,-1.0583834827819927,-1.7049150807289657,-1.2619539903929788,3.7670450173390964,-0.8528881258303576,2.0170646869233035,-0.763347094773993,-1.3521101202167536,0
-1.5517125828925253,0.4374326653095492,-0.16163331756619648,0.5767924879259563,-0.49820563581574173,-3.321218224457385,0.0287300298878513,-1.565478734452368,-1.044432116667661,-1.5237510705271569,0
0.04158348924228194,-2.803907644338178,1.1436672920475963,1.2084360009714399,-1.2855249876127766,2.1953732522547496,2.611247308810287,1.1411531532085801,-2.4570512456946565,-0.6864766346899764,0
-2.9616268709199143,0.701942913695198,0.4469750291305049,-1.8489378773712553,-0.5397906117675563,2.2045464339714016,0.883971842678526,2.7888347338973576,0.8599504630488015,-1.110681178068901,0
1.1125923204667079,1.197452917275568,-2.065417703500418,-1.7321861581367204,-0.2614507412199807,0.7723381783719012,-0.5226488881400086,-1.3264817226678154,-0.13269339186224272,-0.8502259901460876,0
-0.4635684279649659,-3.6534080725253424,3.9000864174954457,0.826834717872908,0.14600230752046195,-3.0767958644667295,0.41882668570450926,-1.0494497595258419,-2.438940190028144,-0.5450483752174232,0
-2.3762187513320803,2.421336995145997,-1.44560244281267,1.2133791325991092,-0.48190213063802323,-0.5753567273868508,1.2827139581702196,-0.6239277872486497,0.472441994260256,-2.7007530379051197,0
0.8079002562877723,0.782760518171399,-2.2851187608436776,1.4426567688517786,-0.9960745496960806,0.23964481843603758,0.9559665262067465,-1.9328047852594321,-1.186683618864835,-1.6361557957662765,0
-1.3332705810060133,-1.6786310626826175,1.0087875714926815,-0.5035378633157992,-0.8637937748072436,3.0178952160602632,0.43416123877890517,1.7694454530749977,-2.291530572573327,-2.5328136177717906,0
2.1258083321316077,3.4712344539480853,-3.4790403585087257,0.33243691115494084,1.057254283433653,-1.7154866311193435,-1.056338866578845,-3.3345098445522203,1.2288785071138082,-0.4030631370827319,0
2.0010300048636984,-2.1416548388127974,1.5084448077549175,-1.8719948851431487,0.4217771969494546,-0.09544669227530722,-0.2220470137311213,-1.9888868836394293,-1.4448865437916538,-0.6422386686460286,1
-0.659153284782758,-1.3856595233639912,-0.021486910927110747,0.2647178681134684,-0.9477045702409161,4.564648550003686,0.08389261934609128,3.0426601844448213,-2.1798625399317246,-1.501645109927139,0
-0.1293291572894183,-2.976175233291093,1.5204079291790455,2.1221094572335484,-0.9695033224404179,2.0541259395329132,1.1358675163955245,1.6064718877333533,-2.6680853103855604,-0.6318777133197179,0
0.8524358372563263,0.06515192322600087,-0.5601177926755537,1.7655926938255004,0.31134699171053104,0.07739500977490188,0.6805505378190821,0.7619683043317147,-0.014268286771832228,1.4249283967230417,1
2.021520274034583,0.20094840140825956,-2.6500423249570355,0.0649055155927859,-1.483584880313071,1.6813242569843383,-1.3509910353888523,-1.064381440852466,-0.5333704509736759,0.5106759993553565,0
0.2606517763241886,-2.994961008427674,3.449874886526698,0.08602084893636384,0.26848899733601006,0.2359051835851047,1.0005439574691546,-0.23730258828284212,-0.6585297906870522,-0.1323530621607022,1
-1.32023665672097,1.8743701275242228,-0.8093022232015554,0.017657445179986058,0.7290974479465642,-2.216628995588948,-0.8160091652080175,-1.2761770093649403,-0.5236553662647551,-2.484525151842907,0
-2.060192057989715,-0.2129691429626078,0.43257961939646516,0.9892860763940897,-1.0886019554179613,0.8252522735406218,1.2881305258291558,0.9639732369499249,-0.2014986316895253,-1.2397908242669518,0
2.1895111655142054,-0.7956300255214235,0.0345867579388448,-0.6217715111428042,0.6213933209741879,1.1569768598603267,0.8644058427070802,-1.9874258202531587,-1.3935638166015623,-1.6938175926977914,1
-1.5490448875665797,-1.1600174099067195,-0.018052327082870523,1.7638702320572779,-2.3673804687099542,-1.9433991932546966,-0.028896287648675207,-0.35328795289019643,-1.0532267194675056,0.3319060225018857,0
2.8402021956490966,0.17486475776400034,-2.1593513523293915,-0.571868838754654,-0.6733344150953631,0.6108990228805187,-1.113123251371879,-3.9788685943032234,-1.3326734567918395,-1.930657929856566,0
-0.3778696319589727,-2.397957464165487,2.0499759179774726,-1.5519730122481623,-0.9965601732282028,0.09342513372029604,0.04884846690427288,0.2715735630630278,-0.45293383630824935,0.6431278302546972,0
-1.8876280740542073,-1.0380638174333672,0.9181633740138369,0.5397907333710997,-1.2594225297927344,0.9536023453874125,-0.5132741367946773,0.7623879784734018,-0.9676630090458422,-1.6206723565502714,0
-0.3554137110611559,-4.365299720503449,4.397294537268513,-0.9298477130152097,0.4307390605257386,-0.49060311202591,0.19520524435250644,1.009275458469162,-2.8961863803826287,-0.5089468356066742,0
0.9883270282073128,1.6886651614858512,-3.0108554284345215,-0.005189213328808956,-0.8935238118101257,-0.6834590258086559,-0.6676987601488863,-0.7512963707836176,0.6571595915816759,1.5097697516259165,0
-4.071499446016037,1.082366706461909,0.4074859461096486,-1.7373280625641925,-1.3033786346054714,0.1323465101646597,-0.3694171712863648,1.1921676140939914,1.0278600341153346,-1.9607684571114052,0
1.6728101762727494,-0.45055947406623176,-2.52947767250787,-0.43418845571555514,-2.0903045820574397,0.763691140083405,-0.853945156783445,-0.6140785291936663,-1.0860919337000543,1.357262659236227,0
2.146854000201246,0.45948143267473496,-2.022837446313814,0.22210536924228982,-0.4390103459985121,1.0431862961966272,0.5665881057303603,-2.051832584834758,-0.6588313809003936,-0.7521577223578868,0
0.05878278174987559,1.650867689342531,-1.2773335399197534,1.1477162469478168,1.244632732199246,0.9846960319728176,0.6487882058302696,0.3997670417642627,-0.6564152773757135,-1.8882550128935907,1
0.8650557791713961,-0.7009923551667747,-0.9761021848827202,0.8394432171563457,-1.4276820058933937,1.781567566140215,-0.31515935719764865,-1.7775769905388898,-1.5058029146535166,-2.1164205104245024,0
-2.621418213897598,-1.315804421111042,1.351380428514187,1.1711297755098944,-1.6633945388409446,0.5511355158679997,-1.0088312824506263,1.0069322511855263,-0.86577447301128,-1.4937966235333895,0
-1.362883413131602,-0.6077209345039298,-0.500054233962927,-0.9745311014618905,-1.4699250100505845,-0.9916839466366607,0.9785597287892571,0.15085995448708922,-2.0150326682336437,-1.0445917719915525,0
0.7461143761694529,-2.423897524225879,0.0675246799153777,1.1221497428546585,-1.947439643369257,0.20646063047567798,0.4408848014416472,-0.7645680626548517,-2.329449881632091,-0.013327453505270537,0
-2.0527629529506592,-1.3479401195868947,0.8138322569993546,0.5368721626398448,-1.8547081902860256,1.6505896158683324,-2.4535555716504254,1.542812434845708,-0.8214729879947933,-0.923817641260748,0
0.5752739536494692,1.3671391125535528,-2.8328717961976,-2.046265431346471,-1.4647033032954866,1.9647650117732427,-0.13926599637494513,-2.051482541780362,-0.5361499644320854,-2.5465969711589254,0
1.8004652890439259,-0.9057787404683858,-1.4368575776826666,0.09597916323643149,-1.2758722554303599,-1.7466718382619857,-0.14229344300967162,-3.721445505508252,-2.7095094182302777,-1.5581080814645945,0
1.1663063120087858,-0.05666795610045627,-2.7417981320555103,-1.0862432867896197,-1.7565256461159178,-0.45900771708154264,-0.2876143118749243,-0.6908740134560941,-1.8280786615307563,0.715426316127733,0
1.1614396573465964,-2.927587096816703,-0.7600938532927671,0.5474127920641301,-3.0246468819151904,-0.4414849082475616,3.3482071855389752,-1.7099823466706958,-3.4687577783475305,-0.08980927947896977,0
0.5670305389952001,-4.371242084170788,2.14759039778249,0.9537502593951385,-1.7149347975506892,3.0067202488262126,0.6200865894994544,1.5634739681036098,-2.758661493399774,0.15718418755241914,0
0.16875784678393135,1.8835279482730083,-2.0920367231517125,-1.1395406977396898,-0.03657009658878274,-0.10722056864890062,-0.17654970898298233,-0.7123185070337945,0.35124044905433194,-0.5895475912957546,0
-2.2713841729542015,-1.0135874549963275,1.532566894188772,-1.261208255613675,-1.2317222758618886,-2.1602134442396035,-0.5772878506026698,-1.5769744212472874,-0.9830677869518993,-2.2853909891908906,0
1.4093024469965019,-0.7762832822165306,0.6879290434371117,0.18930106084759718,1.6368311715456652,0.2116205466356088,-1.3233443321242262,-0.3255100565667641,-1.9517413858775574,-1.296505766641701,1
2.182576331152392,-2.5497250753890186,2.53185381777189,-1.9803287869523725,0.13709588484968538,0.917628957914333,1.1849413676210472,-1.5533844859966093,0.9103986578664371,1.3231600218389832,1
-1.0291148126981327,-0.040181258230293025,-0.3202707711068482,0.1801723554969488,-0.59039495105263,4.423732722165663,0.30211305729642507,3.4162066166987555,0.018421445475963916,-0.326495848850041,0
0.6731918302824422,-4.165614476096203,1.9108843561139945,0.11299176757799528,-2.2379983741914353,1.2471577284543605,-0.9321312151135317,-0.2859080870479891,-2.3183435263921424,0.24944829564162996,0
-4.321303719388259,1.198891264198514,-0.7059529414491577,0.33659203890206146,-2.694853982693158,-0.4070367083306998,-0.48210251796892406,-0.6729052447977699,0.03017618078137696,-3.599198862488822,0
0.316139188888251,0.26292569328876864,-1.2971019607020082,-0.8189985734735198,-1.4129068562294689,0.2761518347232912,0.9233369417024859,-2.7025517412483784,-0.673138422486177,-2.211789392858102,0
-1.8581482184982019,-3.5800960040897953,2.587085418053348,1.7076867171533705,-2.9308664618208518,-1.5354874226402595,-0.9013519426236237,-0.9412340233039815,-1.537482969161597,-0.34674432845180114,0
-2.899261924373909,-1.6966867044690923,1.5121363187149948,-0.5436677438753278,-3.2025499864325204,-1.009258318499017,0.03004136452128492,-0.3352774605704947,0.5824377214598468,0.10397593971458718,0
-2.1353490298616475,-1.0432293816726326,1.1817513086059082,-0.49337592749735265,-1.198660058750544,0.22889327647613522,-0.9823938111016954,0.17695327117678972,-1.099662410641015,-2.1200280688293023,0
2.2769284225456166,-2.373200712788571,-1.9267063763539316,-0.25987176442276755,-2.6179842457017886,-0.5116114549435457,0.9648998690273849,-0.6326253646999234,-3.0880847875130177,2.1706373786679594,0
-0.10654828908487976,0.22509279713502722,-0.8501158342922557,-0.44579271549194277,0.6799949298175281,-2.6513735567084438,-0.11772948986164354,-0.6518735458536764,-3.0601171358358843,-1.7082607982877491,1
-2.191934465019125,-4.522033438405091,4.344601441054399,0.22701573695590588,-2.074535976969143,-3.48417151668639,-0.5904269540597518,-1.334759184733446,-2.240507457906614,-0.6406303718404102,0
-2.1989804420782155,1.6146270783216687,-2.1152823063620207,1.5870092798760793,-1.9306651401797188,-0.3768417652846717,-0.07964471450871508,0.9111329359021418,0.5805231616064854,0.1311687495147893,0
0.5585559765457893,-0.08959083214036044,-0.24419701952308803,0.4225197440575192,-0.09484150832324878,0.27430411495494667,1.4414489034089222,-1.2923995271710091,-0.5929123082752896,-1.2487016598086023,1
-4.693826473767985,2.6990298935195622,-0.9494067723288744,-0.5733049222313997,-0.8651596567726813,0.921989435319619,-0.27741743142964365,2.0090569062218826,0.9201301806557498,-3.087773098004618,0
-2.914828581486684,-0.12549939649526803,0.8807252353739323,0.4921250509796739,-0.6456310844912401,-3.284440153713709,-2.32141825861615,-0.500021778925304,-1.4108101516565656,-2.0158148679282415,0
-3.3539707751174164,0.9803663903268992,-0.08930084369659319,-0.23453259251808048,-1.168629372771755,1.774309962803414,1.967366111091494,2.420528671024228,0.8632018985595014,-1.2578244545475803,0
-3.8411418157432142,-0.7262634894635128,0.7555093979536032,1.2162938850972826,-2.856254444354444,0.8940878012436069,-0.5907805773742271,1.2640746638279419,0.009746594870371883,-1.498216281738714,0
-1.9477875654762524,1.3321329088101492,-1.0409068351164183,1.0199550425103299,-0.7740947058949443,-1.3860586128535348,-0.04962838937746495,-0.42913667144544154,-0.23666233648066315,-1.563812581195682,0
-1.77554251335043,-1.0603150569224393,0.4895170966393775,-0.23544445787350907,-1.6206292489541316,1.3383231993902927,-0.2624275956923146,0.7822732375762071,-1.2193740633891752,-1.6882226642933622,0
-1.7872534587836262,-1.7698533646009362,1.2064043158885593,-0.40624287290183475,-1.6100772094683684,1.3769352710029803,-0.23962788078251399,1.128208364589244,-1.3916815556877913,-1.3567367728772193,0
0.6918421462120926,-2.845734515505577,-0.015451361714142742,-1.8090310326826808,-2.7954592371885143,0.9118605787225889,0.7314830211985989,-1.206219972134603,-2.497367421675093,-0.48344279097307363,0
-0.880612774177954,-4.6100858104623965,1.6690731766626237,0.23700320198874944,-3.2084758995170297,-0.9697157216465594,1.0947228842396843,-0.15792888329765375,-4.380104339679278,-0.5763748523660698,0
-1.4741967949836998,-2.372050183832446,2.1784263233417667,0.813616536451455,-1.8668595518707232,-2.4189791787779105,1.4365683517268375,-1.6116405195191819,-0.7931212992588552,-0.4063083292264852,0
3.001595788200156,2.6494951043252666,-3.2424744666077348,-0.592063672282482,2.617410239109149,1.2253166972651206,1.0673547099161793,0.9005713204190187,-0.3618929120517842,0.775645093090484,0
-2.002495668608303,-1.5368961336108642,0.755962831743503,-0.8829465289985701,-1.9674958752580576,1.9699465298909984,-1.0077094777701874,1.8876819861138197,-1.0575986310774734,-0.8002574213291569,0
2.353213676838245,-3.05379788473681,2.151918743453537,-0.09839182710802215,0.7894806934094273,1.7487052620134915,1.0282824711049414,-2.542302900379468,-3.3825988151314346,-3.5866092566698153,1
2.5884133600246075,-2.3575294863044567,2.528707962237898,0.48103681309431556,2.401955604127653,1.2191025682217227,1.1691180434137616,-0.6009684017749897,-2.067803167122858,-1.2307258282707996,1
-1.086586108297958,-5.081515081713832,3.582740585709922,-1.0129745958199576,-2.9185739805969773,-1.0561840128368183,-0.10300787576864179,-1.0986201732914878,-2.4836592298443643,-0.3767494185349437,0
-2.616866214143784,0.6268950009223244,0.23578334319331462,0.9946931513214714,0.238896340689972,1.6142293362280211,-0.0013075342550890683,2.659862433246475,-0.9538117344375843,-2.3002608891457585,0
-3.3120515952617313,2.5879468832363224,-1.8395885571187556,0.6059320943245888,-0.6355729519024007,4.304149787532483,-0.31375694526562803,3.7585498825975576,0.6841244844059675,-2.4515476847943827,0
-0.13777962357554135,-1.3691213368627835,-1.0498181914891096,0.8646224253864991,-1.819443038120133,-2.1532555004990277,0.04616237177802067,-0.6471203521384998,-3.257783372826809,-0.22729487355189915,0
-0.30723711270383314,-1.6063659493219742,-0.4077189964550818,-1.046666058631689,-2.1414066732646457,4.21739487211743,0.3161044531063998,1.7258941149573652,-1.4827127349072984,-0.8533888146041462,0
-1.5313515128894635,0.8412166126211769,-1.4453421997219693,1.0376795407302604,-1.0811827216570549,4.146155980279776,0.5087407198072074,2.8153028791285823,-0.2769805141080409,-1.3820638418126268,0
-1.2161180807994367,2.828645543958381,-1.8230863814664326,0.7906807582779593,1.0746599671998807,-2.07376236068801,-1.5778866230263016,-0.30042242942048036,-0.18145355696238197,-1.661588263553152,0
-2.1731438302590806,-0.7954382975858497,1.3960725247306738,0.6514480508711067,-0.455309840939903,-1.0338122514315091,-1.5950322169562152,0.6408455592983759,-0.9603742804118615,-1.2543566707768492,0
1.3660369385093678,0.5427117472498311,-1.3727290505097183,0.4966024096759404,0.19072986461525065,0.042409479582500076,-0.970350091392317,0.3122443129121777,0.2101592737152631,1.698966297406463,1
-3.7876464733524235,-1.740127817121348,1.1219425076218408,-0.22666220299611137,-2.9968126235725556,-2.5034026216186307,-1.3275283259695465,1.2300460171446361,-1.2515075401159095,0.2680263691357827,0
0.05036995225958818,-2.1041760766664295,0.12837577484937235,0.20189521606425118,-1.9959128995671644,-0.43370748030320383,0.3093234987202181,-1.4871641152357422,-2.596292918332325,-1.301668035324923,0
-1.0862600807280278,-2.4917235259627066,2.9439010416420532,1.002802734320083,-0.35077696128006397,-2.218842086829872,-0.7259519002992479,-0.3447382967658805,-1.0277324376882502,0.01431069121127626,0
0.23795099732423156,-0.07175853949262093,-0.06886700624915898,-0.7427799707332572,1.3050541916565574,1.48603425875835,-0.9490860282851212,1.3136410814507087,-2.1639131638950673,-1.8970115302386235,0
-1.1982158764264375,-1.7638789206833665,1.2955587421715233,-1.1808659398008103,-0.7558194931861186,1.2928054204687405,1.3852373796081388,1.3376063586425335,-1.8311045305675608,-1.3326948130644038,0
-0.3383431497531628,-2.6446869129112764,1.5323402607521188,-0.42491353860859626,-1.0900780410611952,2.010296728560412,1.89158033839359,2.0778940048435253,-1.4357789440084503,0.571674894814191,0
1.8539696957087841,-1.3809351337102935,1.2089192134697524,-1.3458312958641396,0.954415877700324,-0.3149746409395484,0.579472818912714,-1.033652904851178,-0.6500149824790544,0.391254886385894,1
-0.06411206352947718,-0.30155460605432066,-1.7985380919440779,0.24645662694886805,-1.5222738167473349,-2.243739170390641,-0.08655548235096343,-0.25467371248242066,-2.1724344495393075,0.6921073184935773,0
-1.7345066078501334,-0.6090727595623919,0.4503399797069313,-0.8825370591471574,-1.3793184163185912,-0.204608860375046,-0.36159738167651845,-0.2145999912503962,-0.7657455265711783,-1.5026155479713803,0
-3.3694682749065077,-0.015141342046073163,0.8408899228707121,0.5523771930093442,-1.8192661523151716,0.6476530652288115,-0.2849695087881883,1.832258408648768,1.355493248541682,-0.07338984826824069,0
-2.9009556268652155,-1.544103847528831,2.168466818798964,0.05649634141848441,-1.5003295222323885,-1.0963438068218867,2.491248330007266,0.08167446217392782,-0.6096067626449869,-1.4612275374042194,0
2.9451555157640996,-0.30484049368739635,-4.1451574733005785,-0.8858716143905012,-1.9879617603517383,-0.2791123882485933,-0.5323181414623667,0.20063465760672416,-2.187066847989024,3.389569655077159,0
2.29497145260935,-0.12204755874644879,-2.618122018328014,-0.32951734867031085,-1.4251014765007508,1.90079160417925,-0.39995673927634884,-2.096246995301959,-1.7596584634584167,-1.2698498829334934,0
0.1103800147973101,-2.8528572480989807,-0.28259437884878214,-0.9457381203722185,-2.371172484922538,-4.215624798506784,0.42877219013554113,-0.30831796278665413,-3.719882403793218,2.171140251212266,0
-3.8119475222984835,-1.4422369241721993,2.5122389347623875,-0.5102181664083618,-2.2671214032391305,-2.2781020616811323,0.6436397075331132,-0.4584377306986076,0.5240632353987824,-0.8586955907990463,0
-1.4002712968977027,-3.547247645114976,2.8632676543720175,-0.03341092009792633,-1.4710686108799242,0.4413045228411253,0.34972968207636607,1.1221337969621978,-2.0974453801256803,-0.5152185785817782,0
-3.2815611778848064,-0.9654060364683823,1.4841198937938338,-0.40179424295989924,-1.312817517074218,-3.563569220824794,0.5868492347956116,-1.0280634553755301,-1.9079519921721266,-2.5046434861982556,0
-0.0900546023762113,0.85615880078091,-0.9294997688455995,-0.568469501374419,1.4414991138687157,5.3861237869514245,-0.5254429914341896,4.397369706216941,-1.077498126992802,-1.3256808414239618,0
-0.34022092171812124,-3.287820443712173,1.011862033788875,0.7837794503089633,-2.730603606149695,2.938702901179365,0.6296480134298948,1.2438999846652494,-1.897885239850495,-0.039985886672353255,0
-4.162434857372914,2.6580750515185425,0.21481186641281336,2.1564741676081867,0.527045646902708,-1.682096516530743,0.4056895270580885,0.03977365472869776,0.8854684402901161,-3.630639226865126,0
-1.337723623036605,-1.1743285541499067,1.283916469901091,-1.3735266215775355,-0.017226255560913062,0.7288683565692398,0.09090385720763113,1.595660311705384,-1.6176943999290585,-1.2906293364015806,0
3.596229834953358,-1.78500765069976,2.0133032717203134,-0.3117533390343419,1.1334843828653103,1.967164697110892,-1.036248654818225,-1.278849799518078,2.1576117507142274,2.523801880017793,1
-1.6241701051385906,-0.3786740657955509,-0.13948595675878095,0.8021917826831093,-0.9489460985758428,3.349626208879311,-0.7709540094728657,2.612230989007657,-1.100884203144158,-1.569457590213247,0
1.914707216468328,-1.882579778285166,1.244694735911676,0.1147348742649906,0.35178087008945325,-0.5192551130771998,0.879400580053997,-1.8851106746506572,-1.1958985577741228,-0.1616616561553833,1
-0.6780205056820998,3.0477016540688515,-0.7444211594639276,-0.5772011858972084,1.748271944207263,-3.378649457240038,0.3886214802009952,-3.2479011996724267,1.0818260931780124,-2.710692935867418,0
-0.29156799702872166,1.57335061677981,-1.3340767734235168,1.0918135336544557,-0.10089853041661612,0.06800987485181387,2.2662282864197185,-2.1303266903442895,-0.1841483549392966,-2.9449180941259137,0
2.9445372471194626,0.813355749704465,-3.0771880494460957,0.10777765615764831,-0.8813268273364696,1.7895190963069032,0.020636540357505586,-2.28123025559122,-0.2591590016067391,-0.11588785857882944,0
3.0937751625773666,-2.880127638756492,-0.2672628485671752,-0.15501342892457007,0.10299096837173316,5.2677653330399945,-0.16365711056987284,4.047912944539942,-2.832132579433159,2.2961679000781325,1
-1.9588039460162003,-0.15147801898773397,-0.42478946712378873,-0.9860210241710705,-1.7098644923018487,0.3726866824226083,-0.3195104271328753,-0.4946984768406649,-1.5236950692419748,-2.87982664165225,0
-3.905505507560914,-0.7963785236133102,0.9925263107452236,-0.020081028879013117,-2.0694763105271177,-2.7082748368190313,0.06236948020465527,0.08379837999574713,-1.5320796245384014,-1.9121001302323737,0
-2.5141012096141853,0.8731341690970785,0.2669538351921018,0.035058417871113794,-0.047149335368886325,1.1594388956466377,0.05096771759968127,1.8504428541407447,0.2152818601290647,-1.6878771357897127,0
-2.2115094082116666,-2.4950857068145256,0.9439380080868585,0.15174914097550044,-3.7928927315211443,1.3765864267125396,-0.6418442618734426,0.14937332853036112,-0.9565678832829061,-0.888379468685861,0
-0.8041234016749054,1.5969227520902853,-1.139856447970903,0.6560749654854954,-0.48942957052579306,-1.3298465997523627,0.2731455610700651,-1.8089449952805474,0.7540172602444841,-1.25833168670931,0
-1.055498496509688,-4.3359841322065,2.739359448516439,1.7540430503268643,-2.3606458170436238,0.4150385572674429,0.5379842725420181,-0.18164141371619258,-3.1443939324158308,-1.459314396062356,0
-1.4094393667350242,0.3956009359558197,-0.5721789343203696,-1.9047312186239949,-0.5755549887007438,2.077869934484927,-1.0743279728617372,1.7690131106253255,-0.602875663719106,-1.3509203080160235,0
2.670937381259754,0.8721975189421479,-1.1555872113382322,1.4695913674337262,3.130700787457639,2.9450883506266283,-0.07256206525627357,2.4641103343189217,-1.3994899249004302,0.07993323855431589,1
2.686006519362544,1.667623251089385,-3.310796956372493,-0.1973137533860654,-0.253699548688455,1.61841476518324,0.439300036738925,-2.251059395666946,0.03301813680040788,-0.6351889491715155,0
2.2064730676272637,-2.2457737355019494,2.5940563311504063,-0.1535071266491106,1.2263077842774361,2.654840772790557,-1.3688400928708147,-0.9323566686423839,-0.1465392230382716,-0.8031897512941782,1
3.524417202372917,-0.9196317751478816,-1.1748861158149504,0.4662712597732377,2.056627261692598,3.1998268166226924,-1.4322855919331132,2.5255581921014087,-3.200903505705174,0.6657513540299125,1
-0.13516077141465718,0.4231439669226984,0.3687658152203006,-0.6313994202708345,1.8235529050634578,0.3223682753866386,-0.40369311946563347,1.1442200261921063,-1.1951835916382634,-1.3999908493053776,0
0.039195685841567705,3.8000910045824092,-2.459755184971894,-1.7572147586615,1.266481487487197,-0.02275404727657726,-1.7646310937744505,-1.9535258602984475,1.4983227536804957,-2.480293303073081,0
-0.48674628072513226,-0.44562261132471287,-1.5752046686337537,-0.9646943072903804,-2.403649013328562,-0.21705069477873717,-0.822871073139642,0.270089295685072,-0.879582057850121,0.9267556508528321,0
1.2268505285521523,-6.272387028395614,4.352934125836791,-0.5954713886616172,-1.2614887831141326,0.7203152689637251,-0.5854412625990931,0.29176118956639197,-3.2290584938624267,0.9469617945034021,0
-3.8330243591307758,-1.7165322553554638,0.44282737069567957,1.3788583732951116,-3.0081183611372353,-2.971399650914152,-0.2291478429729563,1.9664955375824067,-2.4259374019293083,0.4210701938660095,0
-3.100093859952183,0.6150312468130549,0.5117505961818646,-0.7518936299033228,0.07270854290509288,2.7769942835478334,2.2781086233855112,3.6037411840757256,-0.3442510297040404,-2.1157996025737695,0
5.250576648136486,-5.1287643756051775,2.8082276788379303,-0.09598509598021387,0.7655916784556018,1.90658568582686,0.6362026594027826,-5.293535129242814,-4.8643711939381635,-3.9419671198255575,1
-2.6253216266170716,-0.5837907065293803,0.367255507989682,-2.4606186222227313,-2.3356343130383044,-2.1883495230072034,-0.38372954528492986,-0.5361980109395198,-0.2548710832799992,-0.41845321524665524,0
-1.2895458193160043,-1.785209300817886,1.6844088737332776,-0.0822500866533239,-1.3438573021286546,-0.02240863588284614,-1.5675503716910393,0.11210651470965372,-0.37653391873271325,-0.28622639440338915,0
-0.9632004096522476,-1.3693939707791232,0.6291683244521817,1.0749506387039267,-2.1494678119284356,-1.1854758792785116,-1.1818606774688567,-1.1530927914952795,-0.1457979636757769,0.21131647054091207,0
-1.6199173919656809,0.4360464822552792,0.9224918419099426,0.21101703022228158,1.132148205273226,1.9857560082847967,-0.6862784056181018,3.197519512023812,0.23922814615005583,-0.5811527118536258,0
-1.2674271465212532,-3.4141006002117313,2.3140498576479387,0.630305916457426,-1.9871823376331574,1.4665983521718444,1.005731653060738,1.1390590013725312,-1.9234691911993043,-0.6237318386641835,0
3.3699845743424177,-3.591491504092746,0.5204257288995289,0.6521026185671985,-1.003189415517057,2.338261533351436,0.4068061876308905,0.27282065860229654,-2.0658386177361603,2.262831991139227,1
-1.0502852652639298,-3.1392094850931946,2.1566979462448828,-0.5846618786742426,-2.0658731792959433,-0.31334916365321974,1.4474548323462046,0.1027442329428575,-1.3270439320276992,0.23690933268753467,0
-1.013800475117812,-0.29127577812432626,-0.9321688922769018,0.3224589578050008,-1.7842726583512014,-1.3562098400790452,-0.24568348139133167,-0.8799524898669671,-1.48495991868024,-0.9211576414468545,0
-0.5108783567675034,-1.6693866861871738,0.1839405326074971,1.5531312035393556,-1.7385819623007446,2.502066427528441,1.7728117241210901,0.9928296963935664,-1.5469784127570165,-0.9282536140962943,0
-1.4685769089444551,-1.3875929867673344,1.604734946384049,0.5645919012080699,-0.3616244545894066,-0.2669821865872388,0.7902633183812532,0.9910031568962381,-1.1620038649554203,-0.7415504389783836,0
-4.059615204538101,2.12453214470981,-1.0472603707707329,0.7580273787604709,-1.1675423290942308,1.2300328575513542,-1.2483878121270522,1.4344361742764706,0.22237395840656715,-3.3824131161122244,0
-1.7073975595283177,-1.8175112121281283,0.6139345261691811,0.7591539739471846,-2.9278623478652914,-0.6915613480150233,-0.0010638854749819638,-1.1099201678288935,-1.1783882144982125,-1.060061233507514,0
-2.395388339945183,0.11529401954713711,-0.4586186407861035,-0.7018583902422526,-1.8944241955397236,2.475690636817883,0.1935948232809277,1.6518903833495036,-0.1511202277930247,-1.5585549319603924,0
-1.5387640011489887,-0.7195864880192501,1.02205530180027,-1.5693974211366089,-0.055487505811304905,1.1449691736612597,1.5400221859243586,1.7141329314945852,-1.1467451924095133,-1.4045527174550936,0
7.3724051942118045,-3.9787849862851403,2.6101741995818464,-1.147155377478833,2.6083746520936657,3.247359614730129,-0.8236997751999194,-3.923914440308042,-1.6348957490556963,-0.22524132422659193,1
-2.428364423663158,-1.6342317563694206,1.813453831372657,-0.3786786927501306,-1.9094741040952696,0.22825546522168483,0.17895641128644235,0.5502872698790153,-0.05629120477047378,-0.6863318962693206,0
0.5725950086920977,-3.402658982925159,2.687116039545538,0.9700859861773148,0.24036683637224798,0.1263964468500789,-0.9011373907316163,0.5482260032505004,-2.746794924926336,-0.3608000977363528,0
-3.793971125575754,-0.6036770262231711,0.20753182003346304,1.9746523622218093,-3.2706110345172483,1.9706485992987366,0.17104406892415022,1.5017947913733036,-0.07339103971297956,-1.7685347190621428,0
-1.2913956698997449,-0.29433776183131,-0.7744756698143204,-2.086339906592822,-1.9319071199503477,-0.6811865198535636,0.16135518823182887,-0.8815846873477574,-1.3471369815372842,-1.4966164810218847,0
-0.6561574530473052,-5.344566584153045,3.764235668608839,-0.38510537684445295,-2.203680912754466,0.0727909955391488,-0.7326361820476124,0.277512327085945,-2.9470522983891616,-0.05315281866353505,0
-1.6986427819322119,-1.1820327997890154,0.9951820493540322,0.26205818255743474,-0.6767235996949963,2.336446190492998,-1.4231031108824657,2.611925290171892,-1.2064124311421043,-1.0295230304846095,0
-1.539496904451213,-3.153811160479181,1.3741253317707334,0.3034046705972552,-3.0530333895099644,2.4664454578943085,0.33107589099048995,1.6967599057961626,-1.5323571629568884,-0.11202366150247811,0
-1.3486369842890131,-2.0206854663599807,-0.4606358685512004,0.012246940973342467,-2.7103958484879813,-3.146223170038511,1.508473240120409,0.818098026549767,-2.825626985986172,1.676459415613547,0
0.7117970669776906,-1.4560047212607476,-0.22081797483189258,-0.883406160335368,-0.5518930050001799,3.264477963120336,0.45746868608800834,1.012521288405222,-2.502419770461025,-1.6396883479052198,0
-4.533398463105962,1.2980098222198508,1.824179649161811,-2.990601448204536,0.41371437407054756,-2.986671107165446,0.4242911326544627,0.7354031612156695,1.0826624966333358,-1.9044520338917175,0
-3.572022067437713,0.8776575534364065,-0.032372198261966245,2.207929217794186,-0.9257095029563609,-2.0277466694900235,-0.610145939629838,1.3555081309307018,-0.24317687598127402,-0.8931675660608038,1
0.4721458057842712,-3.401497773611639,2.492496000750439,-1.4051638599397827,0.35414079428679957,1.8704387865830578,-0.3157055522269598,1.7531624278423732,-3.170826920133428,-0.8524086647833479,0
-1.8620392304203106,1.8398241892590987,-0.6738921371362059,2.1319836495006173,0.4581719589791533,-4.451531363287597,2.0292973556024227,-2.039545231883446,-0.735588150778156,-2.2694135228354675,0
-1.2260389927870265,-0.6797901494887877,-1.1853812821734402,-1.0627117606434355,-2.3537479085777617,-1.169149195501334,1.014508030327775,0.1965710714363016,-1.8265402002066926,0.017103572147190382,0
-1.9842240364660164,-0.5838016115189942,-0.7467114600950782,1.3253722587901913,-2.6895819079102417,3.8835890664115884,-0.006764593656490827,1.8001139249775675,-0.7661246993669211,-1.714440427947634,0
-1.199633585922324,4.685131425609257,-1.846138333567756,0.8052312729669104,1.8961315630640034,-0.5915328355429074,0.9049201496591336,-3.155379517406577,1.7136047328052517,-5.11571719359849,0
2.6601617881590163,-0.8404543845320637,-0.6625405554249307,1.2528109453836513,1.5640199136727162,2.369708598234676,0.007014183847499382,2.012637114992404,-2.245614593843566,0.7930796128269484,1
-2.7569390244482936,0.7918735309747262,-0.06889382255975418,-1.6455544528933372,-0.8452392143817927,0.6245823743236681,-1.3295209583181735,0.9368737507589832,-0.07586191595383163,-2.180004861685311,0
-2.4602195358501904,0.971164518967966,-0.854352203446026,0.43581055684652314,-0.919633987060625,2.931484092624369,0.5242032612170667,2.1644049134175853,-0.4743212204141186,-2.4996257518869394,0
1.4550958568331855,-2.296164142145937,0.4804908255284266,-0.6189081246215511,0.218268578934099,5.16203883072779,0.9182308804777409,3.6163071336405905,-2.369920504316848,0.27176538370920755,0
2.7503965074776584,-0.014585432020339274,-2.239977090748813,1.4038047328403518,1.1996530333856856,1.7765599750588108,-0.4917234642572493,2.1389321357591435,-2.649838916875038,1.1938178325834032,1
-1.1384110616135206,-5.673481580678208,4.5674697149690076,-1.1877781917985912,-2.8425269287857127,-4.94921626168313,0.7670441288752773,-3.640230411126056,-2.986297963171402,-0.599576507310647,0
-4.94993601981522,0.4018535023263033,1.4295406553935033,0.7673721612264757,-1.086013249223382,-4.245147844972308,0.8331713704209083,0.021610192976235343,-0.40072328429535076,-2.1242721294863096,0
-3.6731279087530524,1.6567243716893965,-0.29004510962386865,-0.2820747097433118,-0.5610859550799833,-2.1453061504992315,1.2274040173479215,0.12128748283521151,-0.20290165915213043,-2.5576800240406397,0
1.1356605960502386,-0.8319106277554495,-1.8908499543083481,0.3653918191297132,-2.5601277353101572,-0.8293134149849689,-1.2073319968398417,-2.593814582161081,-1.4865009598046408,-0.03740218961011532,0
-2.8798042633446617,2.353011599561568,-1.095457874109938,0.086459090042442,-0.31673491371599893,0.696817934364055,-0.3602217713060356,1.2226105561231033,0.9009695151620192,-2.039841027676252,0
5.2751773030708735,0.046876844145354014,-1.7314134372416135,-1.2393041812736587,2.9537409839714934,3.1443847604032387,0.5222025446714093,0.20661509896143282,-2.0829882362348386,0.2973329614839526,1
-2.5742874664958997,1.8476168898796712,-0.12824301419448836,-0.8832575393920493,0.12096522216161754,-0.9438586084920575,-0.4529570895380753,-1.0979644180659478,0.2388546607703379,-3.5909344938439944,0
1.6305827027381294,-0.6999069728140038,0.380666927220628,-0.534584267655453,1.0088214292430875,0.531028807959536,1.7630416919780836,-1.1065845083801005,-1.3361438574291669,-1.2120647981810735,1
-1.2839055377288089,0.4571177505145987,-1.0832297186769138,-0.5301796831757359,-0.8232681189391995,-4.232131865381152,-1.0397183576789604,-1.6371356572118838,-2.0913421102921896,-1.2356592221603104,0
-5.120668108599012,2.934829646205472,-1.023536870641657,0.9153183002721513,-1.694448899613359,-1.0972473319136289,-0.051560318322649144,0.18578839978242523,1.6811879571493202,-2.9387043686339362,0
-5.407236476502151,2.2280040776011023,0.8554771901448315,-0.22633441639067606,-0.4454970123299682,-2.844070478152279,0.11412607435910055,-1.085410907756453,0.685545719720213,-4.741734822565753,0
-2.2668809715425597,-2.125365485746959,2.721656284174186,0.41401294194469096,-0.9929607465619025,-1.9963351795821538,-1.3024560839920498,-0.6311658056017033,-1.286404723967338,-1.574809377209498,0
-2.863443070826724,-1.4890630011185266,0.4988222308929805,0.7995188490735968,-3.396436936845791,3.7279644890595582,-0.03146222449536458,2.476371941134291,0.10954187753498834,-0.5675513429437321,0
2.2551457186371353,-2.772942821174469,0.1316410445203784,0.04402273274568029,-1.2746414572069034,0.8112200748743748,-0.7430841721862712,0.15350453896283156,-1.6824976725601082,2.2666499307638217,1
1.207192336092539,-2.363165891007316,-1.0391261436981898,-0.767799616743906,-2.5802195702036546,0.7713739574731278,0.03174527441196894,-0.2959718366580998,-2.6506394780996443,0.7427638363700417,0
3.64460392561825,-1.8105492732946422,1.401138880021922,-0.03929654266971919,2.1617807862755765,1.1842880811503504,-1.3416521204833574,-1.5943196392517711,-1.613333573476756,-0.6780407101684223,1
1.6895853035455706,1.0593692688563998,-1.8486932334227966,-0.5861786338983189,-0.358301012375177,0.5247386347785907,1.1168096443533484,-4.54145733391993,-0.762759671080395,-3.6836970287804642,0
-0.8606516404053618,-2.696045942132437,1.5959418106868029,-0.039886752367101534,-1.4323460641941024,2.1398948246882687,0.440944019922617,1.3705943038561905,-2.0213150144445393,-1.0078410779977567,0
2.613759650255872,2.349689456242069,-2.3616134797245403,-0.2936071589976261,2.7830138610718493,2.240254633719162,-2.030782998124891,1.6286539282290817,0.2558629436979216,0.7977650087600925,1
-0.6988325707343757,-1.4835117356748906,0.7618698779386246,-1.1092624779072835,-1.0332218847954768,3.6853566067112347,-0.28983989267729987,2.8103340733794573,-0.3942181637165576,0.2367187699281108,0
0.35783427851630567,2.6238877822120275,-2.2690579088471914,-0.6212343649322007,0.7411958743495994,-0.8440186957626867,0.7966304793356654,-3.6840353023321657,-0.8712105639585931,-4.473155475507358,0
-3.093451308950073,1.9076734791406014,0.04105215229211434,0.020887162999077807,0.29086696385025834,-0.32001265273211044,-0.44757717888955345,0.6178343316703656,0.5821941946445475,-2.72307951462699,0
-1.4477995598018971,-1.764392325549476,2.2106700837722357,1.9519864316886006,-0.40853977613602976,0.29765250764331586,0.2216420929728839,1.7972407073522194,-0.2356481277528012,0.5092066825183266,0
1.5933033246698454,-0.6445716362739783,-1.8461611212659632,-0.8075949276176789,-1.363467023854737,0.7609793023159337,-0.6472934525843181,-1.9305189800080065,-2.4029401998402227,-1.483502592364764,0
-3.606051645232154,-1.185246860952291,1.660269817684763,2.2186469035868575,-1.5310241004519436,-4.446765137294269,0.5773682982138633,0.0539679195817,-1.4142701943802936,-0.5874666911974266,0
0.28727629643384534,1.6249935798913466,-1.8010219971820778,0.8794915112857101,-0.12210098945589865,-4.644493297844354,-0.7693141008546045,-2.521401816717375,0.26761713192441716,0.9129461139020585,1
-0.3994458101960678,-1.5019630733500648,0.004060614189132394,-1.3333795960353827,-0.9446873552672097,3.227972198693283,1.6964519799007398,2.001235278718461,-2.474896044008471,-1.539577838361189,0
-1.2735640802634975,-2.7255727197371127,0.2500567624479042,1.7598880157667738,-2.8299026452558564,-3.1974906407355226,0.14837527728709607,-1.463881331926019,-4.164384218705765,-1.2853734664344922,0
-1.2369273656920292,0.13286432374785476,-1.1260383959168803,-2.036578298835343,-1.3267524908659483,-2.223294314238389,0.05174334820897214,-0.8890235252586962,-1.894705252797761,-1.2721655862659043,0
-4.446474945061819,-1.8663358394520988,1.7210082349949172,-0.7609867903106803,-2.4199676634654006,-3.234450582916543,0.12177912746053823,1.3159923379796394,-2.2545279059386476,-0.9595860229098458,0
-0.8476780369020948,-0.8193814227482974,0.2190107901156373,0.6324000449549774,-0.49274643944809593,-2.5226174727811177,-0.43084641761581777,-1.5202568304469104,-2.8248832437161946,-2.3136463855367717,0
1.361090656192492,-2.2036998577029787,1.258725693699328,0.9418240294747006,-0.5117314174007737,-0.08150972170092197,-0.494806053326942,-2.4731566787850867,-1.6532894473322344,-1.369415801617304,1
-0.9755462554229852,-2.4250652969804314,0.29384960222823797,0.9275275880357028,-2.259574135464632,-1.8300439130122057,-0.6478619369939568,-0.5389496031801516,-3.497954160662311,-0.9186981407828296,0
-0.26810649201732856,-0.8241337605505525,-0.8874834926600983,-0.9824839033361819,-2.5247966909343362,1.016518541843162,0.43832542947664377,-0.49355597434462917,-0.32415713596569706,0.10838707163927164,0
4.9393256330879405,-2.545565516191693,1.2987285226998218,-0.6539007570945464,1.8578808754887044,1.4185896665602986,1.4391165341989665,-3.20312340583689,-2.3325657744563695,-1.2263147244875594,0
-0.08135062599872579,-1.734074465277957,-0.39090350546345487,0.8106067760958019,-2.1539175713974013,0.689621692305995,0.4303648628345135,0.5822783408910364,-1.5879669899625168,0.6470454975841864,0
-2.6060051988853794,2.761842531066339,-0.2840078955649925,0.7475349718454773,0.9508136262296571,-2.179469456762109,0.3566960972720557,-0.49131062812950144,1.3683315758735302,-2.059085749306631,0
-4.747948214523035,1.563347106463753,1.7753830228250003,0.7731551623576272,0.2867905729565827,-3.403274662164663,0.42564051288682136,-0.6475191288209334,0.8977716363316102,-3.3659122601670886,0
2.4371734182307447,-4.0699741905829105,-0.3543789876738255,-0.38366594031406126,-3.027892942051519,0.9012543835703011,-1.176458157132154,-1.4790986932697014,-3.8504339318094267,0.5786404879661728,1
0.08114823158576781,-2.132525513822841,0.24289440732533008,0.24572628435858904,-1.4385079961412868,-1.0376018170560368,1.2818902479401424,-1.9895615395126973,-3.7252227794573085,-2.5602268126154164,0
3.026520371968065,0.8803599363845821,-1.4666844222127446,-0.1446015381221821,1.7963612192421499,1.4434297303760235,-1.3191586017121992,0.047803171622622154,-0.01327452345629232,0.9746884166428254,1
-3.3454369453642574,4.283521100554755,-3.9151975455763055,-2.820266503429235,-1.367188090049168,5.232600281067114,-0.5979493450178113,3.352967279403302,1.6638866179291187,-2.703664971746324,0
-2.951465924750527,1.5955268972359307,-0.03269053435391678,0.6302361987253822,0.5910166317291639,-3.946239472442293,0.7491988165286851,-0.7016384924056716,-1.1941003756424364,-2.8342009136163115,0
3.816209533481357,2.6886496183929913,-3.354542309857304,2.1417918242155274,1.591499341271137,-2.190256051797701,0.17043247688466234,-3.6955791180091873,0.6956549020973277,0.8374472171215257,1
-0.21558316650496534,-0.0793795237565725,-1.902292873976001,-0.4090678336953848,-1.5787213594546545,-1.7570689601851002,-1.3711939961665902,0.2743359285029392,-1.6469043870434013,1.1038787969786141,0
4.4832292622646115,-2.1191904637849306,3.090208208038039,-1.8862155652178947,2.052672964110932,5.996738717407748,0.40625298273216875,-0.8813746442571869,3.0279515134433734,1.2073128776866158,1
3.466289444522981,-0.09198421327790851,-2.1635455986908028,-0.20709514261728257,-0.06159451012343231,0.36546121613591076,-0.38931972298531436,-1.1138288183940106,-0.6260171541377668,2.0159905874163586,1
-2.6748199612339065,-0.7004160091835945,-0.06903281495613789,0.23103032574284177,-3.0222855803332696,2.127098746732745,-1.057016504055358,0.8529848266899563,-0.15793383623339496,-1.5137541883687424,0
-1.5137137737499833,-0.10496717808701118,-0.7961136900647783,1.1129553382106698,-1.6808851916870462,-1.2384593530702124,0.14004307171189206,-0.5476854766306579,-1.4357757386370584,-1.2872340662892858,0
1.2191236243927175,-0.05781657275598424,-2.6712441992441516,1.3454889562051204,-1.223837607223505,-1.3766821149356092,-0.8574726516251461,0.491694378631778,-1.8279544319384566,2.2607833263246944,0
0.1356762666016659,-2.219766498553844,-0.02123987164884511,0.5055193658997233,-2.5410656204727724,0.9253306604038865,1.5537969464399615,-1.7058828117194644,-2.3766458211392787,-1.826527650586275,0
0.2685526070233079,-1.0088086275473045,-0.7138469269594434,1.6465514206230427,-1.4036536002547024,-0.473250029224922,-1.7299977913169318,-0.5337465287406175,-1.7111755038997352,-0.03975575143621679,0
1.3357716517008864,-0.44939719379440163,-0.36841405688076634,0.030851948510462992,0.5433388592625688,0.5013952966710643,1.4861636449651576,0.8861114624254043,-0.7640551779032767,1.18776234787284,1
1.8226774621145647,2.362969758079946,-3.2128901563104177,-0.12878952385358067,0.2023141456971771,-2.070538186171363,-0.1152447820517409,-1.6743189199666797,0.9087648728686251,1.767910200150156,1
0.6328493068555326,0.1090745663963063,-0.8732516230605729,0.44090136349249903,0.5725448587764509,0.34711647953902247,0.16012206766274562,-1.516701063198032,-3.003798946767629,-3.723795720730095,1
-3.388312301008846,-2.081571363598753,1.869876162880867,1.4926511788340047,-1.9711437687589912,-3.1809154284754926,-0.639246133450386,1.0771575946845342,-1.8809999966204107,-0.050092917532383874,0
-0.0009802760181266779,-3.369196561723973,3.9342878804236867,0.15683216653618998,1.4314317031023984,-2.441771681865713,-0.8561901045921188,-0.15978388874620109,-2.985613550627737,-0.895797983586671,0
-1.8658224368087082,-1.5584524882819488,0.9788565069928379,0.9575114883231653,-1.3598465951009377,-2.999472147140266,-0.2665684363037206,-1.2546693085274885,-2.765138346095758,-2.049580650085099,0
-0.45471691518099305,-1.2043154250698567,1.028657246085247,0.23201308840802834,0.5636298880755464,0.9293413860820384,1.3142818430295244,1.0207543182842767,-2.4952411465165554,-2.07527123422443,0
-0.39067622676730185,-2.1579655057345786,0.40203184815452575,0.20025009316683412,-1.754266166206495,-2.3182630754024514,1.1388262397712992,-1.3425536873474158,-2.9292596354055265,-0.723026544002014,0
-2.177391232752734,2.6164641553239942,-0.7134494114236496,0.59891600447091,0.26632372457337294,-1.0244279662009605,-0.5436930431123843,-1.5122324272981582,1.1943812688785318,-3.0735387095427322,0
-3.654186721161807,0.7025258353425606,-1.2705894373825064,-0.2899767799828719,-3.992032408516631,1.342696485119826,-1.035230842819812,0.7347081332303441,1.5169740309237403,-0.581803489881217,0
0.3482183898024518,1.1839816545540336,-1.7519256071261866,0.8353938659852992,-0.5329404519639074,-0.0409551374924122,0.4735735373322883,-2.9640680832579314,-0.942675980775505,-3.2060186377895294,0
0.2333288927318186,-0.599762858421389,-1.5191731406574371,-0.15005440722114216,-1.1577870435553397,-2.2854300314040636,0.6035096361564014,-0.6475219163963121,-2.8752779659804713,-0.05019206047492841,0
-1.468291125697522,2.191811393102376,-0.3559783032299302,0.8822730430340756,0.04496875320059668,0.6279430523417149,0.57685423672584,-2.9197856621665856,1.34179297196836,-4.525797730124754,0
1.755104847969722,-0.19907227798836644,0.08745447540467555,-0.4335768168619258,0.7768814413543979,0.9824388508890787,0.91724892205307,-0.8878535356598602,0.192832778643937,0.01369412582520635,1
2.281388608098404,-2.616994312535708,-1.6961210886937148,0.22121233378936508,-2.863043322310893,2.073680156346242,-0.7500748765895321,-1.0011871215942205,-3.335952257051606,0.03268131343407976,0
-3.4742803959613067,1.3332173219509287,-0.17990245667367477,-0.3496791047863926,-0.8375625083050372,0.34951404810044995,-1.2998849149720821,0.696564778072762,-0.02283626589660459,-3.104178437776414,0
1.7883322555950736,-0.6765122602917532,0.3183741517230013,-1.3527348851099972,0.9650048930680724,2.3136840338137685,1.6979655193513756,-1.3396884949894,-1.481856292077404,-2.6010744847042164,1
-0.41925075533454303,-2.7990275012993537,1.0546956919594312,-0.6680439078485115,-2.7759051115847777,2.330870660857607,0.7658138139203924,0.758704297994999,-0.5515983146832433,0.7278836269590052,0
-2.482796219148718,-1.6789583712672653,1.1963393409564125,-0.11970573304069894,-2.773022248479939,-0.3281019478212013,0.1479956095400277,-1.1352356107404913,-0.9637327667207045,-2.163497450371594,0
0.30543386723228183,-0.515494718173805,1.8128392860834015,-0.0709282188728815,1.4538422493720478,0.8191518440637963,0.007641085936465705,1.2547207837485232,1.1046045622225211,1.0101759911860766,1
2.7046385297930535,-1.85446192639186,-1.9448151266398015,2.285148572217705,-2.0465452079247246,-0.7154320557843777,0.9605315728124378,-3.5937671535318008,-3.8274160722844552,-1.26691106914073,0
1.984256193217067,-2.2224729355639274,-1.4035847175816643,-0.8889970083822046,-2.349188425201926,-0.9853222730747201,-1.1228059331585614,-2.2334974938440575,-3.259440530693003,0.2147133414686706,0
5.288603407858294,0.21683026297834046,-4.473697049963219,1.167268538967427,-0.8543114174957858,2.016137822266265,-0.5012444992846619,-2.563353289705627,-1.9830874433863215,0.8443470732207019,0
-4.961233032295453,0.39522884892614063,1.3907051480892925,-1.0649197529339594,-1.182899872661326,-2.425470862083892,-0.7088685284381386,0.05732269055988182,-0.5875122107579952,-3.440484207128462,0
0.7399149556088954,-0.8800072694757578,0.5535282325977923,0.9070498189055277,0.8172109866601834,0.16587072698583205,1.5809464319541704,-0.8676538072551412,-2.3087307832365354,-2.250077199872941,1
6.018478717226372,-2.877022575123617,-2.8106568544470374,0.5779517823440512,-2.515556427184409,0.553017420168161,0.48950260404066837,-3.4787566812400468,-2.7788447370182174,2.9194341577786136,0
-0.5768449757192778,2.6397573325950097,-1.868575931392853,0.48837111224735724,-0.29786444248598454,0.3463763395919144,-0.67456655725155,-3.2833740932146918,0.8899126774804493,-3.92688340511205,0
0.4623235049791196,-4.626541071840391,3.334106850111425,1.5818811247582527,-0.741466105208775,0.9282428394435188,-0.3423808553386246,1.50557903547596,-2.473351279957223,1.0533655421460932,0
-3.017648004202409,0.7013876800461729,-0.10956817924353301,-1.0229678848680677,-1.5506631604441292,1.5691905895288207,1.6064583679786404,2.090313811374979,1.1557280439940651,-0.5495410303078236,0
-1.01640494644,0.7271299909320992,-2.162245736659803,1.044291797949948,-1.4208003373828169,-2.4041208893035124,1.6029643469216657,-0.8205467112510124,-2.083592785049281,-1.0425263678133632,0
0.6204658117209957,-2.6365964611553543,-1.388148359185145,2.3993772067064114,-3.8108290135583447,-0.9192819412606026,0.8298919000200898,-0.836953059333167,-2.8134097962420497,1.4800718302416782,0
-1.7985443172481994,0.6630040828923293,-0.8469018987618042,0.056824062149305965,-0.5095469932418916,4.34295543446078,0.1665864991558592,3.294679424303364,-0.68436881326484,-1.9683050292598638,0
2.200182991247859,0.4069732729814655,-2.7685289176220866,0.5232324522093772,-0.8708914904500511,0.8341268646969457,-0.6786389926675862,-1.0856628665634063,-1.0858889104091989,0.413295445887077,0
1.282555289521821,0.7089800721837923,-1.6496957468673719,-1.0857423209669304,-0.08914798599865104,-0.09706718593451868,-0.5273532434602152,-2.1496086203801124,-1.0088575328628415,-1.5532584849735322,0
-2.8102005396302996,1.4141422672571704,-0.47984662826467406,0.5390425910626099,-0.2938856426569434,1.7984314355864062,0.15160806864456286,2.2717964163847135,0.1548793477215149,-2.0295455538723983,0
1.0820297130310865,-2.4923235009939724,2.242290100424481,-0.8990809356577203,0.13263652454834507,-0.40472776711240144,0.01088879723312497,-1.283893854005076,-1.0858942260412603,-0.18493959530862847,1
0.18332393167075475,2.030672803637436,-1.4647930863999912,0.010192915306325904,0.43934013828652874,0.682387561384582,-0.5587573964470904,-2.373531232060327,0.2754154288467636,-3.2142922584069145,0
1.663944961852195,-0.25964920080769754,0.5593986054333739,-1.4326016370863977,1.0822318657023489,1.4321029977211972,1.3522711382297627,-0.4340121274214571,0.6164582492559865,0.18740115223410014,1
-2.9852296773496714,-3.58820764177145,2.239668400791224,-0.3763044235140291,-2.662340506413223,-3.079122634539179,-1.8566363116534432,0.7229724895997094,-3.6142330357842325,-0.5397702322596609,0
-0.6273521672929374,-1.2998588489631457,0.8482933483376505,0.5547458082427815,-0.5514647142446542,1.0603676463470935,0.7400242527800978,0.6264314175162438,-1.4425976220182841,-1.2142014116766868,0
2.787513570469091,2.799787328436871,-1.66932013013923,-1.4408363787709808,4.313634248226026,1.96236490321888,-2.135294750079688,1.1683185847293756,0.19833675596508127,-0.44068862250789476,1
-1.5491350972337443,1.5201360337712022,-0.6512765322739726,-0.7819893806770777,0.9588592477370864,-1.1071460339599022,0.8976988434940109,1.6767734676807171,-0.4301059816716415,-0.5144174291528121,1
0.7648466428248395,-2.094728943466473,1.6228230739984342,0.5079430785450259,0.7622313196352061,-1.5212790217851593,0.11310007824801788,-1.166692395955733,-3.0503443287968572,-1.6015113722746346,1
-1.8527207927750946,4.41035959463507,-2.6373244798528015,-0.4983927119536229,0.5364468034560799,-0.30659269075239304,-0.9949136759617321,-0.44733728593845457,2.265724717361683,-1.9094386343282959,0
-0.47763644281137296,-4.180793745393995,2.667545617836152,-0.050794035227891964,-1.7109726286041267,-0.19564015892407105,-1.0857663232621033,-0.28463627710940886,-3.2382427762545927,-1.0383489151662444,0
-2.5881590132981933,4.228027365649965,-2.2075328597203367,1.6666108135641995,0.5140152348455238,-1.7895862960583586,-1.4068224117784063,-0.33522541335594536,1.9270217575837827,-1.7678562455512346,0
4.88057312851004,-2.8740280063690435,2.7648548476924586,-0.23052941168065752,1.870140106544942,3.86303574240111,-3.0805987271739275,-2.0596254866816297,0.5736885047932914,0.3933442163419787,1
-4.086599569619489,3.132811858136471,-1.3508630118039733,-0.9910173361055483,-0.5028667800453686,0.4122793280863585,-0.8742869572003843,1.3649254590191984,1.1440037791271913,-2.8886720454624086,0
-3.135075843629573,0.5822758226021619,-0.7622306725551191,1.2192301375920387,-2.5764723456826575,1.6835106393124144,-1.3492552598045449,1.0519185984599415,0.4618630757278437,-1.6229880632197577,0
-4.7583114626348815,0.9994615232689953,-0.20459760409048622,1.1900045731143436,-3.4758935934682036,-0.3948190115206833,1.591308811184674,0.08459835165892038,2.068504881225471,-1.2415949642205284,0
-2.1642800905774684,-2.2522585144781613,1.9569933801848616,0.7583074262749673,-1.8322886423966895,0.29418393133189213,-0.20995356781042931,0.713757152370129,-1.1982549323757123,-1.0414624068443579,0
1.4494170341465107,3.830617084772662,-2.25976803549341,-1.1234192627926047,4.020365853150122,-0.2514730031028771,-1.5052342183545473,0.7356568322050253,0.306066718603367,-0.7589821629899682,1
0.3821683708461184,-3.748829510472128,1.1640845532716917,-0.20017563679851152,-2.0387676070187184,3.568505448973022,0.8897490428140682,1.4305424824656783,-3.149728457777861,-0.7841116506699257,0
-0.1228968910992845,-1.6937413995041812,0.43524432797598267,-0.8085121927496709,-1.108892722038844,2.017991329710844,1.1325913089218718,0.7883659864807744,-1.7197574588963618,-0.9132159976720602,0
-2.5110030276556348,0.2922509921241483,1.1930817864055563,1.6228759844712095,0.08027020345315128,-0.47122340322882805,0.696223682562848,0.8695974813682286,0.18574795839637948,-1.5249174526304166,0
-3.004298643743467,-1.1753205662972916,2.6729144156543465,-0.4908241829773584,-0.8657744535018628,-3.460093616685381,0.8954408909483242,-1.0871173935861709,-0.07720599819270313,-1.221280734012267,0
-1.8300728012439598,1.2532706406875638,-0.8075517819653866,-0.5452445693019066,0.12970153792692607,0.7604550866395428,0.427851671102578,0.560475788523362,-1.3127749415826004,-3.3055346089185487,1
2.4049623030977085,0.2579408427515159,-2.024329080928856,0.2903376352416373,-0.3301306769534438,0.3192031944591247,-1.4933571888817754,-2.4310840694198426,-1.1950510181691485,-0.7767127121095827,0
-0.41960385116344207,-1.976098292582743,0.7194252448038934,0.570458060099278,0.06205510771057354,-3.216564378765334,-0.9884394104476036,-1.7065261448867375,-5.522690331876923,-3.6705127956014914,1
-1.1098621043313077,-4.5998065343912335,3.4015260328730057,0.012943980145232497,-2.576768167206404,0.3067044723477611,0.06178182319352129,0.39449619309310036,-1.5417596280328156,0.5340151554308565,0
3.679596342145154,1.3522841194384765,-4.475912702097533,-1.3714657565980801,-0.677905637379065,0.3672267926129875,0.28745526050670145,-1.401600159529221,-0.6259734875371842,2.0495901479501697,0
-2.640442472008667,0.9684636094774799,-0.0475870167511343,0.45773404256970673,-0.5569708896744057,-0.34025919874313515,-0.5425759109258408,-0.09061027802960075,-0.3792361280740719,-2.8790682398936607,0
-1.5135540769016294,-3.323486100576847,3.159409645787499,-0.21724932841809785,-0.8073603539474883,0.0601059831576527,0.8124349008239216,0.5500936217577513,-2.5434148731751125,-1.7754215327740268,0
1.4001234844151342,0.466699978026379,-1.395340029932314,0.9477301127341075,0.8618545976015568,0.5803247596311947,-0.5011285102993281,1.388411850081063,-0.8565597925735644,1.2337166648066462,1
-2.7655507603772067,-0.4134107287134237,0.5517528636565555,1.4544569567083374,-1.5704645223352238,1.9548542599124805,-1.3542929263269372,2.578555609241386,0.15166537825920456,-0.5352695398101772,0
3.288820296686188,-0.005496641148970436,0.27359696219050034,-0.3708395252458204,1.485316483095477,4.943501611377979,0.3262267357202956,-1.2008883052175432,1.4972907325130058,-0.9194442928078908,1
-1.830394646954671,1.4456260442617803,-0.3241532429209326,-1.8010661047179843,0.9204632928903176,2.1479771612842606,0.7890574680832019,3.020982457511253,0.11024855268728584,-1.2806919402485561,0
0.5555363153768513,-3.725541668600084,2.053564966605972,1.0311304346805235,-0.7290370082512958,2.1988940333559768,0.8759903825792899,1.2222306259541926,-3.2180701106494234,-0.7754488860233236,0
0.7797593574107711,-2.872857167945191,-0.3991005260460666,-0.05359609895290359,-2.627777515943665,-2.253146057570911,-0.3574338424973447,-1.1665426926706652,-3.25080114997559,1.1914353121983803,0
-1.1264317419420147,-0.5268768516121273,0.014622340870208195,0.08300105205284822,-1.275446142108727,0.43876504456011167,1.1182048597593914,-0.3645978839157489,-1.0209236394302217,-1.7116650925488694,0
-2.7020389782304295,2.3961640262893735,-0.3998461016345145,-1.3944785780990199,1.3625620152297615,1.4771947212990257,-0.14332106856435312,2.835906622810409,0.41574789839828763,-2.232189271161668,0
-1.4201614731176815,-1.8396859848219227,1.233807012257968,-0.23799132730600636,-1.872538350740202,0.38612432415902675,-0.12960994528368533,-0.07791257899092718,-0.9601970607548054,-0.9788732349437889,0
-2.528096388641897,2.2089398530881703,-0.09725395104140988,0.692732375463719,0.05891775099906926,-2.8244908241570714,0.030686352880934832,-2.3117115542464077,1.1622499924096164,-2.814911568356943,0
1.6429982286722367,2.258358374403509,-2.3897472556939183,1.0933085409306464,0.8020295654839977,-1.0798322437322285,0.3073638195104265,-3.6283438257704406,-0.22092836335833488,-2.3181589108828415,0
-1.3071344422723081,-3.065108650670393,1.744184499193738,-1.1740537802982656,-2.696077186202704,1.6333556740893316,0.4935343113115024,0.6641157769186702,-1.1981502420172487,-0.33305870826927764,0
0.38359041321194587,-2.6910083722127744,1.6358368723226824,0.9062158692056012,-0.07560211253573912,2.4377840349693116,-0.5941922705388568,2.43974780571076,-2.099068220973317,0.2791264405898435,0
1.4809831297896956,-4.931522102319871,3.196871492937801,1.58473964304512,-0.32788718142684803,0.7600036023584513,0.04546652623319363,0.20018452930573194,-3.696727990635903,-0.15379064620929628,0
-2.5994689042267756,1.5986683560071877,0.7797444388521213,0.47584037684396674,1.278514058314812,-3.3547881157038844,-1.2772576684399324,-0.7852046751470909,-0.13895364805038513,-2.615934308466827,0
3.1061594692773484,-0.07364573220844146,0.04447615394353921,0.5352102851436686,1.5372650224738613,3.360388934826885,-0.5253600037300187,-1.2093822312883755,0.5383352825618029,-0.759071380475794,1
-0.8405817578721235,-1.766011554954157,0.30186854914202343,0.34540698843914275,-1.5586712846146016,-2.306223542250562,0.07363692201720405,-0.4948593027934902,-2.6371286018610824,-0.362473601255934,0
2.1299307395763236,-0.3093367975761321,-2.6372522364133584,0.061424893876613075,-1.597070874855049,-0.07068994434204434,-0.8187423258615049,-2.2792505706946873,-2.097302686281375,-0.36063996479740323,0
-1.4426108819015981,-0.4520813254402858,-0.24024774161262963,-0.8270375650347882,-0.7382739201317933,5.28683435895246,0.003962181121075194,4.465188085012235,-0.8883788878752042,-0.8023328624261019,0
-2.309938945472398,-2.025443113952086,0.6510272632376949,0.7328898110299136,-3.150579131851395,2.5513818170416105,-0.19911623844902007,1.3624613613358698,-1.228293021012596,-1.312450492816481,0
-3.133197500631601,2.0733914492020884,-0.9132512126492158,-0.8529283222958393,-0.8098732246333498,-2.1161052724724603,1.1081978964258854,-1.3539195025113488,-0.004382301324644677,-3.261987977865255,0
-1.0967728372629593,1.4326353441447575,-1.1621737072589722,1.250661507786149,-0.5727279215052751,-0.48570434993035605,-1.1502281782422386,-0.9521453652347107,0.28663736242776183,-1.5536028889346862,0
-0.9043294896629338,-0.8267042140880944,-0.8264855724331301,0.7041085429664431,-2.0475115649813524,-2.2302581438249662,0.6541383759513081,-0.5218940946875016,-1.7532753151917397,0.26306307122012984,0
-2.275639512519469,0.5543065146294395,0.2487461180490106,0.17050327816584582,0.24499173554711673,0.7822345889531214,1.2564429737963825,1.7731584748152818,-1.0032550973013792,-2.271868964533163,0
2.25844434524837,-1.5410337361163526,2.083107267718728,-0.7986140101436061,1.4157606642585214,3.1416403974857983,-0.17496761048237716,-0.5450123788699655,0.5426227633267575,-0.45865318943027555,1
-3.008261919055794,2.0388972529175073,-0.0514995801415592,0.572490880452137,0.6103913937324239,-0.4887937282635699,-0.2619718548563233,1.2802688992095612,0.6424555918095105,-2.034786278035633,0
-3.2027153745418233,0.5580949303449729,-0.23468532308402723,-0.2691693304958912,-1.7474860777834214,-0.7219644204139194,0.6641932702735924,-0.26597789760271107,-0.5672075715587208,-2.670234319271618,0
-1.647176462996964,-1.6065392789999275,1.3552595307950261,1.4466861694873017,-0.8119398736366714,0.6612526030737789,-1.16323982875029,0.9917968886695155,-1.9414184395712164,-1.8164411899152157,0
0.9396037760631597,-1.3901587687496297,-0.8874679152343675,1.0668702466081963,-2.4605723809014157,0.42499935762867525,-0.322938007060674,-1.7085209498265777,-0.8266241975525719,0.31985888287190267,0
-0.13574362773956883,0.4371248466116517,-1.4143069574828182,-0.5471059287642895,-1.3572256233557878,3.1954409802946686,0.9652257088666634,-0.50294213294096,-0.41071447468611144,-2.3861478211879605,0
-0.3528464060269442,-2.598942809674109,2.7052700461471284,0.9004289895454238,0.25957017279462824,-0.07482948206225681,-1.7461146325894545,-0.43864560634572447,-2.406872590905934,-2.174759737522286,1
-1.6998261084068955,0.034748756506929546,0.36871282077791323,0.2830595465089119,-0.8639977381541974,-0.7426660675179524,-1.2091112889885514,-0.5763851209460442,-0.18963652694978095,-1.5110768994153465,0
-0.3863926685228845,0.98346844796881,-0.582673024924197,-1.1188770141097768,1.1078782085270058,0.2776906956491708,-2.3512239413483194,2.4950709284122183,0.011659110999773015,0.9763323682191025,1
-1.359624359136893,-1.3655784739026904,1.8932964033553241,0.3677878890656031,1.2053597339250528,1.4851707707150235,0.22637520284006693,2.885622472604687,-2.591319597575053,-2.023222960407354,0
0.19233609963175421,1.0297915428377904,-1.3134423051296507,-0.5592824784492236,-0.24601772115300757,1.6537711110403923,0.6288091401082587,-1.0620295951377237,-0.26373125434747824,-2.2768205294905943,0
0.16314945153048085,-0.9374011114829461,-0.024553771725709383,1.1127388030572323,-1.4601177093726698,0.3707754200418467,-1.7272594909389078,-3.8216251343034813,-1.9350548761216144,-4.227061403629202,0
0.4448252503125833,-0.5244459256274168,0.6070525568494125,-1.436211925529107,0.23295345014734714,-0.4341245052390381,2.1868009974432265,-0.5459818542317723,-0.07467886868968221,0.14085102858976062,1
1.165796598733656,-1.1969564619605884,-0.3886202320579798,-0.4319329693410244,0.12388661918982402,0.6678029587621157,0.39720831013164665,1.8206924759021157,-1.9303501148697757,1.4084652750271438,1
-1.249947684305422,-1.361984277029978,-0.7233526412649951,0.7903860961551117,-2.5612643247661633,-0.17350982798190162,0.8466273612010188,0.9001756817433031,-2.049223035912827,0.1332411685480306,0
6.693459903401405,-5.415945676238608,3.3760939529862077,-1.7099084443537065,1.641380871304905,1.9234295912587527,1.7883383534627457,-5.061851687786444,-3.6228095439702597,-1.728334988712071,1
3.7231095090552353,-2.5002679564038175,-0.5510270983707837,0.8554618641914981,0.5415730517456583,2.152003532750496,-2.39394106634408,1.1515890440423915,-3.570154841152939,1.2924264573164417,1
2.801628731744363,1.71372475771593,-1.9839942336387308,0.6614328493832516,2.5709181831388603,3.643188069299973,-1.601236321616965,2.4464904514149737,0.32601261065464704,1.1895891271954708,1
-1.7033949905995547,-1.0835920676268513,0.5739677364296333,-0.4039010833862068,-1.7505272540967303,1.9259932056614926,0.7834311866438803,1.4279440206982077,-0.3826094304628622,-0.6490320734434722,0
-0.8408392196803063,-3.025848004054615,2.0017759034715095,-0.3746623090721766,-1.2264937442922041,1.6171349616022768,1.1248063066978762,1.6657325933299283,-2.1350031076764444,-0.4712683350083102,0
1.0068951814220453,-2.742139943974923,2.817012924343246,-1.262842522164318,0.4782989996461927,-1.0466736256917217,-0.40494788934748205,-0.7493015506183416,-0.8186289689632402,0.7467069177156418,1
-2.9056727605151815,-0.6665476825116995,-0.35969792189291905,1.128446660369111,-2.3739382039223873,-3.4003296880706553,0.4410856150007483,0.24167479162572048,-2.06370467574094,-0.39399957707703126,0
-1.297358904381571,-0.3170336376350547,0.20841067293727167,1.1579799736368765,-0.3841323236816986,-1.664808903217668,-0.8363020786520318,-0.8924211128828186,-2.052070879448334,-2.3740317785044143,0
-1.6887922094566052,-0.05307365084923385,0.49034329006318367,0.763512567174797,-0.41072928422123756,0.7942680376466825,1.2247245219097556,1.3240909006003088,-0.1603211357134029,-0.8980645676891585,0
-1.6112367993871561,1.1806876715545187,-0.2796067223137305,-1.6851945308079082,0.1979138457452969,-2.1557598672301657,0.10641932274471189,-1.770218588861641,-0.9564818519214016,-3.1665881193124994,0
-4.20043454221089,0.15885987079556435,0.8166807410321226,-2.0788050130416513,-1.0398556411931612,-4.853701545346629,2.092856924085462,-0.03626209895109045,-1.485194453962669,-1.7202355869598498,0
-0.5693664242475939,-0.8651895471359153,0.5941580992476199,-0.5997542381588126,-0.26422570942001333,-1.349663447160876,0.2972916277054057,-1.3379414589320144,-2.105200453926065,-2.2457390285813554,0
3.0549270385882026,-2.4229403547968014,-0.5136369865860899,0.1339078690449503,-1.3704537417673448,1.5886201873695667,-0.8172036036627213,-3.868602743065717,-3.292102032578667,-2.6911677558265206,0
0.3594225840708724,-1.882519769303274,2.3218904163739635,0.8645158657686794,1.7115755454381776,-0.11980513986818986,0.3989371941674486,1.0508238598817585,-2.1729282794863582,-0.7930945697188077,0
-3.0840635146147863,3.5478882863871455,-2.656657439838021,0.07846389344841469,-1.1487948304310882,0.4460204633556806,0.5381325493534344,-0.2408950498859983,1.1317553547983934,-3.114073041497493,0
-3.636220115243619,-0.3739892936316345,1.9258772280870682,1.0809661708636942,-0.33975643018877955,-5.444534633935369,0.38839886855045264,-2.311584353388601,-2.127971272391613,-3.8256540095732094,0
1.0190670842945897,3.13861988485393,-2.7962765445503877,-2.3855541430658236,0.72688250638997,1.5322665524182337,1.610028715740119,-2.328572081158991,0.9355764903662291,-2.784252987426971,0
-3.6138305668159867,2.6900588310028843,-0.5919983563080214,0.0762403304227286,0.0675923653598931,-3.301015517948723,-0.38986216006306434,-0.38575772632260563,0.8018146617472017,-2.098139968693,0
3.826363247724372,-0.477784098590211,-3.352582394894057,-0.8895409182894928,-0.8380023508435746,-1.1342093767417414,0.9964319432216039,-2.239712853029466,-3.023257207041339,1.1281276448080018,0
-1.0405333057117554,2.6022525636937113,-1.8657255431298667,-2.794850438402242,0.5754288007743551,-2.258802230755977,-0.2883302731535121,-0.5468104419808639,0.2424076427117574,-0.8948338090493251,0
4.454383535436536,-2.5395452201698987,-2.876524191244468,-1.3595869857989646,-2.1444416117997553,0.046701569991149494,1.2810775447164946,-2.1030127417798363,-4.369031495299865,1.4497206160407972,0
0.38452083541771614,-1.8198195316602068,0.9130705510594628,-1.3633062562376073,-0.0032548379999308708,2.0794550449512963,-0.7655580899100276,2.9887952400893907,-1.0538746529750749,1.6261680216804941,1
2.03667204475388,-0.138748394333552,-1.1368757754496825,-0.07325411375234141,1.7610213813624593,0.6849993260421672,0.6095559689958032,1.659693604690116,-2.7221855679286686,0.2846905775892583,1
1.9408714750895144,-0.17285827068580278,-0.9276250556182589,0.015695613275823722,1.8270746965913371,2.3996294306744073,1.0025764005746776,2.8921599456482894,-2.105557123902849,0.6597266260912693,1
5.722187100774842,-0.380635658435851,-4.638268758079016,-0.640112765772352,-1.623288940328802,2.520481194027937,-0.7716864582828956,-3.511991639293713,-2.5265799677292615,0.2417262935717419,0
-2.5874969648053874,-2.256248317765798,2.426783044613456,-0.2323618768563049,-2.2134541068298152,-1.6862981039711262,0.43057948462652357,-0.8660889803892813,-0.5821308903735629,-1.0204452037889489,0
1.187045393485018,2.4868799982854384,-3.4995379183048896,1.590782651043358,-0.2037558911787506,-1.1615374095051976,0.036835808867874534,-1.652965789613753,0.24076099879989066,0.2040676710191136,0
-0.43173205254051866,0.027945803109644257,-0.8991754515501464,-0.33464715863394856,-0.9621181539254978,-1.383202836238438,-0.4504644998728542,-0.7792071970606718,-1.138864404059229,-0.5179823958794335,0
2.887837212075646,-2.7876227743599977,-0.3173986418608732,-0.04899596864054441,-0.052591901408445496,1.1133727731364245,1.2330510044854137,1.0907511024299184,-3.857700700336961,1.2791393170003431,1
0.5925880484312328,-4.255084310257932,0.7159699471685801,0.14486262885052328,-2.8840850292218017,-0.26454060555226167,-0.08017991687325322,-0.37274548275001707,-4.20261248900747,0.17171136410045817,0
-1.6321955114688818,1.4385604626726067,-0.6720215736666413,0.4727684683865754,-0.7408811911561508,-0.6721855169241062,-0.5286745939719916,-1.4330651961559497,0.747775419255805,-2.047164228995597,0
-1.250915514875356,-0.8748960143475046,0.8795698699241774,1.1965267866828837,-0.9906840929041167,-1.5646842474964484,-0.36442685161106286,-1.5486013555045468,-1.1086462439245228,-1.8339846772567792,0
2.585785859199392,-1.8724105173328944,-0.3516804116000256,-0.5713621759117792,0.22801938140059674,1.4160972353623105,1.5808149062932333,1.0035038656313093,-2.365568215564331,1.3717444030128818,1
-0.8594626596837432,-2.3664686716288146,1.1357636819230983,1.7007747875409267,-2.516014037783502,-0.09337161283194106,-1.2347947512185196,-0.9655410153602837,-0.9906881776608915,-0.4121619249643098,0
2.1466083783717704,-2.1031612919706495,-0.6220819449090327,-2.381292394715473,-1.7340615012725416,1.742792016525354,-1.0972729301249913,-1.5264789274315222,-1.9355232333053236,-0.23740499436913387,0
-0.9212086784444489,-2.985080805534678,3.0546576115225488,-0.7885857119279899,-0.5269407490593352,-2.144740503865352,2.076796585329547,-1.2639251733225585,-2.1655790812976243,-1.411168998227413,0
-2.268384786396223,-3.145580618221408,2.383941256112883,0.3289852789045963,-2.8274107774764667,0.017951824950648065,0.4591885228916088,0.05698075527861346,-1.2596548715516824,-0.8217405920957017,0
-1.2001125827944865,-1.0808006388072164,-0.20321664350213942,-0.05967482488355891,-1.988419272012047,-2.673253501392216,0.8607424252369403,0.2294375607888266,-1.0373507160307527,1.5584415050283589,0
-0.9592455181404882,-2.988162689505869,2.0236197364398256,0.7587138248319099,-1.3265825744644504,1.9796347424298508,-1.7665645075202492,1.9934194895775699,-1.8072037257072138,-0.2190254513237121,0
-0.8523914275551252,-1.854429165402946,0.8236562450415419,-0.35358481302821,-1.3295635279398788,-0.3462597928393345,-0.654027609344866,1.9956157010257563,-0.8741662643313943,1.9678726106771571,1
-1.2847745897452914,0.13809567512991305,0.3992539368522584,2.4637756983299304,0.6645055964430719,1.1568631593841274,-0.5706011384883154,1.8263188239266723,-1.1531648578161748,-1.6891330186843891,0
-0.4774091867358978,1.322250203873796,-1.0140143162315298,1.4516573015187388,0.28570454847372684,-2.0330099568542987,-1.092528161811434,-0.5230165997194509,0.04039814964432775,-0.08816068964041124,0
-2.4867915399702025,-0.7061973499179821,-0.7530725189219001,-0.08406462726929725,-2.117398984087738,-2.568734524502697,-1.5026119641246127,1.0715878222805597,-2.645842597994581,-0.2642352936212259,0
-3.7615657111310705,-1.802597659466084,0.5415561221875367,-0.37139638070487635,-2.935550211413302,-0.8646696704393386,0.4789272411691076,2.3176604674966095,-2.576988250241706,-0.7520671493523674,0
-3.7364176147495076,1.0387052615820427,0.32078006027453376,-0.09178984681279126,-1.1542341576953108,-0.2975329557082409,0.5141469076343045,1.0620245038841734,0.9024260430339885,-1.6082693653959539,0
-1.4357670535749445,-4.040168656569919,2.9329259343267826,1.4165838233446926,-1.9647817169983801,-0.0333535226901982,0.3033923751977811,0.5370579690095832,-2.7160424500933664,-0.8431605356102041,0
1.1661143342571392,-0.2458920586956085,-2.3989290326953423,1.0874105536366991,-1.9031001396595957,0.29776400462784536,-0.34780516463983596,-0.5110510583787728,-1.2331564123806071,0.9517973258360466,0
0.546978931317469,-0.8532614298701031,0.20399872266561103,-0.040139005986954676,0.8174829861004591,0.41377387220351736,0.08891135796489937,2.0388381794312296,-1.7017912502549746,0.7627067403669541,1
1.2491720141651046,0.15351144149472049,-0.781598340380691,0.868723256173968,1.0281632976090092,1.2138921853733735,-0.6382147727792733,1.8521368750750744,-0.6667568444734536,1.1972164551631719,1
-5.6545950489468115,4.777214056807036,-1.593381869214764,0.6150376277610444,0.22026107083841162,0.08387007755838605,0.048163691137194334,2.24944772579771,1.984732402637043,-3.696625549075761,0
0.6478115360888762,1.1902218437424321,-1.008337567668967,-0.9131615563266586,1.5472740742495463,-1.4793011121150181,1.061519786256429,0.28501038401808265,-0.730923833972257,0.20209720840207746,1
-7.160070151006965,-1.4696081292054946,1.9789946491324417,-2.349879797432981,-3.0701270833823617,-6.117518041077373,0.3434546420280766,2.525052585346985,-2.341621215090866,-0.4248666642124257,0
-0.6230405873256308,-2.0392687510348675,2.3753056195215723,-0.5852733898711462,0.4372844535996816,1.3109024358064074,-0.9875043982163164,1.9797920060527412,-1.1091126111451164,-0.25495133789058966,0
-2.3025112106112764,-1.3046289546342784,1.248757869974269,-0.5270169873833069,-1.6831074701501583,0.555484281131209,-0.7727388029500236,1.0757368595705377,-0.4831589592557346,-0.7816466158412683,0
-4.1855159457273645,1.231634360221259,0.7276483723892393,-1.9438048468928464,-0.9535719341524159,-2.3300141261077973,0.09042492796542237,-0.6118561588209319,0.6421492133559266,-2.755116625101091,0
3.1148953310686194,-2.400546804615997,1.2806670877844606,-2.1862783467740807,1.2222863810124143,-0.3381321311172085,1.9382002425310245,-2.581096176755177,-2.9683695948199627,-1.4582456900498588,1
0.38474292465564036,1.571163124522106,-1.55484406035745,-1.040948901171178,-0.13046679143301299,-1.6004468343433125,1.3522810829223855,-3.13653887843818,0.07030745807984018,-1.85341141174556,0
0.5851209302376421,-0.04566299633296301,-1.5592247542804152,-1.130804204552444,-1.3192693628717835,-0.04667460288236436,0.5090683899290029,-1.104162556931234,-1.0007386638418143,-0.306503668086343,0
-0.06095466834111514,-1.9238170525145084,1.8969758700754613,0.8959549177663008,0.08969224733793935,-0.4364393703037035,-0.9496466378785903,-0.7674790075162613,-1.7140829816880858,-1.456271854607841,1
-0.33589574710567427,-2.7430977897956685,2.36826387425807,0.5091626800766724,0.5464627221214626,1.98511135558367,-0.7605788732891259,2.0634740838940937,-3.059316868685361,-1.692690851076223,0
-1.814006258549175,1.4268568059087783,-2.0851599556458273,-0.262312828495323,-1.4136299012715416,-2.665261014206846,-0.2961451208038582,-0.6018791753992175,-0.9329076378172696,-0.816468667109451,0
-1.19892966434315,-0.5310617282066944,0.06496707056681039,-0.03921927704690393,-0.47192888923231235,-2.8741347781237194,0.06503261047984459,-0.6484166412400214,-2.3827775021050153,-1.3171918612780933,1
-1.8011740435648507,0.9557010425687713,-0.3356383267308255,-0.41016222283119674,-0.8438532401440917,-0.531618366191131,2.733890427522635,-0.24204250335905886,0.7769628340253762,-0.925521843396358,0
0.35901324640627086,1.1807729161599618,-2.254396249685497,-0.27838878653379634,-0.8792471703657303,-1.2519275471977194,1.6385124359027736,-2.1092256116697445,-0.773249996851188,-1.1267744179869683,0
-1.5330730241551778,-0.8238468376160928,0.5226957755952645,-0.1558344900070006,-1.0049954096876308,0.8419804920357283,2.451625371836304,0.3673480772229256,-1.49054421274745,-2.159001499312087,0
-3.567638444256483,1.2431634069450608,0.5757608380402237,-0.8809494099975556,0.009915473390881058,1.4515933447981824,2.012030027571847,2.6892955371121383,0.7211417272011242,-1.9386610240686317,0
2.0504120603857845,-1.6731045522703785,0.14750924381707864,1.3797352110865708,1.376234366758713,2.894865340056836,0.5338376997480403,3.11989183558915,-2.735263130862483,0.8247176159474802,1
4.180001995393666,1.0244484214466456,-4.064740154645757,1.2341167999418716,-0.6181154511386167,3.3395645991728515,-0.14660705522232548,-3.1751605747873617,-1.4059369428930972,-1.8194677057891815,0
-0.3367880686155563,-1.3458092227427778,0.7055009123938293,1.1113561841730932,-0.5703014971758061,1.7587718158033554,1.015646732999715,1.1374558849893497,-1.218941151428401,-0.6735218549777735,0
2.6240870449246,1.2269904040056405,-3.6679927870355287,-1.6538143773217335,-1.262525471999275,-0.8212265458866794,-0.0108403397252406,-3.264511671932237,-0.4295568637940611,0.38663076498317683,0
-3.031687491028199,2.015718865055068,-0.19966003146962763,-0.5740223439496666,-0.8963399435254018,-0.04607844209465228,0.9148105363496998,-1.4014230756214185,1.6272989007071668,-3.3567674461739947,0
0.36099452721905184,-1.7136166198495189,1.3252457027982922,0.16023282755627707,0.2746539591658952,0.8157440985993698,-0.13435957724395306,0.6674620835570977,-1.5328744244564914,-0.44102079723031695,0
3.7612760627921515,-0.8396178954211254,-1.6215129191715731,0.5241070031833391,0.2860542111007831,1.8238498085978623,-0.5452737255812189,0.08501644671990194,-1.2535600699483034,2.008576467111974,1
-0.7137228934170218,-0.02992141306112918,-1.3428798080587065,0.06134876533123672,-1.5424222080986925,-0.8246984412282787,-0.576573068946119,0.12439039533812002,-1.215607714604172,0.04132937934607828,0
0.7799676087683354,-0.9255410056931231,-1.0138691585059902,0.35309157733034563,-2.2020801942746644,0.7080686885026748,-0.9971531796200995,-2.340121398077529,-0.9735714850389081,-1.0759942816859231,0
0.232764665553697,0.13855338046043736,-1.214671346577707,-0.6681123996330307,-0.7806565212790236,-1.003423715217779,-0.5632163855275838,-0.6612295948079967,-0.8725727289058453,0.12072852275978407,0
1.1901885176694997,0.26722116950757246,0.3308201078616003,0.6136795028204439,2.209883263324747,0.45863222631366785,0.11076762892799707,0.701533178402582,-0.6786500519498332,-0.3269628963365062,1
-0.301787295490949,1.4976830145873226,-1.5209929136265743,-0.9567460765772849,-0.2798706319678754,1.7209617862495898,-1.9506968944201075,-0.9022776654041835,-0.030238260818479468,-2.610093877790921,0
-0.46260252886794584,-0.06893127418780554,0.188381992730686,-0.12735409025933067,-0.014690619731046128,0.43060910395239116,1.018455956545013,-0.3848876888138538,-0.7627739071635857,-1.7410338909396408,1
1.0914263792345145,-3.3466822426838316,0.32309545820529895,0.604905223155877,-2.7569241935501636,3.0025659688315263,0.2554028999455957,-1.5358195233304566,-3.0952682978898522,-2.195613216768061,0
2.521115728904599,-2.032417185661245,-1.3838732277113688,1.4006565745681998,-2.2084520266904484,1.6450553014962224,0.6801006833429298,-1.696874417154596,-2.119271807005757,0.23103242070223962,0
2.2346663402460765,1.092713332392147,-1.237127240269724,0.5621406229707828,2.626885576768764,2.4268306704130818,0.8816564605124606,2.1136274003137334,-0.7350756383207665,0.3853599944546784,1
-3.5994982513460343,-0.06856245824758324,1.0017193645932547,-1.1666921959392664,-1.9911536531424328,-0.6127936198762909,1.1405163348462193,0.35422793799326724,0.8754176040807695,-1.1810408775608359,0
-1.81363960112826,3.2944354188532334,-2.4238035343746627,-1.6140226725624092,-0.0003020333168544109,-2.2341677126368613,0.2130043158716886,0.04364377145428744,1.214369447834156,-0.20827945780749302,0
-3.4237572384048565,1.3024058905423304,-0.3063836175584991,-0.6823845854715656,-2.056130132728484,0.0724905319733038,-1.485739465722507,0.19895844379354755,1.9447095369761995,-1.0841966667852097,0
3.1688497943026657,-0.3111260692406309,-1.9561617599684715,-0.0936472853382139,1.4111796742428893,1.1259258207829388,-0.2090990768992498,1.257064750444847,-3.020849081391999,0.8593767200414086,1
0.5974412624635743,-1.8765370127024459,-0.7212138703375108,1.1278855326474513,-2.0112860325118436,-0.4698105584060921,-0.7256843148505718,-0.9102114278584964,-2.7623503969728738,-0.25284139708892117,0
3.1920085542580074,0.18945554768639394,-1.2912604431387351,-0.4067306905214086,1.9019896830172123,2.4577701659283298,-0.20179710300160927,1.2577156941871663,-1.0255289231786482,1.007356631084726,1
-2.28656169910914,0.17035253666035227,-1.3216308683585218,1.0668655876415893,-2.0862293631944064,-3.746106129058249,-0.14288297278797174,0.7468583270832541,-1.1873003656851533,1.317864998245458,0
-0.038618379560924176,-3.819076390733077,2.2760911246947026,0.5477697760195868,-1.5363602773383862,1.2069930634366037,-1.117757948316312,-0.004119347060036915,-2.818297202963473,-1.1303070768560064,0
-0.6387715123949321,-2.2259090255062715,1.863608427377545,2.6429104826243037,-0.6641246687177921,0.5626463160384392,1.0381744766942347,0.19821521229078065,-1.6458076982466519,-1.189322762140762,0
7.1221793866044205,-5.005752674862858,3.6992380624208216,-0.11246328998415221,1.3631316860062543,2.4997045971780065,0.19867786711955315,-4.445160387747567,0.007089370223562819,1.761332481455645,1
-3.171935621499518,-0.838473608576459,1.7732132637387816,1.778077876751641,-1.4127035098717242,-0.2602567070900701,0.06344672866533706,1.1765367460803657,0.432102964316579,-0.6664918889067399,0
-2.482952221500043,-2.2328311990454024,1.802446758166887,-0.18358228949315925,-1.9943393491617265,2.8996775255606924,0.36842980843476897,3.0987915199759715,-0.6612307418073833,-0.28051998597520866,0
-0.9661390851968659,1.9446666892907662,-1.705406410478152,0.4867722915221611,-0.5994149825893658,-0.6356099134966076,-0.25227712941562996,-1.8890438451232376,0.18843824528588726,-2.4245324985269248,0
-3.913612582636587,2.4871286688056267,-0.47481111928311126,2.1519825670043002,-0.5221854202327323,-1.109938523525313,-0.5461833634418188,0.40509751459911714,1.3765041865272578,-2.2871040938146745,0
-3.406105657077384,2.0506135024297296,-0.8190546152132493,-0.25263429799428105,-0.7086666709276717,-4.4679018553585035,0.011927715647822608,-1.179509106903257,-0.035940782275498906,-1.8327831006000719,0
-1.4382769322082032,-2.447103473739507,1.097598483107972,-0.3310427306235488,-2.7623850536309593,-0.3220442129152441,-1.516355703651181,-0.8768945468546286,-1.6783782043542912,-1.1290016111980796,0
-0.8503627502084357,-2.5106542103327607,0.6395004980574568,1.4493091228686754,-2.861902249571392,2.0188608775323926,-0.032838350655947084,0.6263845540233774,-1.290337021681499,-0.21798781482510476,0
-0.09273572835614975,-0.8519669364621925,0.3318368301686071,0.5081906548516807,-0.009373878899046062,2.6517306532359575,0.14245175905206084,1.6977978833965346,-1.2398393527659133,-0.9531330613985053,0
-1.1391061632232298,-1.422656355937383,1.295242469033183,-0.9276351508875105,-0.3956109781726477,0.07916185033733525,-0.26840762407496166,0.11877130121328527,-2.0157872371507803,-2.111277405911771,0
3.997987745295214,-2.5691735877243285,1.6565615037450274,1.2081687176903333,1.5155186541462593,2.2362925108474347,-0.5795210911996718,-2.7274860054144723,-2.168780106790779,-1.992402309315407,1
0.14515661150307804,1.227499847636013,-1.841872070561879,0.13554131365244262,-0.20476231598314198,0.08684804811776292,-0.6992128474941184,-1.364639089191872,-1.1099280283628778,-2.2448136450298746,0
-1.5210842258606303,-0.4529323203712632,0.2404248526176913,0.03099576965590695,-1.341534971333101,-2.8144196947152795,0.3679009793272648,-2.245024828704935,-1.3884271396212224,-2.035677700722697,0
0.26068503034790225,-0.7077552871977373,-1.8442063532458635,-0.5305678296877865,-2.035857049031133,-0.24553021208228332,-0.38775191452612895,-0.48507037940639974,-2.343740527410096,-0.2747427697258684,0
-4.107889639274152,3.7204981806703556,-1.512832326920932,-0.16821677210325808,-0.4987848687958486,-1.0026338976735967,0.2728167322778412,0.2742983421164692,2.018789598471057,-2.5153306813026495,0
-1.7608967923995786,2.440212186067294,-1.9744368675615398,0.1847586468536697,-0.25876854934769,1.2020395813564941,-0.7814908672351211,0.9409459216537249,0.42189181151690525,-1.8626648217048811,0
-0.9828586359691306,-0.07478841872027416,0.02680797597077822,0.38082469583790973,0.4597330906843551,1.8850281431932112,0.698001587510532,1.5388824060065538,-2.0926880894727757,-2.672888113056187,0
-2.578988244457626,0.2518516273157374,0.6573234257830385,0.17676369997220687,-0.40666830184206404,0.3749529855197513,-0.2799105731704815,1.8538685377283382,0.09166003832402092,-0.9275180832712621,0
0.7786232449732093,1.3991251686862494,-3.5008785376339797,-0.7712397992493996,-1.745366899050742,1.7015158224616922,0.6108812830519882,-1.3156361376685304,-0.7139242549764154,-1.3458992636788831,0
-2.615938719615305,-0.8950789742819873,-0.2897538651883982,0.9047639017290136,-3.0089105808392684,1.9824740034101658,0.9394694872838987,0.05020773075579643,-1.6983955325486013,-3.2754974025590355,0
1.9400902476569024,2.076883185369154,-0.8945278520540942,0.15777131125366864,3.4253725342600476,1.22120518280404,0.7212190478619405,0.8803914689495613,0.3742936001254058,-0.27042938749788004,1
4.861969805610679,-1.5170467159307297,0.8555177966378863,0.054085412771513956,1.9502716714486934,4.149758671805882,-1.2135898903361118,-2.7142583763605943,-0.7822006013365388,-1.8492446519343444,0
1.8183698609875998,-3.9528716609492505,-1.0077298121705442,-0.3958038341616338,-3.5833134861752636,0.6208828241561177,-0.4192599473709911,-0.3879806878016473,-4.2936905382907815,1.2153454596054916,0
2.9320256327483607,-2.6419584892314463,-2.720353688449981,0.16951975773660913,-2.7075191443118567,-0.7523533357970984,-0.194438127235645,-0.6553636933903744,-4.611275008893984,2.019949078421635,0
-1.4694333165278093,-2.9747009719395234,1.4624433803343824,0.3215446393179984,-2.1376228493365437,2.567202904614216,1.3335668221983452,1.4262218131138626,-2.7531659368631933,-1.9333474877236565,0
-3.0602284031271085,-0.2730291037308369,0.11484584327575376,1.0571845385510912,-2.8647235839733773,0.6717621068508327,0.3039701778943337,0.5629572260836666,0.6750177034093947,-0.7967515083739483,0
-3.827460273665234,-1.3592209403036202,0.2985685752195151,-0.24354225037065066,-2.8572260736762374,-3.8291077179895168,-0.38275611156756123,2.2294517098454523,-1.7289448054892227,1.6315994613715645,0
-0.9374614182421904,-3.0298946732753773,2.0529667692622624,0.678377199644627,-1.7884646305468845,0.46386975289455745,-1.2344221720663362,0.2869732480602256,-1.6604212018583568,-0.4487297950518012,0
-1.3536629459919414,1.3416355634104546,-1.6108695073541968,0.33520824203254546,-0.840136336592883,-2.169965888742504,1.1358742770149732,-1.232589595558059,-0.8969012158062721,-1.6309394161086803,0
-2.236051698712581,0.6019268483542313,1.1651833889002485,1.056024745140268,0.7698894432401768,-1.5770973388595433,1.3073091189715773,0.2685002441620892,-0.14084856148770353,-1.8309889035158138,0
2.3332893607789256,0.022707637290919274,-1.0979080993847228,0.18766667514193755,0.5887826750257904,0.4808934720469853,1.2234601395161457,-0.17277341849007444,-0.26972150580497845,1.456262715745429,1
-0.8821880899198551,-5.779205033289014,4.408189072445517,0.5188345452809907,-2.487803133946131,0.3651708911376955,0.07715802563167032,0.7239906977616704,-2.1853962816429062,0.7980712069014162,0
-2.649095711901314,1.0246350748469153,-0.4323896905280422,1.2581668124839103,-0.6425998401771382,-4.943201504644941,0.8658490355174857,-2.153335010321337,-1.5696974579422611,-2.619777023838074,0
-4.057168324587982,2.7970179435903035,-1.654213628832613,1.1663397115612522,-0.9376448790156489,1.5713732221568903,0.9091293525995522,2.1234810512224676,0.6107257544026152,-2.927988740497836,0
-4.281367819861218,3.432780874113699,-0.1333887720251331,0.8347624346900867,0.8324979427323909,-3.152093906511745,1.2432550535470797,-1.0796726944489885,1.053252544483262,-4.12164806859503,0
-3.231666432960696,-0.7157406082139991,1.8904609699127266,-0.7199064046807675,-1.3193457269517124,-3.609909406966133,-1.77484473569773,-1.3821770047996997,-0.2416061214624079,-1.5884482805071958,0
-5.991932817654786,2.726611238461482,0.613817638960741,0.14973273450804908,-0.06136046966634412,-4.398506089609137,0.9854318058692866,0.6832315487938485,1.1210492482078807,-2.5448899400374954,0
-2.175186125421055,-1.9595339381917252,2.525958433211695,-2.012348509320861,-1.322349516031474,-2.3324644300321413,1.8772205497665126,0.18318371285515211,0.10772591278648425,0.8055862361940758,0
-2.2003046046173296,0.7486072238444494,-0.19666826988718733,-1.3804320822431462,-0.35807018572112237,0.06250175813884717,-0.17534641494419065,0.64656455199701,-0.725055795966898,-2.26833892129652,0
-0.5999899137819836,2.5844587288924394,-2.1578092432853264,1.2005230919534204,0.47840496690950407,-1.4372886170175638,-0.5727333547430408,1.1435133056086082,1.2824814848990256,1.575273156680895,1
2.1961423669455042,-0.920811597974785,1.308581635448552,0.8855832342134344,2.2424599957984164,1.0559333754621776,0.20438134207027742,0.007377821504385151,-0.7237510059875728,-0.13880313838746783,1
-1.731184904956971,-2.2586996253230516,1.4713932316327065,0.4212222394352376,-2.4880491519642343,0.34044687474783586,0.028680695698867664,0.3129243805532578,-0.6033345587455664,-0.1269816681236554,0
-2.674708617793929,-0.5664072068389431,0.571126198349911,-0.4547338869574728,-1.3862449620841972,-1.4603674942658176,0.08421658894644239,-1.3516941639797364,-2.3660897279829887,-4.010337907819338,0
-2.038807431946285,0.30445406007536036,-0.4975419954345994,-0.49607356915908235,-0.9579818698907344,-3.297822240874997,-0.36335409510795835,-0.10531090556201483,-1.2482229157829643,-0.40976027881041654,0
-5.738574943252586,-1.794500087899254,2.4884468228677035,0.42586457763889896,-2.5156490524416304,-4.490832401854097,1.4405742979076168,1.9759125745111974,-1.4395181293446013,-0.1797924198026326,0
-1.7243521331394924,-2.352390788033146,1.7239753539776226,-0.2654463782255031,-1.8898762619218497,1.3101932490971004,-0.18840581615074903,1.1392153838405246,-1.138348395327676,-0.7290335922953035,0
-1.6821031165635596,-2.0317739247428794,0.9638469296490817,-1.3844356039063366,-2.347431590412911,2.810284258777444,-0.434073821759407,1.438357067948398,-1.1027156269549743,-1.163553788715166,0
1.6506231851027766,-0.7847167097567498,-0.003379402385081054,0.22977676033491254,1.324487265422221,-0.27992385551545107,0.42877182098914957,-1.4145589292966159,-3.2538564103572214,-2.55480566598895,1
0.22150987769181824,2.4936893723947833,-2.0426526955170767,0.7476301789743467,-0.1080089032060868,0.9549883016384766,1.5993921367192492,-2.756463875382146,1.1540620489946072,-2.8362524616561897,0
1.588767373802881,2.880343765552792,-3.3091668852442147,-0.8323962083332622,0.469590329515877,-0.8593354089551134,-0.8762890345609291,-2.9331714390425896,0.33544209691972937,-1.3270919990760812,0
-1.8855262167892266,-0.8959839604197579,0.3014102457013019,-0.5500932918560765,-1.6405114387901132,1.9477753351831346,0.48603160228708603,1.4526591746280288,-1.0223505720618316,-1.428636825054025,0
-1.1160369450565097,0.6541902798656237,-1.1843484634135564,-1.8573869058881267,-1.1735397687936664,-2.8993505402587183,0.23894455464199435,-1.2813781235397945,-0.7257622876924783,-0.41347077762414775,0
4.089171621782137,-2.9967754676924594,1.2134094282580279,0.13655117171933262,1.3885702818937988,-1.5428992844704825,1.4731915129757585,-3.273522757261281,-3.9204199431406113,-0.940763083214626,1
-1.4326076760960373,1.8682937208158679,-0.961530113850512,-0.7005468158325016,-0.2616425270172257,1.0332365639731251,-0.8720687744674757,-1.1868377598867916,0.5302038780257929,-3.338363920406747,0
-1.7709498976808604,0.1006934327782846,-1.6135193136260773,-0.9543320129867869,-1.6935690126953755,-0.9182912868370159,0.5406948278953948,1.3050563937088797,-2.1971406031211336,-0.5135008717715396,0
1.3177804061179206,0.32332896305464415,-2.7804722318265513,1.0291254449563685,-2.070373350494009,0.6517219351293926,-1.5527048007447624,-1.0898829232318403,-0.2804537076136393,0.9788970525211331,0
-5.573507142003416,1.304691298460529,1.5743172754199368,2.5107434705476726,-0.4940564552881225,-2.8854577518013054,1.116203641743548,-0.228618308506098,0.06418493505355727,-4.253457296454032,0
2.3462774942407143,-0.529403428748773,-1.271652320699037,-0.7254753169189009,0.1887773172260987,1.3831760544546428,-0.7934730690986012,0.9495169852621534,-0.9698969236869556,1.8472204473975034,1
1.4663553398205256,-1.030465260826592,0.3759369175423537,1.2274610922795373,0.07398669516953049,1.094998138966328,0.20324187387844198,0.4638431114999393,0.21186383092314998,1.6525529935081467,1
2.821840440695516,-0.48893792097647754,-1.860072168456481,0.6762481772346155,-1.1859497121618157,0.11268704586188427,-0.033789695580160206,-2.8898367021652493,-0.8012768546096556,0.38183706051382105,0
-1.9232658099893705,0.07823791464471559,-0.3713196188527721,-1.6141682645056854,-1.5180683047350125,2.3203050933464615,-1.3458804147600452,1.562418950746215,-0.08569678629747934,-1.215430396602157,0
0.7384574436595179,-0.49998503951126666,0.745751134997834,0.030323871849971658,0.5960367006459389,1.5734742332621092,0.3172749402640901,-0.520142062459646,-0.21715968859307389,-1.2599699465786383,1
-0.15083606660022142,-1.3770752785899276,-0.356004046341185,1.598922114192076,-1.9374084503177094,-0.577835005936958,0.24307829503796438,-2.32992291836553,-2.565687165330453,-2.4530411537606804,0
0.2569534031966194,-3.1781313308330903,-0.22432359244684585,0.015071219282212108,-3.128566173211285,-0.9275288894158608,-1.8359983639750426,-0.7267997166747056,-3.475998193147138,0.3721305832990034,0
0.11288663522807374,-2.2317965790690697,1.8483714740530588,-1.5904145367608216,0.01245437180476161,1.7010039775804389,0.059484939997162915,2.0598240615074372,-0.9262777676611762,0.822318512813174,0
2.192949349482017,-0.9140783409206955,-0.5315491143371449,-0.492053012010198,-0.6155251367254766,-0.963253615324803,-0.16122346584612657,-1.7975914202614396,-0.14236345792921778,1.7545295638180582,1
0.26660286145205436,1.7170815448653516,-3.49745184997854,0.6752148653262328,-1.2385843070931233,0.10890372304580476,-1.8234964332148014,0.2939641756383564,-0.4342575493061719,0.6381287291128652,0
0.037041579675683035,-2.3490530624639767,1.3993229003729608,-1.2326625434337566,0.7197513585307769,5.1795683139607185,-0.7427185622469634,4.519009353650869,-3.0552795198824114,-1.2110368726498062,0
2.327794555502928,-1.9724424846767563,0.19362743235973845,-0.6269406355510714,1.1496186262896397,2.703649734192994,-0.4728173955540838,2.63764284778356,-2.85425822785759,0.8996798389169806,1
5.1361721790197254,-1.1158281077460575,0.7381872470327498,0.7416570827032594,2.2542105543474373,4.741860490524561,-0.2055359116625379,-2.1877870640574266,0.17720742067025053,-1.0012965674568672,1
-0.8151000440838321,0.2123244601923864,-0.9894641033862714,0.379924178291707,-0.5867476169217748,-3.587357885420704,-1.151519356874433,-0.9717507865412576,-2.012041087794608,-0.5382281261776878,0
-3.044346502195034,2.8856667246349543,-1.7585440711947964,-2.3224870505935393,0.5843376770660238,-0.3248027442081136,-1.8358403176645526,2.2801780754530845,-0.5276710937757677,-2.210777364698879,1
-5.691231619795338,2.6201799205115357,1.1046433089299716,-0.8594021977336828,0.4734216999611407,-3.3977106469218006,0.9714859982681016,0.9648810065387612,1.430049063706548,-2.7266831864534815,0
-2.15550074618955,0.38277511905651934,-0.2921422607797809,-0.20969915421321628,-1.1454013392834057,-1.5951333483467227,0.5315303630682593,0.3538449024275421,-0.2718413526919793,-0.4238926043071354,0
6.095930526241544,-3.4956775804000992,1.693504513959375,-1.5059339950067847,2.183485021612449,2.0178099944328016,0.7914083074850622,-4.022508831494151,-3.5720031370658467,-2.1354122742595214,1
-3.173659718132198,3.8108716071080133,-1.555819498993539,-1.8475975570175622,1.0000435294298802,-3.1727598440902693,0.656811023975756,-0.45502115129277143,0.463337348921127,-2.8887147095841286,0
-0.31498037440379123,3.510950978437334,-2.5122834023290426,0.29335964256383473,0.5804047253060798,1.2973085297915703,-0.36028660580933214,-0.9870417096508542,1.735523171588989,-2.112531275640299,0
0.9032645187953838,-0.19173693577191173,-0.6641507015328301,0.9074579023876276,0.6005697095014051,1.7696640169176105,1.6394205485064035,2.5543968780521173,-0.7437460160809797,1.4451746772266227,1
2.9595170626868392,-3.6115284912167764,-1.2592170738396151,0.14860207254766208,-2.585937606737942,-0.7710332462713707,3.0137932827179963,-1.3048616751452824,-4.455855052423548,1.650283874580572,0
2.181824898120491,-2.722909627709473,1.915683825047389,1.168365275711301,0.6981622433028025,-0.8151865696414109,-1.3153260850518884,-2.171742878650158,-2.4572937829711865,-0.9372782553159328,1
-0.6239835131952324,1.4584006313959064,-1.360451056560724,-0.5394260614593801,0.021567254675501024,0.8416736251974328,1.6271194243903881,-0.14167291774031876,-0.31262503342740733,-1.9803393902112236,0
1.255961995537001,-0.2218421562489487,-1.8618327383309847,0.696290548455716,-1.6533237072730476,2.878552999624106,-0.14787314777976282,-1.0274590378067967,-0.8859637781378424,-1.183315337957263,0
-0.7239925286112137,-3.564621174988107,2.9320686431340657,0.5548187148389204,-1.4460440868259308,-1.4396626922065505,-0.6806964191617907,-0.7192906187042285,-1.7478918000263644,-0.0862215394875927,0
0.300317869415449,-2.4442385685963774,-1.2971246168516246,-0.6563923876025392,-3.426367243459702,-0.20497834020072747,1.1886187158289152,-0.34443659285174577,-3.1460792033767504,0.5873687537959082,0
6.469839721173905,-3.009143010352975,-3.260614865061774,-0.026956367357403806,-2.2441640269537766,2.3457146550213093,1.2595077599561242,-3.6861253888022896,-4.535116283947153,0.49958357420251964,0
-3.8958684056908814,0.08186398967232202,-0.005504428346350565,1.2056366088694095,-3.7310225776078974,0.4456179824263796,-0.42008600493421644,0.29288718768407007,1.7546426009555662,-0.5320226194405174,0
0.31525760937848324,1.396796869826795,-2.1046308293425446,1.5338451050362951,-0.14831145333701967,-2.5384213106678435,0.18132367123690882,-1.4845846162853231,-0.7752958932445456,-0.17774872244202833,0
4.007769475440251,-2.14976401092738,1.2133068869977217,0.8108480569628599,1.921863969799904,1.3439445047688068,0.45852566599624855,-2.3672183186843827,-2.502782336007798,-1.603697460401488,1
-4.519933450084647,1.1758556536012912,1.9173129894464256,0.06369720465318252,-0.09129914856657662,-1.7625211682148172,2.0570282489712572,-0.5405188482016051,1.0710567594190117,-3.685141642564029,0
-0.11914650587129111,-1.0126413860300176,0.2546066196153338,0.15737944435706144,-0.5294054471414147,-1.484910140262985,-0.8830345872273673,-1.9806097104081528,-2.47821499514604,-2.3793855999370517,0
2.4695706635185792,-2.7777530522915277,-0.6516034318680917,0.09444332549865539,-2.5191940963251804,1.324740876219094,0.22121252991724555,0.12618910569371045,-0.8021171285382184,3.597067803474319,1
-0.648517841685308,-2.623261523901346,0.6768407162850021,-0.22026100297089,-2.6720245624838452,-0.7799167956399553,0.9489039560620852,-1.1664919516187633,-2.2665106756379543,-0.6958439820650855,0
-1.9099084164836528,-1.5100516893614082,-0.3333103478090488,1.6146298343865721,-2.83276833040632,-1.980855003314093,0.5766495799790702,-0.33853768769685133,-2.5083225105031586,-0.720433402716294,0
-2.056756590343842,1.8977664611091867,-1.6157040990283356,-0.26432095585034054,-1.5427606666071283,-0.6340508498359967,-0.4434141473921472,-1.702354362428936,0.5688886397167088,-2.515464371570655,0
0.46562579596747256,-2.5982277133971503,2.2187482722081793,-0.29744475464423265,0.608669361607302,-0.08748630211768882,2.08407127365249,0.656736911019164,-2.34938904689879,-0.3433887477798543,0
-2.5149175662664387,-1.4769035729921356,1.6692618816305629,-0.3347014679763642,-1.7278347684871265,0.3117325986574939,-0.8135425727055355,1.2805616536473006,-0.037976829624375874,-0.23888054164148698,0
-0.17679316694243444,-3.234030987422488,2.0602966854967844,-0.3754726122024387,-0.905793555592687,2.7283094604458964,-0.6653977643180745,2.104607870281442,-2.0970323814737135,-0.2087016268545585,0
1.5498312033514992,0.6031682897993264,-2.691242557055782,-0.4476743659563957,-1.0455100683060958,0.4097716321454068,-0.3074323454493165,-0.6686107242046967,-0.6861650729998164,0.788214099032833,0
3.032764833843479,0.4694443228688039,-1.245429765505871,1.9423796771486677,1.3324113731018898,-0.7239233531240308,-2.3847446171689857,-1.80980708663835,-0.5117615326188214,0.6302401620431196,1
3.1526349223715577,-0.4032259266879105,-0.9242554125316116,0.06767148955845191,2.5879872562158326,0.6356506084596567,-0.7973448497355118,-2.000171000603408,-5.094453640306892,-4.426678569212228,1
-2.0887717621970032,-1.934704154228514,2.3492845805652873,0.25404528295477813,-1.4087909458899803,-2.2615627290724616,-1.3404191816041566,-1.170076460468243,-0.7707705723173097,-1.1246746356489112,0
3.513501638557839,-4.242915759723685,3.4030750311029423,-0.17885782559576285,1.339835187488074,1.275755236891302,1.02464564210721,-2.7019516722490797,-3.087593639114134,-2.03094020877465,1
-0.09687544253715978,-1.032055340512435,0.28301254334932313,-0.7412274174241421,0.05886078465762257,-0.654852068208666,1.5968082795036493,-1.4010970331766268,-3.436535336002544,-3.4422860690432726,1
3.908139260952386,-1.7135230888221016,0.6861214472050174,-0.035840980146165276,1.519440910864767,0.6689025268132411,-0.9237453648017658,-2.5487342386832523,-1.842696456942499,-0.7653690172031613,1
-2.796734636138355,-1.4971275900592902,1.5554532682292843,-0.9741573417780406,-1.2681736069613094,3.4727110470781173,-0.6372256980459021,4.262849451813906,-0.48314385304799945,-0.3511399710960741,0
1.0562302816114375,-0.830518600645283,0.6034356883661598,0.15325349931811524,1.7042297716441672,-0.3039678479525234,0.1849566199111648,-0.32759568082884416,-2.9746378454547795,-2.120760123286871,1
-2.6344786044589275,-1.5677727439814055,1.2007773444736596,1.1010743868931026,-2.0726182355795215,0.7373909393465894,2.587830497760499,0.8844983966735205,-1.2717576891016438,-1.737861259484961,0
-1.3139473751406354,-2.2633743472880523,1.7543300873370535,-0.9897750078695615,-1.486517991781832,1.0600934401451336,-1.7963163648254954,0.7765592047046559,-1.1455213742226242,-0.7646076176622972,0
-5.407832880497687,1.9069839325208386,0.7526006776884382,-1.618547664808369,-0.6362211722384112,-4.436482322748496,-0.6330138223137638,0.2591718267999088,0.9125056090481865,-1.9029224318278972,0
3.2327090757821275,1.7580052011228426,-3.039120925474032,-0.6603104056611854,0.4413106248504126,-0.975208108886854,-2.2115675771145638,-2.316907807771709,0.7854879199711959,1.7831804809079799,1
-1.8937063284267188,-1.2380760715835812,-0.854031711243358,-2.168859845702551,-3.2130976242823177,5.692607501497154,-1.4527209025324075,3.1590076879153655,-1.214114873125957,-1.3376412847872978,0
0.7642715560442245,-1.8330895333248889,1.7247936386641785,-1.4806296624004127,-0.32036790979091556,1.7654430946551933,-0.7964675448912183,-1.5153935579471571,-0.4417782991003424,-1.644760447025598,1
-4.391306059591957,4.203773993088993,-2.722464529365006,0.5757899772517827,-0.799119789175587,3.2338748946333467,0.054975871562285256,3.6877867106521642,2.021630224907417,-2.2135135284273577,0
4.653554816595472,0.03626991549497393,-1.7443400877312565,-1.7004944386263916,1.900087700629987,3.1123508317848825,0.030244827674648884,0.24303294075539095,-0.9340559056570679,1.2287156343900592,1
-2.92648917674602,0.42312749480165773,-0.521357957441702,0.14583626624197032,-2.8063035923920983,0.6873110973100844,0.8056914739222492,-0.1718970642886386,0.8224845791310078,-1.4881938646702513,1
-1.8682474614848508,-0.027231013312698914,-0.34927307169861255,0.6775278269003673,-1.3378531959793203,-0.31670978410840855,1.494195951449163,-0.4224125339260376,-1.4413092652079813,-2.4393766352835327,0
-2.827670169034043,1.4043684849543154,0.4895694065575522,0.7294538898178412,0.4829873824327271,-2.7301225549786015,1.113014661967468,-1.3519189767549153,-0.6024535646415452,-3.652110500806636,0
-2.962310454430807,1.1899869935650778,0.24518368400173896,0.541385370590273,-0.08367464452590312,-3.2030118127198484,1.0607088663165192,-1.6380789045023918,-1.0009925338965728,-3.635448376549185,1
0.7977428065203839,-4.872095032131334,2.9864281795893817,-2.3647281730951435,-0.5054978078358233,3.541481787922551,1.3016256381303892,3.3219942182217683,-3.3272361575224347,0.7096153924783317,0
-1.9580148992960726,-2.0226098889291757,1.739949361272249,1.113695678385025,-3.090998394158625,-1.67023227158124,1.1132600646021393,-1.5004578206273465,0.8818626092309643,0.6342110221213153,0
1.7791580478495268,-1.0483499186213343,1.2067063496096697,0.45653317324605136,0.9491545482727058,0.9941106246592623,0.9536489598270304,-0.8551612344766062,0.14674773591494183,0.10229572619754324,1
4.569603782504788,-2.683533815192278,2.1355158380968504,0.7438687190329611,1.904673404693137,2.6554828094565233,-0.3310979899070392,-2.4113448996669233,-1.0531463011401188,-0.7387890488985339,1
1.3333804610354052,-1.6145793553967502,-0.34346550169621104,-0.06854003632721566,-1.5964379321874544,-0.7545146421701819,-2.0119999681061094,-2.1268487079491107,-1.3723474505085025,0.21927582427843828,0
-2.120813530622091,1.4182912908582233,-1.3574291516762602,1.1630233029570363,-0.07871192868946508,4.733534440633379,1.7600825975384784,3.929877366570885,-0.7992659040477021,-2.484816190243592,0
-1.7904873205513945,2.166726747946586,-1.4770642670665373,0.03778059979749919,-0.34719331907798623,-1.7195305008636448,-0.44371920293004485,-0.4893926552198845,0.5609971715185584,-1.0921685208476983,0
-0.12991595765869743,-3.1154040553092144,0.6939385459846557,-1.578028582721122,-2.8939954144217506,2.862723447362247,0.12657930672293052,0.385753413452091,-1.9988754493801326,-0.6322324653936289,0
-1.2113775922604741,0.05804449313177774,0.5137480999639534,0.7344816559779378,0.21654175494339034,0.645296444396678,0.1287713183531109,1.4009164489103245,-0.22632754149453493,-0.6810258640014295,0
-1.376984904190769,0.8526046701589365,-0.7116093864741257,-0.5147625279182043,0.33165499250500896,3.1864851396755944,-1.7433552713511733,2.739158738615127,-1.0033223080143046,-2.1003921531328897,0
0.12215163878048133,-2.4654788465560067,1.0908845560774127,-1.9549184895631233,-0.15321899158277774,3.8987652348755106,0.22539258201127074,2.9472044249602902,-2.9728645182040228,-1.157219630292288,0
-1.9689161182896548,-2.0500932239981067,0.16276698181575866,0.19023153425669853,-2.622710641325309,-4.651571300092308,-0.045043534333108835,0.42139582829034783,-2.561106096747525,1.7854505224708763,0
-1.02921016512632,-0.662516472743431,1.170977082007818,-0.5698292575910502,1.4645783051516506,2.1792190552381934,0.6734214070919132,3.3476286114058,-2.1139964259295096,-1.644756328318853,0
-4.0640905634674045,2.4282034872290557,-0.8310250020474039,0.27566807603618804,-0.8495888542925301,1.6860310596083077,0.43397208034635437,2.258915404761929,1.4412914215431463,-2.238070112690016,0
3.03694129905478,-2.3447904765870424,-2.9240814148707877,-0.7652741332862671,-3.514209330276179,4.453864292930437,-0.674875359916566,0.12483593370046142,-2.676664201592719,1.2110995044874602,0
-2.7508764513325845,-1.32459316072396,1.1862122758188893,-0.6407438657156224,-1.7435193081520235,-3.591136990076574,-1.5470529217226574,0.17719044799940886,-1.2307938397408074,0.1887025436510421,0
3.3240297260445764,-3.213700586978168,-0.5952290091648573,-1.7772134575808027,-1.2486549919866312,2.950764199389768,0.025659849098721006,1.527028093774054,-2.6304895503409993,2.7200431692365106,1
1.38243816198152,-0.46572587556374784,1.1364032817781824,1.042293473702551,1.4172866146823542,2.128186926099283,-0.7067496589653025,0.0777736276605705,0.487765623658001,-0.35918266944554444,1
3.1922717079309444,-2.8189394636584932,-0.717876139136937,-0.9114341385878826,-1.4444640807094196,0.5710438672626379,0.8230113569242725,-2.172347792535602,-3.4383506942814477,-0.08235002508996758,0
-1.9980246808333881,1.524463667508344,-0.8901052332401433,-0.7790908587377849,-0.434930429337392,-0.5310352526831906,-0.6180150723722206,-1.0224480263100895,-0.5591847813949844,-3.3233530041834123,0
-0.8884333007216514,1.202032845621205,-0.27589453469592007,-1.1184365037772128,1.009807156534058,1.4490280378259002,-0.11894142123231492,1.1142195060819788,-0.19081229178129555,-1.9261801063114947,1
3.7428207180008872,-2.92434011015584,-0.04150310722506734,0.16400349363955755,0.8662721274426878,4.20894419950975,-0.4763412656805142,2.7344521178747954,-3.5654477481955507,1.370698595539484,1
1.796750361348733,-5.609806114304715,3.778613173866514,-1.390805667775204,0.09298179926417571,1.4903821608188463,-1.2900007982368336,0.9024324284263547,-4.325307622114845,-0.20035378718708408,0
2.946202948573465,-3.076735208406273,2.2212322438546512,-0.1322327291701942,-0.030194910271354347,1.4474474227904337,-1.754952237335574,-3.067326098122746,-0.8540510470408146,-0.8307986346332157,1
2.216869049310187,-1.0564152082740879,-1.423031824153751,-0.3044430708393211,-0.19252669198922767,-0.02763101310854288,1.0100157172213158,0.6099965976212565,-2.3486365283067143,1.685052528693831,1
4.091215172818004,-0.8767439970551808,-3.5857963845417555,-0.5201524864952068,-1.8649966486583225,2.1727111937481527,0.6897841481354932,-3.5937798897520667,-3.5468350612233404,-1.8802619382059136,0
0.07404289137856601,-0.7784557053350991,-1.4822847669231225,-0.19518395109929465,-1.9562327733507838,-0.31121064555852085,0.40986998927496626,0.5571729701759913,-1.476912636747227,1.231803395595335,0
-0.9555925011634394,-0.6392842582734308,0.16361131187554434,0.3431106634313661,-0.4099479150253481,2.370521324811727,0.8116833947552199,1.7643442639521116,-1.5195565945665122,-1.6263028376649016,1
-5.391246231759584,1.5650291309452753,0.15080272962405727,0.4342359392005308,-1.1229164036316237,-4.385550210515751,0.028188283437192065,1.8861564247791631,0.3903397655234302,-0.2588399822453543,0
-3.3691459891300344,-0.46029216404065876,0.804623421652253,0.7616284641463872,-1.7301207337010567,-0.4540534078619779,0.07944509927277996,0.07460851228308352,-1.1661422065581517,-2.927976935104597,0
1.3048507303521562,-2.210711146500605,-1.2431792832401731,-3.0932256749451623,-1.6244208068020978,-1.721519359146773,0.6406443200098545,-1.3874862189587596,-4.834162660908611,-0.8131833335021993,0
-0.8073545019191014,-3.8357361188125036,3.5742447798473576,-1.5103297694143012,-0.6146344335268032,-0.67598703120147,-1.088517221534,0.471273554794138,-2.2220112969870707,-0.34437162979394953,0
-5.209335233076534,3.1411515070135447,0.1735090423682415,0.37582710450730256,0.06596158529496754,-3.509492022680766,-1.8665676828303954,-0.23668925595114632,1.5917501172162303,-3.0636845193921456,0
-0.7783647199593521,4.413646627132734,-2.17145036884332,0.3528080003331323,1.1626619077485556,-2.6962911416168724,0.1349742885508641,-0.9491906235210128,3.9627499043647814,1.270466366334004,1
0.20223398306644277,-0.5512361130504722,-1.2460837371380977,-1.2112181983000634,-1.7903366174193216,1.5470398298264882,-0.8143183987396746,-1.0846661517922878,-1.609274170099762,-1.8466022008646594,0
-0.5124465168547438,-1.0362051326670836,0.2838035805207547,0.0976081411277479,-1.466488550620421,0.6810763182135546,-0.9026197913712333,-0.4802811603013022,-0.5750550447373707,-0.7542964591524334,0
1.266186892105637,1.8495754004025873,-1.5053334209425373,-0.012008236636839758,0.8746243532812399,-0.11460107966878141,0.2898532048768381,-3.733481304766318,-0.2079424169037758,-3.4598332638409395,0
-0.8906487914125705,-1.6298515347849845,-0.3782514661391104,0.8283374677817912,-2.0069325167081753,-2.261407414485692,0.1945510073683852,-0.46247925991882877,-3.069993951452025,-0.47037717673680524,0
-1.2466995375615721,-0.2209638033347816,0.9086139580081176,-1.3949888985806513,0.8129117079964256,1.4200636987643125,1.789088982933061,1.766565934118689,-1.2777463697840332,-2.003771274455228,1
-0.7350166878796617,-3.492199751044819,2.641592871646509,2.064494389843675,-0.9032054285426447,1.6834887098173494,0.663803578706365,1.9465655882402617,-2.2735352332640204,-0.3313603366658546,0
-0.5903464701380602,0.8529254104926003,-2.2239522660837925,-1.0623345243377478,-1.6430793048954757,-1.194058266392732,0.4165918665041686,-0.3635652145734811,-0.5972027263308882,0.2720151098310999,0
-3.275107700860018,-2.688242880452941,2.2321860726593212,-0.9226578080015512,-2.358301196959828,-1.4369609635794391,-1.2080303881184848,1.606054171845987,-1.7435791244479963,-0.11152490730315556,0
0.24871923121346612,-2.115833384610561,-1.0717920353449204,0.049413485699647076,-2.583330798351639,-0.9158466473287094,-0.41069299586421504,-1.620801356515864,-4.106644698699787,-1.6152287125961344,0
-1.2540231339204122,-1.4383903493871566,0.6976197387232645,1.6021312185392342,-1.1159310070229325,1.6706880771169883,1.9272667277418754,0.9343219179925492,-1.9941560931558762,-2.020395447390302,0
-0.6085914423119688,-1.9617593686563892,0.69481566720506,-1.7757582898062534,-2.1247373238202254,-0.6416243430656414,0.3715639063567994,-1.4792029854923578,-1.516827410327101,-1.0155464421436722,0
1.4601815660207738,-1.1532633632462868,1.853371250761495,-0.4688053252108123,1.4230699040163803,0.5945529019846052,-0.3586146001587534,0.38259969609570255,0.7522276667712195,1.446463564741976,1
-2.2409167328165918,-0.763734118966692,0.401129211010407,-1.7052889346140854,-1.2209360063864556,-2.0619660847551007,1.153033415512948,0.24789262896136122,-1.9615413044456416,-1.2561850416010898,0
0.7627439855982961,0.019002837494267164,-2.335420309586766,0.46002750110360247,-1.5253402626489354,-0.09911817492714081,-0.3364098692938567,0.9568668399431601,-0.779414203981817,2.305290733279565,0
-1.0059550231185292,-1.728835581982939,0.38987124932208583,1.6512339717068583,-2.268438597389573,1.4661319412800855,3.0382816136218285,0.40147384785110873,-1.113147469722689,-0.664685081877467,0
1.041948456754591,-2.0334444000668648,-1.2312396989813874,0.4299742302266078,-2.516066380209493,0.8306781442896669,0.6116695080985893,-0.19311502949936232,-2.492727722468838,0.6273812336210414,0
-0.9353345510368817,0.9821520785061723,-1.1092958390959864,-0.8656465445783166,0.34516349701483473,4.468745550024483,1.7264563718786883,3.745838116784009,-0.49907348747976255,-1.148001387871908,0
0.26718841374611435,0.8275627690552146,-1.8992920894900671,0.35755864573026036,-0.9665234055584584,-0.8887432166232478,-1.9165916687190976,-2.3967635660752666,-1.1419044787181605,-1.9116194238156754,0
-0.7634221185812117,-3.4212073380032977,1.944228736120593,-0.5450508044162853,-1.8667445955363255,3.346083847181471,-1.0420678235311058,2.1083091927036195,-1.9962167011930232,-0.5266825368991829,0
-1.6583168950170961,0.8061594294933759,-0.7437188643982937,1.6544919295549054,-0.2963541770226614,1.906635920639554,1.5019385487984669,1.5409958518323323,-0.9037203665857466,-2.2349336985632444,0
-4.174881194789125,3.5375522893275275,-0.35510455731575197,-0.9968741191528923,0.7076039511916825,-4.489330676481436,0.6224273795277628,-0.4705572705935198,1.8196937665758366,-1.8253644430181857,0
2.507419494230899,1.8764116340165484,-1.6482888721786875,-0.5670333405086315,1.8841651390322314,3.531855967903709,-0.28141307792445,-0.42637607795485954,0.8937619597639337,-1.1321696416872284,1
0.6141947174965207,3.9951131036414647,-2.408747182384736,-0.9006397479781205,2.442244386025184,-1.4222716598107246,-0.7202799841208976,-0.16476631503752004,1.992999497685294,0.4884007635805713,1
1.8440856300686812,-1.08824337430018,-1.20225000538716,0.94469887183947,-1.2462756329731541,0.39207827496442293,1.406069279769642,-3.6203767182062285,-2.921304431187,-3.033753672288407,0
0.6327452817171098,3.9503829636106174,-2.1375613132218723,0.9625882139842246,3.2995416734428327,-0.17426916963482664,-0.7201880116760442,1.1300240778162076,1.3705743410175728,-0.06604006932803275,1
2.2350971941270372,-0.6997983008944237,-1.5153837103813497,0.13147742249666883,0.5299345534558088,0.8538002194767196,0.029180660677674677,1.4972373162538049,-2.5853005896336603,1.260029199730177,1
-1.9241324330647778,1.7362301274979333,-0.2989079174863447,-1.9575962938105422,0.7682221753275957,0.3912051017964404,0.09805548991963844,2.0117827376177773,0.8697654272649773,-0.5834514721873295,1
1.0041861817129543,0.7010673495746995,-0.9060093519699314,-2.404518384606314,2.685513053820559,1.813013890990435,-0.23033953910050364,3.6475753681926535,-2.208705468954248,-0.029534031822083362,1
1.3623747253680227,-1.089542622420391,-1.9953034511084815,0.3083516207661589,-2.538291918954619,0.41196516827761487,-0.8517995170386238,-0.45074063385844054,-1.087810818720958,1.8622450027749196,0
0.9445217652264466,-5.1857189600591465,4.337985266082847,-0.7522096843169965,-0.19888281920293016,-1.7391570374112995,-0.24540239258725827,-1.0449941741357853,-3.1187423623620867,0.13216793536018812,0
-0.3173999401486336,-4.3862957734347745,3.6505112206163512,-0.37660474394153076,-1.1865925465454403,-1.3695664730323296,-0.08740170969117815,-0.904833042857967,-2.4153046106377927,-0.365661587776017,0
-0.05967977577548238,-0.10815854381340217,-0.3624333358882743,0.7758439470699247,0.7876524420674349,4.788811164802777,-0.33435182631395055,3.7235120785856064,-1.4562430727341529,-1.1986668453831235,0
-1.0350258000594736,-0.437987596947098,-0.025332272231648023,-0.31822756475115965,-0.7654576296521656,2.196067042717954,-0.2758983942588769,1.4868517836698492,-0.9151419479069559,-1.2329307371785816,0
-2.0283468797701634,0.466278365051541,0.9105733152196946,1.0035048624164156,1.6772847322704352,1.5100030769756803,-2.6285211403979574,3.09468070822691,-1.506134010100511,-2.468411087719974,0
-2.511749313576456,-1.8432817052897785,1.5056712496900442,0.11586677940108789,-2.14651878373355,-0.19019726020443728,-0.7760573868428163,0.025176907213962485,-1.3588050950356343,-1.7856697903800334,0
0.42797286088322994,-0.010299100486587514,-0.6648719090291654,2.253935916294241,0.6399393345392479,1.0973771003286863,1.2327842721366802,2.6656187133883207,-0.8938956196231462,1.3269055887159316,1
2.8689078273300734,-1.7894886345309382,-0.4744891462232772,0.7605704570265487,0.3970630875125961,0.9526605535661317,0.03340386820833625,0.4514963623653362,-2.577984977254488,1.1565752460135421,1
-1.7324183577320889,0.578603231472707,-0.6348796207822451,-0.403032964634577,-0.9102684131867229,-3.2542038929282193,-0.27476529233819436,-1.364791162067553,-1.1329183473657523,-1.3886334878921565,0
2.9994080765141478,-1.7313148345196523,-0.7711162888211831,0.4514238187962298,-0.5353794269256691,1.7990993366724486,0.3282355661602549,0.38058896110097373,-1.1502882468208406,2.3052077257749333,1
-3.9374795180735576,2.209713327721841,-0.5910899693438443,0.548978464203705,-1.0047419667909459,0.2078058493426992,0.956417206592696,0.9540103550133472,1.3524251770526727,-2.3108012926017363,0
-1.0660345949779229,1.6658250465726894,-0.21518599943910244,1.05662319752048,0.3995456723404547,-1.184511219459796,1.8537882593390969,-2.3464658329864716,0.6491379534485056,-2.875046370867313,0
0.3126343917250841,-3.3775759367912714,1.509672424546778,-0.5371064154133834,-1.7290047195006486,1.9376658288230293,-1.0271644596879284,0.6812224056247232,-2.1297457085747236,-0.014059670638801647,0
-1.9733005665459469,-0.4947842939573611,0.6849507511255855,1.0021926538032544,-0.8116891868841936,1.0993703918608566,-0.5333589572203554,1.1880566511613784,-0.7594249414474048,-1.644374722203794,0
1.7667054424656725,-2.916631002167655,0.5832578344307682,-0.7377677306541011,-0.9676898936923317,3.3619814025720482,-1.1299202649946272,2.656889662790373,-1.2930479373387322,2.6146536477660933,1
0.7746745935866172,-2.4368080298573274,-0.43269220501327277,-0.6259847935034367,-2.3433344748600935,-1.0505132105711827,0.815922285832554,-2.6601346303478612,-3.7119211513060693,-1.7949258513590673,0
3.883515185394613,-2.433087954077654,2.8728850580293184,-0.3044852815097398,2.0858535436525063,4.080633433508932,-0.8583875339011758,-1.0586148353122702,0.6573027201005923,-0.01338071680246622,1
2.8040831881227772,-0.00400273864864929,-1.81879227563341,0.6404855636689628,1.51167988780676,1.7297900278725076,1.2662546961783114,1.7662806206321178,-2.3411229876158313,0.9273556538584558,1
-2.655266784092623,2.0649048093184743,-1.087900734214192,-0.9933545184333761,-0.9581113638281774,-1.406871002696522,-0.9892623693210745,-0.9585856157731772,0.760253775249434,-2.160812216891146,0
1.4663325694723124,4.539052517012716,-3.0223556779615848,1.7113005153104637,4.069470242002046,-0.8727525261577194,-2.013998321584507,0.41807247122487745,0.3485625740670939,-0.786119944499698,1
1.9555777571293123,-0.9174323489233489,-0.8226412688789816,-0.7996015749461614,-0.70569203669214,2.0616743416971666,1.530094463673149,1.213490381049084,0.2810663404228053,2.8214722656556113,1
-3.0164813508210435,3.968844933526755,-1.9430962565012722,-0.45394154722152685,0.035025307922093685,-3.940559594441261,-0.3372789695314452,-2.1557677771470116,1.3314610055092562,-2.658605784243445,0
1.498010998729245,0.6074559209495208,-0.904705501057171,1.395033140120689,0.9801702952361706,-0.8298758588436288,1.3899538176810096,-0.43489137341551043,-0.1744113043381439,0.8692126113414946,1
1.6393986455769514,0.29435870056670677,-1.8922501255008293,0.15478120400977172,-0.6034865499760571,-0.5755010985223278,-1.0021383780898518,-1.9717473737900546,-1.0254289201863103,-0.2286843133597748,0
2.3225092614175513,-3.43449271926046,-2.806270348419451,-0.741693998889114,-4.626762710057978,-0.9250504005116256,1.115706621760084,-0.0034884008436428804,-3.776913196703814,4.198021294427292,0
-2.0243484008900423,-0.5039926265463371,0.5382298241534259,-0.1658000181030098,-1.3959271146373913,0.8137971915344342,0.05592066092321825,0.6904237337860277,-0.27432946923736434,-1.25725663146662,0
-0.6276604812606972,0.4216650718013403,-0.9721555369896933,0.7304988302637498,-0.897044827467973,0.7115163541683216,2.485031975996529,0.6782632416097569,-0.02585467815218201,-0.012702553868529698,0
-1.8438227826569997,-0.7568141160554662,1.6999258734312148,-0.31633419323983175,-0.17233986866197215,-1.6507452603815533,-1.0018031671930638,-0.2209039692986572,-0.5584316489074865,-1.2355186737853765,0
2.609858340420835,-1.1227482201666468,-2.2823617355902828,0.8157743533853581,-1.7383514100322492,1.404666827731905,0.7158824596360679,-1.526130795488403,-2.338034769002493,-0.0035748511665469884,0
-4.476382177169561,0.03876284380296979,1.235333959223932,0.817206517497548,-1.656435227969356,0.852053666905995,-1.4035583444732629,2.488473065500924,0.7154782973948537,-1.360221840150451,0
2.3387568503494833,-3.1771743853878567,0.44254504824665,-1.2684591209227711,0.05573851409676456,3.2498234765931655,-0.9376767167248709,3.0972717402228733,-3.3552088735453203,1.613705000058848,1
2.4838328889943124,-0.35111034866021795,0.8334503819575478,0.02734299427089362,1.2395852995284284,2.7411461800298245,-0.8750274215974253,-0.6379266408206317,1.729682263977733,0.7127249079966604,1
1.443756196244193,-0.1783971070946982,-0.21775154689918286,-1.1234570071594123,1.147135634397761,1.1590117902675703,-1.4435884494127649,1.3313568458683152,-0.4840843006361133,1.0496686629633394,1
-1.2626043560553375,-3.457453400674566,2.705779179115649,-0.9987968750056726,-2.0844866759952376,-1.7961705711596925,-1.3520364270678293,-1.2703379698798787,-1.8229103360312615,-0.6453328017118771,0
-1.7308204594742687,1.624991631129797,-0.37983079032272293,0.6859003580842945,1.0145642622144144,1.9207247052764767,-1.1151034521867482,1.781670731489149,-0.23943957953872985,-2.633377419471824,1
2.5306168544948298,-2.7608557766831843,-0.5514129551268347,0.6193173095995895,-1.2588926854061566,3.568577626637787,0.04424177539385089,2.610792618425975,-1.8738015510026025,2.9899232094853403,1
-1.113119081584683,2.9900689042181967,-1.6491770457152581,1.0256262778082705,0.6077821222948303,-0.9933258850505869,-0.49100397512432625,-1.5153221456121218,0.9930074830395363,-2.387245892700826,0
0.15340532548759528,0.5297185707159542,-1.070358911833297,0.6105642983892529,-0.3861263343020257,-0.9225605828185128,-0.49841432180746315,-1.3564844752438425,-0.7199809864308333,-0.9622147793479454,0
1.6904524194090282,-3.6929116040335557,1.182848108963389,-0.4637576947995197,-0.910651428784644,5.366441099585741,-0.9449562707797498,3.1288635314315547,-2.387229566541746,0.933009051476243,0
-2.8526190464009695,-0.04172484771179083,0.7251644756591762,-1.8418395745742793,-1.4560262817637661,-2.9032025058056385,-0.5354062587449706,-1.806972001242788,-0.5981307064397532,-2.417432758854881,0
-1.2710380292628003,-1.0425102641695592,0.16453364865706066,0.4276363255523683,-1.3377364625056891,0.7166537306677061,-0.23578831826070276,0.0717200022467499,-2.084636392461224,-2.2577914670400614,0
1.4883688725227049,-1.190773479894775,1.4877643764127844,-0.7866936589316964,1.203137054660403,2.5754885648577814,0.08207327264957799,-0.5546065857317033,-0.6431377853789229,-1.7371643410062152,1
-1.7702259060932497,3.992549471818677,-2.5911090379635344,1.5507986150556912,0.43348864310000557,-1.2875569268243787,2.6084654482798135,-1.0592557887253933,1.2496925192262482,-2.353405180187306,0
-3.3884448891365486,1.3052665405926682,0.10715237954428303,-0.06175892369635511,-0.3215774098255978,-2.588043102594601,0.043144019640461675,-0.3542578326882898,-0.5177999281579818,-2.7358878431583804,0
-3.957175486653313,-1.0897456460915662,2.9564931856507086,-0.21980270560773324,-1.3944039695313926,-3.6960496170755444,0.4584725691988813,-0.3021598011361468,0.947753072024581,-0.21245707170862793,0
0.6160291211542699,-1.8866666970283121,1.6101177800537183,-0.35583493534946287,-0.04756028832826975,0.35881119186884003,1.5228617217029874,-1.4620987866488206,-1.4640252095549537,-1.7032703829796054,1
-1.6306233627047921,-1.1047031820541424,1.111478946029945,-0.5483756196343702,-0.48322281104973785,1.538300175658338,-1.557717116529638,1.1784417299414058,-1.7225364755735053,-2.3839410636192184,0
-3.9638427349698957,1.2930608197337985,-0.12711112012120362,-0.22342347274165192,-1.8193813490533808,0.09807693572419729,0.2535929416908065,0.6078432792652759,1.2266139135694472,-1.9685337704906485,0
-2.3377807556215826,2.3971647275336836,-0.0885204561006423,0.5831082674131879,0.5408072476630814,-1.8149215027850283,0.07719203356003806,-1.5905551788677876,1.3399286193253452,-2.8046067861988773,0
-4.295767054840055,2.4250990813137276,0.324932632470851,0.400641589041065,0.4173835768374592,-4.826300484615798,2.1734828299444775,-0.42486625357412644,0.6637530157392535,-2.101325387358613,0
-3.7269070290661617,-0.8924587094925833,1.4746646687506355,-1.056638214705522,-2.6288056693716007,-1.5644327582592168,0.7454614547455006,-0.6614022386788931,0.2357913600521837,-1.5631088795747847,0
1.6556259899812862,0.4476940111102264,-0.6144729269526279,-0.2166960864283521,1.6293517225930914,2.912641970923084,0.5157676015642436,-0.8417250637790112,-1.8400641208312547,-3.6100904691808777,1
-2.0736371797440585,-3.7932812664604767,3.710891033949911,-0.5651313717924064,-1.241247379875926,-0.313947636376783,1.2871810467060911,1.4263516558910496,-1.995492229231532,-0.4425671163478181,0
0.5443365276147986,-2.3788063321176574,-0.17960635362053778,0.7233175788890196,-2.402994181884233,0.40110528338979456,-0.40779237701059334,-1.5483516527066419,-2.6979383515387187,-1.1484685043001652,0
3.922147806035009,-0.4183581065303729,-0.8042146007017039,0.33723891250097726,2.340595235758995,1.8719541059615685,0.6418034518425058,0.11515601885756432,-1.9550113888916822,0.20756961371632365,1
3.153762522147954,0.48024357223527364,-1.5288334879365748,0.4310621293964528,1.9647868266361301,1.1126098848548887,-0.7756183088639343,0.2222774460681094,-1.365953492203866,0.4919547895565456,1
3.9134174845754424,0.9343918729806705,-2.658098235038003,1.435989124169071,1.061789836263314,0.49920459902352843,-1.4559650424346218,-1.2211055248620593,-0.47946444477551453,1.4454001706047561,1
0.04347476026728269,0.39521074017065033,0.5725318480030753,-1.7920493859434081,1.8035180768293226,2.5029429293670757,-0.5296113902524683,1.1543124847131225,-0.7532142368194896,-2.3636638543655177,1
2.027349726944782,-3.1731948944224047,2.408637132945711,-0.7922986835699833,0.6135343048415296,-0.4533857407279738,0.3210211625454386,-2.145630269205241,-2.6897465979814337,-1.35067463125642,1
-0.5736412978062985,-4.815894386329712,3.59437861135171,-0.3797257893254545,-1.5563008061520884,1.084921944251825,-1.1648085578602692,1.5595090590590681,-2.376549315262737,0.5146861879369977,0
0.21812360640619746,0.7162407836070368,-0.4155689602557524,-0.4850181730262778,2.342318221250082,3.8192356835936603,0.3398853097518809,3.9889676706055512,-1.5972124507305,-1.2639173143685605,0
3.97162340305594,-2.7275222994214388,2.297441722221978,0.6932893586946344,2.017113559772598,2.334482288215929,-0.4676929367310304,-1.9154991785940518,-1.6489833873245798,-1.1762588395005518,1
2.257200128792629,2.687343119536396,-2.507906628544834,-0.43562157875265417,2.9590347900696266,-0.12537642592432907,1.514144474772275,0.33359955339177083,-0.4778060858738774,0.0019403305680756322,1
-1.921069032608704,0.16392700029918622,1.610907302967198,-0.7089107249905889,1.2216075444789753,-2.0948032078755245,-0.8588602461456193,0.2096251895000355,-0.7258564503106335,-1.823075665507555,0
1.0355624214270314,1.242033401581724,-2.1172910464832473,-0.5141271781459458,-0.3698768394281263,0.1655634733110256,-0.04242403458324075,-3.6591253857158246,-1.3516036544298713,-3.7257420611335736,0
-1.2206135787406245,-1.663017083449159,1.1567813178782407,-0.18501087749855402,-0.9843384108236418,0.8158698013791096,-2.364515369855838,0.5678852362305181,-1.8287908497911414,-1.675928179908726,0
-0.2845934359986256,-1.2974251087184048,-0.19543292119319333,-1.1356864918090044,-1.3626574723430152,0.5452356746527358,0.6964829679167834,-1.5999865767640502,-3.07333285328252,-3.4160724067853203,0
-2.2304601639411397,-0.28698919531198136,1.7036297317702873,-0.7190047772250318,1.0079453095265185,0.39966839249282293,0.762733046131995,2.515419452115614,-0.8932693388867224,-1.44197895567342,0
-2.6599607034363717,0.6505806869433659,0.22257151046138746,1.3606112048522843,-1.500344319160299,-2.733640853639354,-0.52824629497982,-1.1928889042340503,0.9821513100226293,-0.6470814731467316,0
1.864085045560565,3.297783029804006,-2.948242471688874,-1.180435019885239,2.1114088919939498,-1.1977077944750585,0.6425498446805906,-0.7292517906577709,0.9032473998118928,0.6924472102760504,1
-3.1407080441205895,0.9427088648686127,-0.2478702692354361,0.474108001319148,-1.1623234766398693,-0.9362515355846259,-0.7179170301160287,0.9499817885633002,0.20548421978876075,-1.1151477652230004,0
-2.6594868943135856,-0.7888920558708908,1.5946637086777622,1.1172299977339137,-1.0639258644813363,-0.2661727187580216,0.5686345835629499,1.560352524232691,0.4776272718579009,0.08209750012904693,0
-2.309015520019672,-1.6498478728615114,1.3487001718255365,-1.458192484316987,-1.642121793850259,0.8905106382701089,-0.2741291970900085,1.3140863530081766,-1.276274319372779,-1.3214162406394114,0
-1.9046938275796268,3.238615395801007,-1.4370349948138317,1.8463965054124993,0.38229790848467005,-2.453559547937952,0.8059483887390206,-2.8331033035739037,0.8691589411451968,-3.575249736577579,0
1.0961813448030295,-3.701993401211503,1.616947900169123,0.791527736727773,-1.359418519778124,1.3990538948078646,0.5451761756309323,-0.7460163281307759,-3.1081446882383643,-1.1297450960137807,0
3.376795488809899,-0.7378390588905673,-0.7597521798565054,0.8242440547532551,1.5121393033790786,2.8131193953310705,-0.2307657051166103,1.212642189170741,-1.4442679139040728,1.0665900059929663,1
3.8287684146503027,-0.6192380719101526,-1.896108292133198,0.8305710134214074,-0.14491889158775773,0.6226696990459086,1.7720927508252486,-1.3082836115213898,-0.9288496838672826,1.9826645047197955,1
-4.736589680663284,3.434123057796847,0.3045817590034714,-0.5172167487091028,0.8141335186070469,-1.5944829834448633,-0.15768313220202998,0.46906072419703015,2.1543783983788254,-3.3023217131255707,0
-3.285307184731986,1.2983810189810214,0.6417345148896298,0.2849649151626972,0.1389094620514144,-1.314137104380697,-0.8895764849550238,0.5371229422342892,0.3611789322505954,-2.25419983821788,0
5.203012946218729,0.42282445657284856,-4.026833309885939,-0.4105653221238096,-0.12140288864631721,1.9301860485469886,-0.3623639558973486,-3.0119999188278745,-2.1720533341356347,-0.3165409929827483,0
3.3820972818098465,-1.7131486686059474,-0.8175500659849855,0.892102040446999,1.2268673772790677,2.6673397095575053,0.8763711898340235,2.0358571265124183,-3.4061766357050915,0.9532640724502399,1
-0.02733631876030729,-3.1867364458761145,1.9790871671667167,-1.4832689904484448,-1.1294657383169673,2.203453946965987,-0.1069827719544813,1.8086854323952113,-1.5438004171463924,0.5694709029107217,0
1.500553609758964,-0.902736397904758,0.5067794390574198,-0.8204484667720836,1.8781950461117738,1.4689189077928253,0.5391120652520308,1.292112198537784,-2.3551223102169976,-0.8609093060614943,0
-0.6302379303561134,-3.3488342230482524,3.6966920474115303,-0.2442994052640153,0.37871647478444315,-4.362418209227972,-0.32727515393919654,-1.6203341290347337,-2.9466810934630217,-1.0110911766312776,0
-1.6247613726849857,-1.1910281989663833,0.7952501143283839,0.2941458838891059,-1.1361997562582344,1.0101853514603227,0.7732612214201445,0.9977948050864709,-1.4307577336355575,-1.5248870022465486,0
-2.562525660132973,1.5202302109503951,-1.1173506894870893,0.2329886674814239,-0.630565974483207,-2.140168224171311,0.18323909579899972,0.7011021074448731,-0.37520042410664145,-0.805111706336384,0
3.15346096143881,-2.0218839747223365,0.03917964201202073,0.8064772299231251,1.4806551771915835,3.7067961178541906,-2.103049516869974,2.6660837458576676,-2.862113681971364,0.9224727198030508,1
-0.382376427281372,-2.0348360241097345,0.5832823337129704,0.6868734189721679,-1.7472527503183275,2.150884018587329,0.7970167048338735,-0.4524539878260554,-2.237428582390938,-2.4383665226378355,0
0.27543371493538527,-1.2611207327381058,0.20744933368836604,0.2620834147001496,0.16441746175575822,1.73231669807165,0.7773128872858522,3.2285957947132555,-1.4794057757948835,1.4420741685846505,1
-0.8405712488706109,-4.3010417230665,3.2770935509453647,1.8871059829532455,-1.0587659318573923,1.3508520354829403,0.08122792409576554,1.782561493680575,-3.010157095339899,-0.6502306250720717,0
-2.239806835959293,-1.2227223872782251,0.847986352279418,-1.5903009014295166,-1.5229196622179935,-3.1558393364233526,0.32464790491986023,-0.9789813543831405,-2.1643041113988577,-1.5899278381314386,0
-1.2024070658513248,-1.3819841116382645,0.24472558330661753,-1.5406697256914184,-1.8953807831052027,-1.4095053586168893,0.8305306044184286,-1.6328298412378977,-2.337158537785781,-2.177601491270809,0
1.859686770853482,-0.1866759815223491,-2.535965155337106,-1.345413674383331,-1.580277737233843,1.1347471258630297,0.6588277771404029,-1.823694714881642,-1.8577731500139314,-0.8937284551005737,0
3.6089776672421636,0.9499697451325559,-5.159946453093728,0.7752730116603032,-1.4418408314423323,0.29162249992631706,-0.33182005249077484,-1.9389271207744265,-2.3935840338223286,0.758652147298259,0
-1.6123868337614258,1.3454259526158134,-1.519494469493273,1.0915675392244895,-0.5921146181463917,3.2180864199516184,-0.606868016044455,2.213916228787156,-0.32542426121416956,-1.9059156602941987,0
-5.044194828747716,2.6158816521080253,0.30020465848625033,-0.17748080150141446,-0.3046029567657518,-2.620962583076384,-2.026023448476509,-0.03803402493841945,1.3606560203125841,-3.1107455304435305,0
0.07066182642546581,3.20655685946449,-3.759377361935675,0.5369495710876008,-0.21867131386629812,0.005939793847152153,-0.22394891762274788,-0.8453480059255334,0.26482714256264384,-1.1437593000111108,0
-2.9728870476413283,1.6091440908069916,-2.0338097864394418,1.0454725004660728,-2.037514198799475,2.9178940475743644,0.11267934624906932,1.0530672255846205,-0.6930776478836072,-3.743220919668138,0
2.0525302598491852,-0.6610601278736367,-2.8213108082567544,-1.5567608661172252,-1.728945760255416,1.831763881181117,1.1009609483626293,0.1409873398799497,-2.293619753070404,0.7062411509608748,0
-2.262173792702282,-0.7806599589080352,1.3476825223281257,0.18483288835909284,-0.5711724361912273,0.8395868993894048,1.190538984372787,2.508739514257425,-0.09147259238306082,-0.03962675232684232,0
-0.7149498221531511,-1.9821063975225754,0.9982444648346721,-0.3270076626519062,-1.7881332041148683,0.9786833833611954,-0.49009446006628976,0.5487401021494404,-0.7092970963752893,0.18117380286534224,0
0.03555050499659522,-2.007144291882559,-0.3442561787607944,-1.334509072112128,-2.300926152367171,-1.4358124060862834,-0.09327458381690193,-0.8957759305142048,-2.3691902577392483,0.3300949142129188,0
0.6400656031873767,0.8015284454618157,-1.7191360922209182,-0.9110169899875991,-0.151801551252585,-1.6012484067532116,0.7198805836570012,-2.794791528974168,-1.9950387593250787,-2.578830983976295,0
3.0002614047385547,-2.367306151345225,-0.2054344659833528,-1.4480832081439898,0.005153774634992114,2.1503043382646023,1.684037627431329,1.0824442077734646,-2.4041811708768965,1.62295036330343,1
3.067470600195836,2.754597948403074,-2.6942718220235333,0.6008844488414041,2.4363458830365827,0.9289656535744564,0.3129581254362489,-0.47221309734450156,1.0379169354925044,0.797864676795154,1
-2.019805663780012,0.03423170887472528,1.0881243887007113,0.7127245694093065,0.3142562240995601,-2.0236007737304664,0.21850758604612067,-0.6933012115583099,-1.2532332919282692,-2.660770454172712,1
-2.1137908024482157,-0.5889354054856232,-0.5787407859779234,-1.8682538313455035,-2.3012938935833445,-0.7154382107602862,0.50493095461181,1.0388721235095444,-1.1523531801865698,0.028590304944257072,0
0.8652442792798838,-1.767623757929696,-1.2972830902460957,0.08321303627211424,-1.6137820027486294,-2.818955083489144,2.1808201187667766,-1.8944622079703868,-4.5205911782217285,-0.9174743276366747,0
0.7232708011824697,2.1206474675664695,-1.574023575415926,0.5355541388113065,1.511185016013842,1.141858298562695,0.7257083669974165,1.7724325486795736,1.3580550652092205,1.3447699920044103,1
-5.700617134921679,2.8382658321738985,-0.8419579636189947,1.09223944190075,-1.9605536414504212,-0.07394517808424905,-0.5501448983483982,1.678088557351004,2.2011444785245944,-2.188283274141652,0
-1.2743633365433609,-1.8317170306266124,1.156916462823656,1.8476397080256943,-1.0168348237872404,0.8056059669646964,0.267968799210738,1.0071425931491313,-2.09013228149817,-1.4176148148715668,0
-3.347961116539565,1.8483356765320222,-0.0005817492039286165,-1.6999798066243463,-0.4024587367261767,-1.8204137036054608,-0.07254661527351064,-1.5705327158163438,0.23269384369110258,-3.968158012361026,0
-3.020886850440385,1.279982125185672,0.1611303486064447,-1.950170784524399,-0.32228449577006957,-0.7087893189903218,-0.7406672366491165,0.3978874040299306,0.3208186694280246,-2.2471292565532597,0
2.363511466896472,-0.03995097857651794,-0.9432780507001283,0.5594911292088945,2.3560078183306032,2.1649769323306973,1.0837633102609736,2.4550166008485075,-2.3870022612132296,0.2544618213740526,1
0.5443887512392468,0.9878952443352573,-2.5896581623892985,0.12349593100007242,-0.6163956886245587,-1.2219275365533115,0.7357930539797147,-0.7157880641088907,-1.606216566656622,-0.2802341576186341,0
-2.7517996118579076,1.0400034704179977,-0.12247575874159056,0.8421578363798933,-0.7161719879664565,0.908186388902778,1.7002886422979921,1.9209699941059948,0.8300579048053907,-0.8384260917017239,0
2.442245067387633,-1.736339761865667,1.7132907417404062,0.6945956590694305,1.0871828382734436,1.8682566264960154,-1.0980233089577194,-1.1692731219330779,-0.17364734556890127,-0.2765715359116292,1
0.8486472304746564,-0.9109056244844504,0.49030422578243393,-0.6783662131920524,0.6582158681666095,-0.14092712869044566,-0.5003528928247095,-1.1202931928487325,-2.1557027055536273,-1.9478128019811942,1
0.3131561279457561,-0.6385828426030027,-0.31303788355687345,-0.4103623197483505,-1.262323622484265,0.03727436212466673,-1.13439053537121,-1.9794445290642346,-0.7600616241233158,-1.2818174219598646,0
-3.116900213995586,1.590217771766451,0.09035135813287565,0.8447411111234174,-0.10268063850194709,-0.9772455557904269,1.352042368665138,0.6268080387662543,0.6397606962924982,-1.9092745938158608,0
-0.3222819283810354,-2.3072491522370164,1.0183600778443165,1.77088220766044,-0.6988255447827214,3.0180682327750237,0.17405603934302077,1.6320175216687918,-2.9299808865893198,-2.0090725544869983,0
-3.2042609990191084,-1.8857191495159347,1.833910945003689,-0.10117671227742496,-2.5461319663314246,-0.4937555762884027,-0.13215089013486142,0.4974888222186509,-0.6290775663972425,-1.0384524801470003,0
2.3460349144628654,-3.2007410096178393,-1.0737264404982378,-0.927273418395512,-3.0395748672971106,0.05980263933346408,-1.9664630623052528,-1.1482690093740064,-2.8371929568402274,1.971634702477632,0
2.4307088594903594,3.415317633141991,-2.4251530739220923,0.6747004152022378,3.665592229499377,0.6145960923820968,1.9239459459299184,0.31662581943854007,0.6101939730450259,-0.15808071056717932,1
4.585455428825834,-2.4868296373166143,-2.643697222303506,0.39633816166012553,-1.9538572600551414,0.3842323042431386,0.13840572480730834,-1.644138659265924,-3.5794759152361597,2.2740073497104163,0
2.294201846311865,-0.5791817577332119,-2.2678586229396944,0.951822053051617,-1.4554064595385057,-0.9035287888083179,-0.07318170254100276,-1.6939497643522077,-1.5263751976775246,1.3836078676489558,0
1.3399154265803876,0.2528355154043043,-1.3807754214763432,-0.394047285397147,-0.7320192787593012,0.9631928754463863,0.25799579679164625,-2.7856444076488174,-0.8112523561036048,-2.2019043946599677,0
2.0788036135832035,1.3406106983071369,-0.936774736069257,0.8693291040462117,2.172494159975849,2.0174764412422106,-1.8547864514608354,1.026311577256738,0.8694767869283047,0.8348324892546989,1
-2.6270939686451675,1.3916495336557604,0.13055564557975807,-0.1893004695695063,0.22839018589265847,-2.092495362752486,1.669275097223265,-0.9261610570676554,-0.519763431933891,-3.21040896934719,0
-2.969381146857692,-2.0906008722973874,3.650079147730716,1.9116638854577725,-0.663821675456933,-3.8999715102266523,1.1994974507251512,-0.8726361847304989,-0.5466108535887367,-0.9417604683290841,0
-5.894527083095308,1.5131523969634777,0.5903825696588263,-1.0080220616666766,-1.4295722571430596,-4.7322656034047705,-0.35854949963841176,1.0305483207255812,0.6898524448940315,-1.001892907486009,0
2.8280839740689734,-1.776194292681301,-1.1078548769118388,-0.4028738354023735,-1.3225911631283547,0.6028622221360513,-1.4792152544449093,-2.2240985454060604,-2.164774956034462,0.08148007438660532,0
-2.859030837595754,-3.656292761135245,2.8130763592656156,-1.9310614920340123,-3.4060877115467423,0.6123144783850965,0.8899500960760867,1.0410350395681933,-0.9713883636235768,-0.17536095144189456,0
-0.9919530011822045,-5.409451086108806,4.141648538471694,-0.7221348703287477,-2.0022797881531056,-1.560009420885855,1.4099875116161396,-0.6767189475086939,-3.4988532066105185,-0.7838645433043596,0
-0.9248955567135665,-1.539323286429206,-0.559807651045444,-0.5478328533149631,-2.1148652767103586,-2.86046002914766,-1.2812849199958405,0.16629823971749214,-2.6123477367470764,0.9396983657678657,0
-0.2547636777273751,0.2738309335956021,0.37533633703130476,0.14007845553686568,0.14796813264723252,0.20140491311816644,-0.14053052784437825,0.2638677143041388,1.1727694819170171,0.5621948982320772,1
-0.2234939732309794,-4.448736793936143,3.0006235817037883,-1.0654417395505857,-1.603824466635352,0.032295900416115186,0.6638931260961353,-0.08675133884259112,-2.9281654254217044,-0.4988883986090017,0
6.063817794702746,-4.871913380116337,2.5204717749721324,-0.01573838216868779,1.5190893964817382,0.47034594446978595,0.7882799691310772,-5.072071023701691,-4.704211326616383,-2.260386404400096,1
3.512764132795711,0.5155696866691518,-2.5823673499141453,-0.7674032721677975,-0.20879708132627228,1.2132040367574541,0.373335538703272,-0.8044070886192896,0.5972899679637305,2.665503892056446,1
-1.6383208698788927,-2.5224129733040366,0.11263525130874874,-0.9046513091101898,-3.726204752277123,0.7005741567495001,0.9529452607116164,1.0045136979694744,-1.7099526833897072,0.48177909491496007,0
-4.413978299977876,0.8717722677801426,1.5673792443701413,-0.5755536889079905,-0.31846409519816676,-2.657833401210816,-1.217522832410118,-0.4141030451512553,0.13376757236122927,-3.2970938429675862,0
4.359578816303163,-0.9453637593345999,-2.3421244855513645,1.0943947849462095,0.21845197480008682,2.1254503452084252,0.871576502298157,0.3053820386244843,-2.1744977606897558,2.0625263268596687,1
-2.4405447474174498,0.08730756343426252,0.010419015958425648,-0.05252510169935318,-1.4107034032276395,-1.330057706592362,-0.6265133315848681,0.4872238177861692,-0.2731786851238377,-0.5466506750210021,0
2.662119819676406,-0.9172999710818829,1.3068049455768493,2.291959326935979,1.4269335504568685,1.7437142880898717,-1.1969374119716447,-0.48206369126193094,1.3595753838158844,1.4855545473927774,1
-5.441986567640872,2.934435705257272,-1.5538306767666787,0.01248070548593954,-2.548893821232898,0.15017415471471207,0.3429843413591068,1.0436017884673843,1.9380221231434782,-2.531586817385786,0
-1.6356538560352918,0.7425581157968737,0.21263705712637782,-1.6623265829286873,-0.7689912927120686,-1.7748089605563935,-0.22686642700063117,-2.6176534742935367,0.378116752653862,-2.59065637271351,0
1.9938257547282199,0.9290499264334494,-1.5135555221453045,1.0261424032359665,1.0282390120612832,1.2804679309214508,2.566941237529476,0.7884006464288384,0.40018184745619023,1.5120405346155437,1
-0.19409737980595584,0.9426126039148698,0.14325492658680272,0.17470964863067906,0.6511227026078352,1.2567585402091932,0.33292272460297095,0.968986947433498,1.9194988875684467,0.6860296536923318,1
-1.0981125536240157,-1.9931507427242674,1.059239491876798,0.6746715356076624,-2.0187121067167206,1.1232010825363643,-1.010225929052133,0.5095221590345943,-0.7818003128363356,-0.27874165775263593,0
-1.8852911504203862,-0.2650978114380311,1.0274227983642688,-1.6688667501940821,-0.13643992363489443,0.6298740867413419,0.13302073809059622,1.619930628822684,-0.1410493745149567,-0.8200004058873744,0
1.854020146353989,0.3110962836524297,-2.0683026465666092,-0.2109724946124373,-0.934364660644296,0.04212355624436315,0.03782522791170415,-2.2298873174778695,-0.6212254959538117,-0.16906639131664192,0
-1.421767295630981,-1.0677774450083426,0.9812724015895393,0.5136373890002042,-0.23125743384195308,2.6589530490114512,0.26402244899635335,2.2132378502540275,-1.6656563088185607,-2.016504246817636,0
-1.7183853410085306,-0.7571606455695059,1.4782797466862811,-0.17248688417393548,-0.5287476529558154,-2.0176327821232922,-0.29932697329588437,-0.03578071882877176,0.0037100565934997665,-0.00015200334008702576,0
-0.22364169554152785,3.3022717547084572,-1.7937527154694983,-1.4758537227364112,1.3477382474481607,-1.5734203176121038,-0.8745485241490512,-1.9780403879421435,1.2907083094333092,-1.8137226748703332,0
1.410463077949501,0.31339487268588784,-0.027163077496502597,-1.2142368595979316,1.8447718405221543,1.6753109161210404,0.6930110164251835,0.0029944043221277195,-0.9208907335648978,-1.5898897879812428,1
3.542556781361388,0.02653937952856303,-3.524326523049785,0.4166211860707552,-1.8307368747613055,1.9898780451419555,-0.663980279708462,-2.3105803039951858,-0.8338342196534048,0.7450701737533327,0
1.9342265380280812,1.0287027953251824,-0.785432364031821,-1.1717453016462986,2.2193025518972993,1.7838988050407,0.1558906283815874,-0.04368535591494904,-0.640776966672624,-1.333874791147761,1
0.29272351446683414,0.43554965559341197,-1.9558138819215785,-0.31213041252544454,-1.5351769546065601,-1.1039717673438743,0.12186318356926855,-1.7107336434011136,-0.7843653912073341,-0.3087508948255908,0
1.3872098859397408,0.7897002491132579,-1.6376973802559733,-0.7838842022602973,-0.6158267080912478,2.2900366745846146,-0.002970312322155687,-3.4341056906881766,-0.5979262613362542,-3.7679379324149482,0
0.844661122083339,1.3861447071511837,-1.7959836381987453,0.2015196711487438,1.17191926165845,1.1829083266078237,-0.06086917221623043,2.479350893442967,-0.0850305747922171,1.4796761164688335,1
-1.8464610170499864,-0.09896519360490556,-1.1160832453894214,-0.2108453427258072,-1.7800747522444085,4.503627387281046,0.9802789911093779,2.7785090285960994,-1.4147765174664215,-2.191912344130165,0
1.456930408979577,-1.4386810122480607,0.11321467524714102,-0.20224524385042006,0.6924555666433165,2.4997548499581708,0.430442703809069,2.831477312035367,-1.7720852187244185,1.2731605081489337,1
-0.21967551120323142,0.3054715166366066,-1.3211135516515946,-0.599774369181513,-0.9707413809931499,-0.3428764196501577,-0.36424132290427624,0.47199273333998093,-0.3957048155273303,0.7590542868453434,0
-0.3944503499687681,-4.485820303725633,2.358680808800398,0.706902280626921,-2.4076127275328623,1.6043193193319483,0.756540787187405,0.8107371139841647,-2.947269930111892,-0.34306991631232164,0
1.8127075032438686,-1.1603164079753643,-1.92739074551137,-0.08633643459975261,-2.1225750497246008,0.391623908494511,0.13338350848658456,-0.8988025149292975,-1.5294808044991868,1.3274653479080456,0
2.450878909394792,-1.0807656901150737,-0.6385419278905764,0.4478218764980041,1.9914623468627828,1.2057668757465505,-2.019285517078612,2.0878929015661383,-3.9303288463346178,-0.033347205068954056,1
0.42202496046943294,-4.147140138586003,1.9149400741700706,-1.3929326375886175,-2.0652077645867415,2.0223637965216312,-0.5954904068068536,0.27953983075577105,-2.80262953121823,-0.4703485068266463,0
-1.2848047015068749,0.37979708040010984,-2.1885239840216437,0.21476649160079223,-2.2206126807611217,-2.9016620493977143,1.7171191539945574,0.6587284597081964,-0.9901246221113352,1.930365151183155,1
-1.1108960899949558,-0.8045971844729244,0.3024107020175504,-1.262850240148433,-1.198832079091119,2.688735658433945,0.14730521396844534,2.259257648483179,-0.017510654528641423,0.1598976146789981,0
0.4886750293777065,-0.27454029182595263,-1.7972692726663126,1.4299611867896778,-1.4416896884511188,0.006236149318756601,-0.06918461973283323,-0.9517862751354632,-2.109541526430121,-0.9878310472455307,0
0.1234162445147213,-2.5009713691059,1.86080468215092,1.056258453447951,-0.3027827036227324,0.5624103384425422,-0.7361867100886195,0.6367276071358577,-1.7201669553084162,-0.14145246001230316,0
-1.290599972387946,0.20800945523777692,-0.09065480455196973,1.098382329397317,-0.6452253846218035,-1.6234218550780146,-0.520215025894754,-1.4299741391156262,-0.9943236869045162,-2.0966053596449665,0
-0.9104993267815085,-1.9294405022218861,1.30148902902015,-1.6127403690511788,-1.3529523457212482,-0.2598629694357175,0.33724146150320805,-1.247406341186735,-1.9229862181754258,-2.197806499677511,0
-2.7695650039148245,3.135500017919813,-0.5233859912989313,0.9436849698038882,0.7285459121918347,-2.719411657752951,-0.0648797329702767,-1.047597249073004,1.8341011766932622,-2.015816147787179,0
-1.6232193807808686,-0.5391735628776311,1.425748819377546,0.6249100884688427,0.6211808378205186,0.995811542914356,-2.3193981398964385,2.5020295676480773,-0.6422435501965035,-0.7058277240309828,0
-2.5743281043876984,1.379132876217426,-0.12160810833886049,-0.8807150311069579,0.05082383317568562,1.490184594502011,0.5288743855226535,2.6978868431686696,0.922791724054203,-0.7729397736845749,0
-3.220757850044037,2.6727568901960064,-1.9972600102518494,1.3841401240464637,-1.109530435225003,2.599495634259519,0.30118695807776713,1.6036845494230798,0.6377977503566032,-3.0920853105568216,0
1.0400866164690639,-6.008391026973778,3.6569399266907676,0.19086967863156787,-1.5696344739020642,2.4876804363341103,-0.11538574166216507,1.051072236555555,-3.654503889076198,0.11281007810196408,0
-1.2211011677935844,1.0251721309098987,-1.0216978579503078,-0.9768241258753142,-0.14682883242549272,0.9857838504484411,0.1928900118850813,0.3313699533503536,-1.1315157567359764,-2.658588142464069,0
-1.5536771611794742,-1.9645934569188181,2.410772599693081,0.8102278323024328,-0.4518228071327399,-1.9661857374942504,-0.205317644802088,-0.9107932414563109,-1.719651643249742,-1.8124287924062745,0
3.055839186366181,-1.3681113106190064,-1.0172442388131158,1.1093839807607901,0.593068031890599,1.058564608363276,-1.071156077403275,0.5967680678002673,-2.705326489247861,1.1190671905227367,1
-0.03400299540919119,-1.0670231328697906,-1.6479068506394534,0.7403211861820447,-2.4525961703599335,-0.9610850736122596,-0.8846113036358534,0.6143063543140965,-1.7695152741445463,1.7979450103838488,0
-0.8191801932690926,2.968402742853124,-1.9477615417901508,-0.34124831932876215,1.0904664993369642,0.3209938710810053,0.26163599856748904,1.5639195524904292,1.3155515266074285,0.07269410815807476,1
0.07369876755835145,-3.572907020276702,0.3675927691873804,0.22561346745855393,-2.862739621163643,-0.7885685200243826,-1.2963449841367263,-0.1904051601212451,-3.730639123672473,0.3397248751246986,0
1.6098120903507007,-1.697190508377976,1.9087339222762432,0.06638185002570449,0.919954111765364,1.7406490542693773,0.12954670522009643,-0.8406395890614051,-0.3640636012198255,-0.8073738710891782,1
1.6172634228119145,3.6765145129035854,-2.140911865964596,-0.7250749370065016,3.0697269142361963,-0.9509455622829215,1.4713657032531664,-0.7949627778324728,1.5882769971656248,-0.025402598681420807,1
2.160191376695753,-0.49579424497424046,-2.8182281088960863,0.31384303190456736,-1.7980053117687969,0.34158679718041896,1.8978858376841823,-1.774677597903176,-2.4014685009230305,-0.154273076504011,0
-2.6211581116327074,-1.7083974571628637,2.9520577284447933,-3.0093411426831738,-0.7814810873780764,-1.9968700885943327,-0.881710192150132,0.5490372071740781,0.24245171281534494,0.14079331845679377,0
-0.7351681438564741,-2.480812044950146,1.8113650140006614,2.4075914215475587,-0.4240114604722376,4.018087301425378,-1.0820515457923974,4.132740808266162,-1.3452874455352088,0.41533307538012165,0
-0.40217215150331515,1.178124500459787,-2.215533562271391,0.2501889199803346,-0.3556052076715851,-2.6173519077214467,-0.3518492702484191,-0.559970289175231,-1.8889082042950869,-0.614432219829753,0
0.10988401397351281,-1.3433524838207076,-0.6795161506404024,0.01755783758328193,-1.4247091537791914,-0.47164415231836965,-0.4718105215363534,-0.7957375124969774,-3.0110238795984507,-1.3606677948773467,0
-1.6214094637214407,-2.694354669878382,2.5152637560055866,-0.6926796792795997,-1.5899169562017128,0.33604135331864315,0.47469122448500445,0.4644107630837312,-0.8976069684078247,-0.5681990223465725,0
-2.4948922976704857,0.6909563095373362,0.8351160118695097,-1.0316983197683316,0.16325597327241725,-1.480099133706911,0.5043441746293211,-0.016870001804135226,-0.04569240728829871,-2.019359561837632,0
1.1101228997351367,-2.622543974394263,-0.003261204519492411,0.05503581903054495,-1.0004387249993099,2.4999794037210767,-2.678142385853146,3.378279892290897,-2.3284121054753566,2.414077202385667,1
-0.03719697431164668,-0.884708503089469,0.7477039023210346,0.5478752369947015,0.97916369448243,3.786867171527458,1.0177929872040894,3.8763425458702305,-1.1224974963331849,-0.030319100457605996,0
-0.8043257128837316,-3.1255797454741114,2.3432997240261697,-1.2642339818443877,-1.7275414812615697,-0.7170064422057454,1.2226252762759253,-0.250117895061591,-1.273136279941868,0.2425793579252158,0
-1.2250292754983076,-2.051796017900773,2.2594149222815796,-0.3848004198303633,-0.23653314772028822,0.2468149959665934,2.4432025238474013,1.0649118124105388,-1.4110668086884652,-0.8797296238763805,0
2.5242882389915797,0.5785506113048021,-2.192776357608098,-0.98550018358034,0.8148710703262132,1.7666473117670511,-1.014791688690731,1.4376103044469244,-0.729090615986999,1.7936791891295107,1
-1.827654529548889,-0.7074603752757691,0.023342342512841396,-0.503558125412706,-2.0905793968727546,-1.5176098951821937,0.35181958987936196,-0.8625106939420544,-0.995213432614422,-1.0267534182525702,0
-1.5645539487798619,-2.62959624397055,2.700277780253667,-1.1081871079384624,-0.6817931308377804,0.6094016836830108,-1.2887418956196781,1.5410226100741027,-1.4352159093231616,-0.6181656664513537,0
0.6836618557069147,-1.8466322582469188,-0.9285162829066047,0.085230451735566,-2.1156092930402375,1.4439634931812848,0.8407305745312541,-1.2852801501608646,-3.3508236760956813,-2.2464126335552006,0
2.26797118757913,-0.4988051558400894,0.5153137851708272,1.4581924771811208,1.55701433930499,1.6843544222168405,-0.5482024891490305,-0.7945680336418748,-0.47492606118478553,-0.7649575260581317,1
-2.7174485551238226,0.5811247052815416,0.04120519830623026,0.9852892331110225,-1.1613299260786016,0.5747693847391456,-0.6963504511076755,0.91644725429522,0.288649849805813,-1.5962209628218016,0
2.4840099376639175,-0.8844020338923958,-1.7155294395507374,-0.30556379464283706,-0.9261249805754668,1.7817867763082236,0.7999035915011512,1.0311215887548815,-0.6060506819277793,2.8905749560111706,1
1.033812232688645,-2.6495025616423913,1.0535339062386715,1.0654156302032325,-0.18941621743002357,3.8952051312302345,0.2249441505370227,2.148635852445156,-2.529329644144309,-0.570761429474629,0
0.18730312371478416,1.494099141153792,-1.7480944101184104,-1.7547696296211803,-0.531473628186415,0.6921749094009739,-0.9438467555786535,-3.110158241805034,-0.4642286716769798,-3.7544481628830026,0
-3.4092825689552426,0.18335249335065598,1.2275914920425652,1.637042214320274,-0.6810565998127949,-0.8536111838217507,-0.29811565762846065,-1.4025406805370397,-1.2588104826931823,-5.098678242425519,0
-0.8338381536145505,-2.4640002214722694,2.4515157778568994,0.8681792730532202,0.12236426211634388,1.3929406965243902,-0.7923692641806491,1.749105632239286,-2.0382467092805845,-1.1672674204873934,0
-1.8294431833805314,-4.112954725403914,3.7662191433418353,-0.982756692840834,-1.7816710155135502,-1.6825675765288417,-1.4055840830774398,-0.22946882862415774,-2.0829234682952222,-0.5404714083296707,0
-1.5410684685694924,-2.354043973380641,3.243052448920113,-0.005743595515917001,0.14464690216316045,-3.130167713276404,0.07110385731734516,-1.004307534290608,-1.9083593104014238,-1.5336378541221465,0
3.910568022536836,-2.82965076095955,3.016555645560633,1.1354848448198194,2.226837112614555,3.124091692822097,0.39752283189367665,-1.2959554008925562,-0.4283562689424444,-0.3728223700275697,1
-2.13049700916508,-1.476865449120553,2.26908934638923,0.44866470504401545,-0.11663018886904097,0.19509193790714208,-0.844999909091625,1.7570245831852578,-0.9657147904544247,-1.0089366351747384,0
3.7608673389809693,-0.20071555319033912,-3.0501125603402004,-0.764807840148591,-1.0570102679743845,1.167508382947688,0.899571013885143,-1.9150586423717435,-1.2236612791991435,1.2061890477872437,0
-0.5380782811388354,-1.9799274719221736,0.6801880477520122,-0.8559684519638542,-2.027734723705154,1.4623972122846833,-0.8857480618759175,0.29615587853470937,-0.9370939313694693,-0.22900808108452864,0
1.2871090432861678,0.5885780303083434,-1.8536134272309914,0.7689718918985177,0.4677457438358039,0.9744130195843406,-0.6597246707344391,2.0004319994903366,-0.6916646431154059,1.8139491765726805,1
-1.9749834713617558,1.5355396313513228,-0.5792342624498082,0.6750818408121937,-0.2588030171413681,-1.6352024172270383,-0.2332020300591821,-0.5360942148012519,0.388525281334442,-1.4498268450259153,0
-2.4923682781070853,-3.6243258683425403,1.8836420037721195,-0.9265237663409348,-4.573112343809522,0.04646015863383535,0.3692484433509569,-0.5655573832408538,-1.0553059981567146,-0.30671630678925954,0
-0.20246780302670517,-0.9581328020303805,-0.39075550214598975,-0.48891742334139066,-0.79245402149394,-1.9388286490784798,0.09295180969036923,-0.6341692072609376,-2.640683697860579,-0.7457964073057308,0
-1.517368116334513,-1.1829321345420436,0.8941809592681889,0.6401846447565608,-0.9501773909662967,-1.516360374505231,1.6777885630885263,0.3123820807802,-1.4039884788075674,-0.4492669542113086,0
-0.5858197275742539,-4.480440842459027,1.9478976622066635,-0.26305633788955163,-3.1391200843044222,2.7974039925733996,-0.4877780315085419,0.8280752924860503,-2.917237300077785,-0.8604028596434232,0
-4.05217069533875,1.6039433692599478,-0.05603072185438873,0.15085343680683233,-0.9638533801181288,-0.4746876679212064,-0.31170421420774647,0.6802771053432592,0.5349062833397271,-2.742248383667895,0
6.680044971761939,-3.1431196147775182,2.6980294701641245,0.8394289191976938,2.532352767704314,3.537179840942727,-0.11710322685533016,-2.636592750298316,0.8661871957280516,1.8476923820359352,1
-0.9597591787154661,0.6240238093622582,-1.6163394291521018,-0.008572892387100418,-1.541256318721493,1.0294011526053635,1.0083694338346114,0.6164698752235356,-0.32005827398499376,-0.49758607292770884,0
-2.504900695422924,-0.3600951824079256,0.3388328478056154,0.49166117485600924,-1.9626758858429985,2.387476416724396,-0.9689620553135486,2.04508465067323,0.6387681637357068,-0.4816665503115626,0
-0.746409399002563,-0.7575109083297971,0.07839360844375354,0.004005301267938927,-1.0208057468431202,-2.4002194307588613,2.401110131083261,-1.0442413820645295,-1.4478392413338064,-0.44395467339660055,0
3.7886385119275476,0.10440801488706386,-3.0294080508128176,-0.3104564628820661,-1.1192855710921836,0.09163719563355288,0.7478658687259824,-3.868813585401397,-1.0963571832701597,0.0706337017127503,1
-5.372770919804022,3.5217607155697275,-1.2696110451175469,0.29584505522381627,-1.6627012918639568,-2.035824625349628,-0.14837925849776917,-0.6686968010195165,1.9747329173569192,-3.3609393237388145,0
3.15293023567915,1.1780609188559619,-5.117787965655934,0.12399078406580802,-1.784525500544481,0.997027917663436,0.22589802074870438,-1.354357417437109,-1.38280572481007,1.2892797817843102,0
3.3283390120175778,-1.3940611941757524,-2.646299226821074,-1.984298449890609,-2.512068694156259,1.1387814897061164,-1.0301174234331814,-2.9630097463562763,-2.100010272344554,0.25997703683037043,0
-4.057013049241882,1.572087617022428,-0.013587055882179344,-0.0970718201485539,-0.593927469747099,-0.9398070397753235,0.11437976070263597,0.5988703002921176,-0.21729841921660953,-3.303867404699269,0
-2.7664885640197303,3.1560344847807484,-1.9417429774119306,0.6183769205066998,-0.20714715696840602,-2.0741245204387924,0.8816636484090471,0.005616582126297676,0.8293669585847259,-1.5236158430621338,0
4.092125493668448,-5.511254697047138,4.855430207553667,0.9202154051909595,0.6632988054045023,2.4661769368435005,-1.8358166328024461,-3.0391197638279754,-1.267927015908222,-0.4884723582370417,1
-2.0321575757156003,1.001535271108086,-0.7789966950666283,0.9366809444440224,-0.7992115875263192,-0.3838850972323615,-0.30034054830926843,0.2928166444663314,-0.3743496253021341,-1.6344278741055067,0
2.3287524658723737,-1.4675070917306572,-0.9498657875566547,0.6007274452881491,0.8157378289101402,2.8257057217886214,-1.874233998697129,3.2937749553725824,-3.1311285335959984,1.387197643188708,1
1.3047826646889822,-1.2603006195773454,-0.9286834330292237,1.1223899422205936,-1.6306115717055891,-0.21878860737987127,0.4953477451837054,-2.849888347511442,-2.2731718316347966,-1.643995106040368,0
-3.309202057156878,0.8521103842301563,-0.049164378832629474,-0.1687954115899974,-0.9633332188677924,2.0133237036371257,-0.21868061522051468,2.8220958709204442,0.4276769191622465,-1.3990463543671061,0
1.0799995536585136,0.9386934856072559,-2.070965021809859,-0.4744761707438094,-0.651541788419714,-0.5029782421565107,-0.2719037003155916,-1.7558914961812522,-0.2309662596849753,-0.1923895792422593,0
-2.5784187114558006,-1.4300599306106985,1.2903039911700644,-0.7947730872307747,-1.3719660145337795,-3.991248491241286,0.33283614315262783,-0.6556446007461749,-2.2269462087556366,-1.1530545971395614,0
-1.3329258255481335,-0.4385337140276224,-0.9528120339498609,-0.4353187015656371,-1.012715069310437,-4.201789366866986,0.47011868278956803,-1.8086113582617003,-4.258734270398163,-2.775174143996014,1
-1.1080392955706813,0.9171405846568446,-1.1919652362971762,-0.5761897071061968,-0.6952592012158247,-4.301814242599837,-1.340554294540665,-1.4376697754224486,-0.8238961821106361,-0.0343343229491857,0
0.5271993315396946,-2.5914529369259967,-0.6072745331224709,0.22622954761551647,-2.9271594288354326,-0.3468558996367179,1.5939525925054445,-0.6725918528848187,-2.702508680303284,0.6332189134009145,0
-3.507583743132242,1.5427962345250532,-0.12315990166023127,-0.3113031075103353,-0.4417177810899807,-2.6212578896626164,-0.17076626915436685,-0.4163003150868272,-0.35807264400768135,-2.7601243782399796,0
-1.960122298117464,0.15792833909590362,-0.05588656903709088,-0.06133415634044044,-1.0790652706115258,-3.799639588752848,-0.20412158481360743,-2.251348891395083,-1.4195413143279005,-2.1687674789376445,0
-3.773284640692365,0.11732924936248866,0.8965833430867147,0.49698571962377913,-1.0801207361894467,-4.2711424660691115,-0.07377286372969208,-0.30778266464597526,-0.8740602673208525,-1.4423721280610575,0
1.8646620788778507,0.385210151988077,-1.2619997481454013,0.2708152830495962,0.21464900518400465,1.5919413157038917,-0.5900433712773638,0.813936677117768,0.8547578463482388,2.1751244812082837,1
5.428327857308379,1.0089578353977573,-4.747892112564408,0.03712491795803734,-0.6078947150147533,1.5950035440006198,1.8150636689731425,-3.7858272404453044,-1.2474360364959962,0.260067610474392,0
-3.3257225591722777,-0.9834200919919246,0.48832677772416955,0.03662503215139047,-1.975503417714323,-5.772394542446982,1.0029101347175888,0.18173602715856219,-2.0875894714416128,0.5227521682655327,0
-1.4869643801197014,-5.129308717796311,4.291425620811793,0.9605613534832284,-3.002039697524466,-2.9200889258870713,-0.532487096099794,-2.8089237309663893,-2.081143764129445,-0.8908062294939504,0
-1.0387916689245233,-1.760771977819427,1.2809829750227162,0.24344071424013,-1.349156021271224,-1.8148392953120314,1.1051135432740902,-1.9212600492880965,-1.8582937351194784,-1.9317845551372241,0
-1.8574563665608774,-0.3509414279492567,-0.005012232952657847,-0.2020869064379293,-1.3802665769657,-2.647214809081775,0.3475987709747856,-1.2542226776428946,-1.5961870265601745,-1.6662399688035308,0
0.47246781557731743,-0.6894057327070086,1.1820733616738184,0.1421161695657772,1.0454372240654666,0.9503454358147281,-1.7089954121119826,0.17270061036253348,-0.5552343340981462,-0.9222930158992775,1
-2.817677772779797,1.7118184640003242,-1.6540500316810363,-1.2082514507975155,-0.3690938804611317,5.069937364734297,1.1366058865331667,4.044046075010126,-1.1809068243680567,-3.523768085892063,0
-0.909541173042571,0.5093633955675787,-1.355249727286395,-0.6092234802635622,-0.8972944881440743,-3.026902379521214,0.9152873254932813,-1.3606051810045723,-1.8621334241412355,-1.174723056457823,0
-0.608869365026129,4.131694964805709,-3.573576989427882,0.4611552006334153,0.6156516590643886,0.6296652046824911,1.2714747922803773,-0.27469457082732507,0.9092006998408619,-2.020307367524196,0
-2.104173774043839,0.48235695979579113,0.010210938829576577,-0.23886439117963779,-0.9288812947142492,1.3096879351504738,1.2534428230776133,1.0594535309568094,0.41022609401373655,-1.3312256043275323,0
0.6525124146336027,-3.3924218910602804,1.6017644238372428,1.7635193328176995,-0.9350352507966198,2.799647327810219,-1.5614322596483823,1.5283824368913608,-2.6646490662403446,-0.30104502781097464,0
-0.11383008485678607,0.7399131671613789,-1.411809017070307,0.27234068013162743,-1.5825378349818233,2.6010096180874855,-1.1846635367776042,-1.7303234904094635,0.3638447720667015,-2.5357756482296345,0
1.9916403049550093,0.6734815274244871,-2.8900192805241813,0.7631642927279919,-1.1642908801352254,0.3865247877660054,0.9399325711491803,-1.0473901881610999,-0.22455740346409792,1.311397447888968,0
1.8674195053871787,-0.9761388293941775,2.0579773575214775,0.0033137815325484914,1.6926311272657442,3.722349992618943,0.5886118460328457,0.2416633365926497,1.3495523883429126,-0.20016292006657244,1
-0.495036361391741,-2.2283908831062913,-0.46006800290073013,0.6856818462013826,-2.251310375986167,-2.9670769408011717,2.150388392817886,0.0895650299882671,-3.4777244544275225,1.005474186741584,0
-2.4445276593474667,-0.805024751518722,0.9490817763864312,0.5765099527560802,-0.8506351946697147,-3.4065304306864417,0.1484419788441095,-0.48907837737267756,-2.060552782280351,-1.602137880600345,0
-0.2296523965155961,-3.739796013589092,3.160257744373521,0.2126699561701546,-0.5890393689148691,1.0886681278867267,0.9491650626903592,1.1656050847790542,-1.9240715986325791,-0.04972289615381431,0
-1.6023222296248552,-1.572747475236292,0.1670884426354543,-0.06033272242006658,-3.1762095225462073,1.1665071844427564,0.6884945499820935,-0.1464886880870937,-0.56847825445988,-0.6951636334823685,0
-3.387290781996923,1.455507163572033,-1.2402234200676654,0.2847355570693363,-2.2456905684421926,2.909413546859938,-0.2560537903952518,2.3854530310930744,1.4076777924566484,-1.1056353402742836,0
0.7094999268279536,0.5280935576443927,0.7507660067213173,1.5002569910125267,-0.4310548650222179,2.979343608376366,-0.47535476332425175,0.19315547604735306,5.226604262237869,2.9575608717057906,1
1.0542368761704763,-2.923259029643076,1.0199378558388035,-1.4820276818110107,-0.9032799929016452,1.132853719910578,-1.4084491406020445,-0.3034214348498805,-2.97925495911168,-0.9174345759465683,0
0.5691596861545816,-3.5541158628613085,4.067536990581026,2.2057826947481614,1.8650577166286602,-1.6262177999332401,0.5664449867790268,0.3541503307389686,-2.9902890109026568,-0.5659158275608978,0
5.039664338429063,-2.816206773610023,1.8802851092854196,0.9138689034473524,2.416627938816153,2.565828510262474,0.19050898228762644,-2.6797367124127,-2.5463424202818112,-1.8532714155735368,1
2.0961292614391764,-3.6557175229036654,0.7622928838376206,0.8366533718459545,-0.8425588719483044,4.005272352835414,0.02422586106046795,3.3780498425846983,-2.453008170599082,2.477032756421545,1
-1.9461120706937933,-2.7919146290181085,1.533534480502458,1.1267236367786344,-3.1261512357871593,1.5052436271392367,-1.4867184699052318,1.1501326528030453,-0.7402422929391005,0.11384389354392166,0
-2.0880831456695397,-0.10006497241439552,1.227400536566672,-0.36048522670720456,0.18763012012382374,0.340703892722249,-1.9344330876171902,1.4199169529785762,-0.22995012495115696,-1.3613660211451968,0
0.9712235817359262,0.4690053008458174,-2.7145377469411693,0.7123109326704704,-1.7374300820596091,0.909844325205555,-1.1535035725421259,-0.6772511359448112,-0.7322195875227695,0.24942189228113643,0
3.330937775282142,-1.1221210393336494,-1.341468320965085,-1.2153609826070058,0.9414899551276326,1.3100308101372513,1.0965472662862232,0.8570954777107898,-2.938009776742003,1.052894505628039,1
0.866359565439596,1.4741115442942703,-1.4522649141094424,0.620483523927288,0.872529028282045,-2.423662986755625,-1.2391718831138179,-1.0896722140130262,0.09120571577705072,0.6996607943809607,1
0.8180070606622296,-1.7841438467284656,-0.05108624697265807,0.7954044732409332,-1.0556607913978375,2.7449708451578725,0.8119989322167313,0.6682921388663854,-1.9638356259291374,-0.7051008658527269,0
-0.5816514089791853,-0.27435755141261414,0.4452833274467254,-0.6415669035495328,1.293472756911988,0.09153662133278573,-2.505034589481522,2.928984202243406,-1.6139379358250359,0.27530518991073805,1
1.7607507395429824,-0.3897830281287156,0.8323323011226673,-0.7399678398989107,2.001368572903091,2.875211314158867,-0.8125845526991459,-0.061616990143473105,-0.8493473988868856,-2.0031743215760627,1
1.9401760002542299,-0.04452327490392204,-2.9670547188684266,0.13372972372353936,-1.5178471587138165,-0.31532222142268096,1.2379535314890553,-2.1150406113583706,-2.4713101157408297,-0.6203433032172743,0
-1.6248820927817107,2.3028686352654524,-1.4545427682350711,0.17544034458033667,1.4004191337681147,4.270085579103613,-0.12989461095120813,4.126859587869419,-0.4698302109544439,-2.3457789856345572,0
-2.338472310541276,-0.6700999105526697,0.685860554012061,-1.2978410999073327,-1.7293577269649871,-1.225241007272461,-1.299678552330366,-0.8326382735215121,-0.8371054793983774,-1.8907923825102286,0
-1.1579861389072283,-1.937813655051395,0.8119013427928359,-0.9245128737489688,-2.021790885567574,1.9738488030260322,-1.447606692275138,1.5532169285169202,-0.8259387005009189,0.08046124695878909,0
-0.49386833401213676,-2.309802881469623,1.0298159459214618,3.6916245011978046,-2.2086299084194625,-0.6092177532704349,0.14236329159092967,-2.6386858315640938,-2.066465503567488,-2.36683056757037,0
-2.2633191703894417,-0.8868561916151095,0.784966644979235,-0.21709806232667525,-1.1958761012659962,3.0193248770222896,1.6223581587633655,3.6284278391017932,-0.17263850665905767,-0.04444571719247481,0
0.5803991266806995,0.8291356343099642,-1.1735206415937012,-0.7422676907922764,-0.46782987782671015,-0.9339617312134523,1.2127758617035702,-2.8707399720190603,-0.11836343310256625,-1.587291391196446,0
1.429189212565667,-3.0411901662431577,3.0758908779594076,-0.7519416211486548,0.9946923697609116,1.2571786987459823,-0.5316179364615454,-0.9530756843832084,-1.9287219261882462,-1.7026594845845193,1
-0.8142244611559422,0.2056261034676422,0.10993025923515254,-0.13750874443077665,0.44665589267057726,3.0481791705423804,-1.0939892059513625,3.0828928565377143,0.029455037383013583,-0.20398761279370825,0
1.3738043724304527,0.9927445432704902,-1.2577902526916174,1.4296110940944324,0.4167949869182491,0.8310368057243771,-0.2493565805562629,-1.2013144048010087,0.3598596440078068,-0.5155399612501557,1
-0.414965421404394,-1.2880742863354528,0.7143582056116814,-0.2810782435201214,-0.07832483783139654,1.1085236603458641,0.3085902189498734,0.7317229289547305,-2.330872794011893,-1.8840914856439808,0
-2.4220240597612523,-0.15311531805021608,0.3672429507490904,-0.1344626555203447,-1.7204230575755648,-1.5986562989930917,-0.10073426293003278,-1.2165743754337153,-0.41223668518547685,-1.915452722604651,0
-0.2300444146260943,-2.684324671415415,1.361216909656993,1.1379766126058337,-1.5669307615784913,0.4010130490187327,1.1233025311138565,-0.6107771438743783,-2.195946604256421,-1.1604156726611243,0
-0.7969971617390121,-1.5642139292478459,0.21288707350067926,-0.8451981140855563,-1.31880795139893,3.8263603842659775,1.420999164216819,2.4355463866923364,-1.8332473747301385,-1.2130400193274726,0
-2.1321233656069514,0.8108593338300272,-1.4315647154430273,0.14433733724970335,-1.5425414084108122,4.162218968193022,-0.00839801733434336,2.952381080489669,-0.27470675351056284,-1.5997306855813986,0
0.09349310080870483,0.43121407612979984,-0.6094043460967029,0.7751285262709626,-0.009045692561466145,-0.5634114729596331,-0.45225277070890396,-0.7061549330092677,-0.404705417960183,-0.6114205244409782,1
3.2520092091222943,-1.080593446054804,-1.8198146716580252,-1.5619665959451805,-1.2542209237398483,0.8503973410179642,0.9128281610861624,-3.099033358565828,-1.8730429185101671,-0.49429581035439474,0
0.42360953203069074,-1.1432857172905475,-1.6631431158484522,-2.0494384916485737,-2.5181518893438426,-0.41906589868977095,1.976576667323617,-0.5812836199405175,-1.9543472999437457,0.6314588165034933,0
0.5732354473636286,-3.5451198069827163,1.1084056016843906,0.3736841434701021,-1.9534477043197278,-1.4781348982163411,1.4684934043621283,-2.78962894663979,-4.336345514611682,-2.3304434537100143,0
-3.756232323881046,2.855827141366494,-1.4350596238643425,-1.3023372395011958,-0.6948425114240048,-0.9933511141884168,1.2141436360610967,1.331408903351237,1.2344069189505507,-1.3264556441017346,0
-2.2910249170671184,0.6177874219910412,-0.5853111039276679,0.9151563375047472,-1.1055204266688305,4.164830461994098,-0.15090006972249295,3.84086739049028,0.636100524148496,-0.4437841378959828,0
-3.9125636513710917,1.897510557625777,-0.9231167672265062,-1.3013252840248468,-1.0530826809754459,2.845778843628887,-0.2175327783733332,3.190202794582929,0.6727559067699433,-2.2539229102436282,0
-3.3769525447784963,2.3222476652325543,-1.4419213488417784,0.17718865431852324,-0.36737868433733023,-3.333162502834461,0.2866938544291486,1.9725336675694591,0.2864785078900771,0.564881994453494,0
-5.728916305983985,2.8956521929752497,1.2131507555180168,-0.9645063932627689,0.26746504877797395,-2.9310279426966623,1.8734151236121512,-0.857682390027249,1.7291267182793422,-4.6453782067454625,0
3.974029563477713,-3.2678761056840036,3.0652065119635203,1.1752144703007017,1.2790962270679809,3.8291729850767116,-0.08555568317611022,-2.2619903651899165,-0.22888993863974783,-0.9032056987413324,1
-2.366174937641441,3.9349927963278195,-0.9089243600018144,1.2690457113538767,1.3658715436363682,-2.1523236465371514,0.7704172467992092,-1.5519922650019404,2.211621614388416,-2.7961281244509757,0
-0.22773876423362718,-0.9325836364305129,-0.20801721121271655,1.1084959171771165,-0.9802376013050886,-3.1480220770989362,-0.3271153430915307,-2.178787050574022,-2.5046896284470126,-1.2805576767561961,0
-1.9714135028072555,-0.5613686321245582,0.42116720466869606,-2.496829991220924,-1.2127644723808753,2.5636750074549948,0.010197682007116406,2.421108686820031,-0.2544743009730329,-0.7536605644178569,0
2.1736466830940064,-1.0048533935805826,0.2232497938287561,-0.040591836261898245,2.570419773184903,3.727998786805088,1.2924069009115537,3.759262602585263,-2.5668974664115662,0.21743127514770844,1
1.9232890430930205,0.761973043923311,-1.8655030551722005,-1.582958077214753,1.7322426246191214,1.1471284983033907,-0.7669616067820413,2.075970979305821,-1.7833304103929808,0.781651144938518,1
-3.3157978268902846,2.224933149847458,-0.6380364829181424,0.13953746908303924,0.6970851356597074,2.009353507600216,-0.06303242403529276,2.605458073346008,-0.536793129679541,-3.740635800727489,0
-4.107529481375135,3.5307303420349383,-1.7149927304563675,-0.06751400752828958,-0.41707591043843817,2.458710357265499,0.15303459706762285,3.2081143112076345,2.0216623467880557,-1.9554991140337377,0
0.21016876500857803,-0.1785359277665581,-1.8609381978623216,-2.02616924639609,-1.4261001266241569,-1.52531425679912,-0.18986369216348206,-1.0707540551136492,-2.3121030081449114,-0.5301546919557935,0
-0.9822793397434906,-1.2103906825655466,0.8316165071314672,-1.3774366498828958,-0.2686134959119828,2.802931485426968,-0.962623277607578,2.906157523273266,-1.2728794120232712,-0.5824386256763449,0
0.3685762196443038,-0.972276787841151,-2.114943936701901,1.5773042984707726,-2.063981202433582,-0.7857356876575989,0.339725422190299,1.3014839140921035,-2.4228418901138427,2.051913886691898,0
0.6123607892516003,2.3529436013867544,-2.4686992575624824,-0.7424448597125031,0.12841923185390236,-0.29382027758470675,0.07861262596654432,-1.8629561364202982,0.5335211720443798,-1.2174825449339386,0
-3.288682998962943,-0.5722238103738081,0.7820730252664138,-0.5754934350928114,-2.9213685331422985,-1.2400148951569236,0.5777866306318398,-0.8273201413858156,0.64218426867881,-1.0502203045673735,0
-0.8511437233087997,-1.2194329641345851,-0.14835109930909973,-0.37321817937666424,-2.007913554097186,-0.02358402857049513,-0.48545362138569287,-0.4365339175597692,-1.5067302457208944,-0.8852191501151617,0
-1.70932304046388,-0.9857715908159579,0.7918213004219599,-0.06039792499073846,-0.9886133249497849,1.383977813444918,0.5421789741016444,1.5583917919409962,-0.9849594450167054,-1.1197463553310496,0
-2.4735072515693193,-1.5066856498173695,2.285669957931325,-0.02578850748676315,-1.3212808565715257,-2.260710867251117,0.7138202083458839,-2.419203763827346,-1.2138806898513637,-3.2973523122200854,0
2.203379946109025,0.6980544351939362,-1.5750994672300769,1.0956043372287483,2.2421053056286886,0.9127578055689589,1.93319422151764,1.6502522998155789,-2.0752792268222104,0.27908282003392915,1
0.20337851728755707,1.5254589927048607,-2.3692654522665437,0.2697843988390912,-0.4643289905013108,-2.180586033970309,0.2627495501508767,-1.829292286511695,-0.8385693036393499,-0.765600006162944,0
3.0869604372612387,-1.4627539675203272,-0.9003349856235785,1.6683111195645148,-0.4467788531083192,1.5590501411726518,0.47850447415085934,-0.01711058059616688,-0.9118429083842964,2.224475455092701,1
2.265402647279003,3.2666074367411437,-2.5527807066552164,0.41288664338134845,3.589561385177615,0.4487410533954088,0.8382239563899374,0.6712427364353387,-0.0331128100009872,-0.25944292778904243,1
2.5972507196634878,1.4599997458905822,-1.8395269051359493,-0.17121121184571356,2.5753505790964604,0.5174228216814126,-0.3634019832294243,0.5111904252954874,-1.1230509549429677,0.1507329756114596,1
1.5319066412690205,-0.730670471336489,0.6313094292763336,-1.1284562900510124,1.222839652187813,1.3277055527673545,-1.1288981288559767,-0.7950791749951358,-1.3400613955137646,-1.6966596042165407,1
-1.9658021222736046,-2.787381775520517,1.7230513113379762,0.5991321013748925,-2.9286307200629835,0.5926232633228787,-1.4250119834223507,0.04904686597494834,-1.2254734784509684,-0.8833840514894788,0
-1.8543419871977338,0.13937516446395054,0.14736028650385125,1.6447816462163891,-0.4643838445232177,-0.7062302984333073,0.9561734355606442,-0.3704298891234574,-1.4051214719707978,-2.68831915323205,0
0.9800159825767499,2.908138623784033,-3.4344906799099366,-0.9362603724384269,-0.6141484362880629,0.018395670483950965,-0.9264938428760218,-3.866907140063703,0.6751354739345421,-2.5904347218914197,0
-1.5682273819327184,5.2716334622385235,-3.1178965152302456,0.42769745763359107,1.8234508539678131,-2.639621668846863,0.5979870665918545,0.10403702558906835,2.11057135098365,-0.569004928115062,0
5.985620051948948,-2.7033222204134075,1.7274776879182885,1.6812481390614995,2.1765848832530335,2.7477673673320124,-0.7123470522541273,-3.2061198315522126,-0.8762720197314624,-0.09966466041356847,1
2.0404622417324827,0.12055011357625936,-3.63819164837873,0.5863197089149107,-1.7144188390759938,-1.101210743530108,0.7449608109494047,-1.445631061600395,-2.5625347118709256,0.7431293665310874,0
-0.10997276037148937,-0.8764677846258381,1.805595246599172,-1.7018316692926767,1.1346011469091979,1.7970336079525668,0.02019123823233079,0.6795173724647519,-0.5147831710995572,-1.6246962907055904,1
0.6022331278019516,-4.083829544718683,2.140778263369298,-0.30449145407532596,-1.5269055985867335,0.5818646125634986,0.054777766987373216,-0.22526006526988018,-2.962937109978235,-0.2719791829689816,0
-1.7140791291832027,-0.21610395731711374,0.4146609142316996,0.11566101761041994,-0.28739592926428503,2.8727460887915273,-0.7485632200938773,2.775488511743422,-0.5775721374686542,-1.2550768898530746,0
-1.635014758943866,0.03777932819006773,-0.7581461131293695,0.21625583567359702,-1.460039099892801,-0.8115726055030206,-0.7680650374313074,0.4049344826798271,-1.0587392568714205,-0.6472534857425878,0
0.6929511883607743,-0.3836375270968091,-2.545883957450412,-1.8374166469339788,-1.9123213372642152,-1.5868548895514787,-1.2787014707710063,-0.7137092424493627,-2.6173598165270793,0.5454152017470553,0
-2.9165998857810904,0.9156437954419367,0.5613032536590128,-0.3557434547329391,-0.7651494387976875,-0.8490971723312577,-0.5712949420296661,-1.1947805661705808,0.3854693340718973,-3.2314506849122315,0
3.9695018579015366,-0.9889875310490958,-1.0723868039378524,0.33884709644161004,0.892690195439158,2.7037639355674457,-0.3968801448777876,0.3565487701914689,-1.2180928240131614,1.557507533105237,1
-2.3491908662463925,0.7411506905067684,0.14685415433840776,-0.8544665062670321,-0.01028850538939663,1.1008585960408175,-0.04839905062857898,1.632504390296154,-0.41512324204885653,-2.151687003465969,0
-1.0512802651538182,0.9329919742254006,-0.7189872841891294,-0.7502849532186529,0.21956586831555636,-2.1678620276934053,0.7638905541384806,0.33014997073901386,-0.6594162315935187,-0.14941790144149247,1
-0.8252115691555914,-4.104979068245813,2.9156146320896523,1.2863008855219549,-1.991137537764683,0.17296448115695673,0.05687195028576429,0.3218143873965995,-2.0564067231362166,-0.012880668846968257,0
1.0202357083444138,-0.9287840742508214,-0.319740935073341,2.764348516117136,-0.873326818480102,-0.8849013025079873,1.8981170158185048,-0.44634132964529405,-0.2352783320763554,1.889570433595681,1
-1.7621572015959799,-2.378145756408413,1.5353117138937113,-0.16131272277353803,-2.7371085900655707,0.12196946976454293,-1.5195133382410844,-0.19681392101704254,-0.6075641891933752,-0.3386479683909507,0
0.42460388206141153,-1.5898553468386045,-0.7227391695035585,-0.20878675673793776,-1.9725382591668836,-1.1251085332431374,-1.1342527031560594,-0.7340753645906326,-2.0605675632391818,0.6259858542056582,0
0.4517497215783299,-0.06501028044905453,0.6442867568268129,0.21648535648784556,0.17463232846540955,1.0243074024925074,-1.203596215393132,-0.18363094234571609,1.5394031011842078,0.6395690947232655,1
-2.4816928699641805,-1.611130092603361,1.2926048224216689,-1.3018738518727866,-2.3333725646262966,1.7985475173920724,0.9540434114633092,1.866719890871035,0.0628373154098203,-0.13669768406215477,0
-1.1349513760016805,0.7902109690136724,-2.351045155256308,-0.6058085741543605,-1.8585847974020249,-0.49803468513908433,-0.7749325381750329,0.8627849916083512,-0.9130572096160966,0.35659799420172167,0
-0.1957574198522272,-2.376671731145414,3.069113245672236,-0.2974641746572593,-0.5689697665469831,0.4833826990784763,0.9202587609701054,-0.35646344930359375,1.1437620011545166,0.8330375154626866,1
-0.8597096184154714,0.5271942074691603,-0.5431695990735503,-0.400428060508607,-0.9380432879589672,-0.09599432790720974,1.013286498231345,-1.6520994562018836,-0.21337890635506618,-2.2074756738079597,0
0.28283333185868786,-0.7825396936112683,1.5937707169047732,0.12333075761887453,1.3522890689626608,2.177069090443087,0.6137659938071383,0.5359703315728255,-0.7195757246319837,-1.920748384217396,1
-2.5184826035446517,-2.3152865815543513,1.766346555565144,1.776286069327917,-2.323253061594802,-0.8871652096925005,-1.3363564310295297,-0.10929852529941408,-1.7432546353175842,-1.510086992302931,0
-1.8446935809607765,-1.0250243419630916,1.2081092460098681,-0.19116852856723568,-1.223061425075147,-0.4008316206314573,-0.6283005441665047,0.07090383445017578,-0.4175108629688019,-0.9507678011970859,0
0.3927897604442622,-0.47764985131812304,0.33514429174644933,-0.2499853846935096,0.5879509819025694,-0.3687095135364853,-0.0065825814031294635,-0.6377585023362818,-1.5148781321172535,-1.371318709848559,1
1.8868771060284448,0.17136987220850153,-0.6283359215578213,3.1323261508084617,1.8074539036110082,3.1338388386765397,-1.0788509613285897,2.7647569225251534,-0.5477188182739994,1.0560328033097521,1
-3.9334692196113856,3.010675701610496,-1.6199485825415638,0.09330993806096685,-0.8856312899006907,1.6438958925726284,-0.4866953488295139,2.244399229052279,1.4992027654338593,-2.140342094778589,0
-2.273551452909751,-2.0939403810178217,1.8825206857360741,1.0448787426539725,-1.564302055896749,-4.203579333095249,-0.6841768637993143,-0.9314808328512011,-1.9680211925867699,-0.4856494981196291,0
0.3892713411648995,-3.383120981217369,2.354196481266226,-0.6174863110800096,-0.4549244827644693,1.6950326475870674,0.05155221743276316,1.5628461570006462,-1.992220259632185,0.3937782256151501,0
-4.363293705942441,1.7096217664837239,-0.8653340967367453,-1.172206617855613,-1.6130019166311378,2.73092831610398,-0.1715091588912414,2.8843637227548937,0.5152804494035577,-2.6846103943498925,0
-2.3370874017522056,-0.3032469499354515,-0.07748879349647586,-0.6523979190095824,-2.072170475668534,2.244966584976959,-0.8658692669178103,1.6664016687620402,0.058643392104449354,-0.9540147512978183,0
3.0253483336559057,-2.265300579782335,-2.009022139698203,0.7332036722403648,-1.9732821040432436,-0.22890365546536184,0.6516022549488549,-2.2223777191081964,-4.09693129350037,-0.01981147019592644,0
-0.510639208188612,2.895776721362658,-3.807191349186563,0.17346566566864968,-0.9332807619559197,-0.3285606393498308,-0.8826319163179022,0.943629040953883,0.8835723299344194,1.2691698830408469,0
0.26125262167010677,1.4782202270062141,-2.233775041360941,-1.391885421227521,-0.7659153193047687,0.4965849560131044,0.581676885215374,-1.477844383923357,-0.10328931550050502,-1.452060320900142,0
-1.8336068682045965,0.2686357243133748,0.2906296419148908,-0.15954527988460382,-0.509380643277167,-1.305997281607795,-1.9251518126262714,-1.0012271944959936,-0.8170599371552159,-2.4498390429306633,1
0.4812854102472224,-1.3095472901390945,-1.14660850747102,-1.266692736583172,-2.267070843334657,-0.3936843868759048,0.6051996003018213,-1.7234419438618973,-2.2824970107359532,-0.8569317194129817,0
-3.681563194031237,3.295015555288937,-1.8719460345996985,0.14292212568995877,-0.3608774538255073,3.847653332412458,-1.0978762882546842,3.923895046074729,1.7220158009464392,-1.9362829969512414,0
-1.579447338580802,-0.5387417749748209,0.595819510427146,-0.5334852601458465,-0.2794781485650002,-0.7233674674699075,-2.7861476877805345,-0.02556421120157948,-2.0453113877510174,-2.4746650732345516,1
1.8717680335314513,0.6417151438514372,-1.3906580703488025,-0.6379153384090112,1.6298654065005538,0.8547392939936349,0.6711919917271997,1.4034199048020106,-1.183108801018625,0.7859523524855747,1
-0.865053005607874,-5.1741474718421525,4.521277169439406,-0.11382781446239938,-1.7744381867844807,-2.0364622946346813,1.2522799455158922,-0.6903597009484375,-2.0364650641061735,0.5583321722777557,0
-0.4760645560261794,-2.224440225314003,-0.21436817285525833,-0.42401293125215883,-2.996442473786262,-1.023815284514787,0.08783013059273874,-0.15054430910872274,-1.6915246561389237,1.250511502479803,0
4.199688407848009,-0.8667688632367603,-1.3796949087583614,0.2930501888184419,0.8176394599746604,1.6161536114395338,-0.9763517510582618,-0.5413121426214471,-1.4675692251649652,1.4930670528724355,1
1.757945303280617,1.6099764459735806,-4.038897313947201,-0.3603015187600214,-0.862359612802857,-0.250262098155309,-0.9149066049405631,-1.649477637094519,-1.5807098413035408,-0.5263734027379475,0
0.1894064770960413,0.38409656721963537,-1.629167179309878,-0.6270471672539608,-1.1382688723108079,-0.337407241847117,-1.0299447237206136,-0.7795109602878628,-0.6699248414144376,-0.17671156810454713,0
-0.5507248091374994,2.9555438315357074,-2.5160182977884706,-0.6482807758522028,0.3883414026987111,-2.0494269585317437,-0.2079620078932045,-1.7180510656756458,0.1264652004288831,-1.731744387917582,0
-0.1629919393163451,1.654623865129313,-1.2224866247271384,0.6831292450600224,0.21789246079358437,-1.148512064615925,-0.5527700132266294,-2.3016580576523817,-0.0343878987859394,-2.2484287125921676,0
-2.1472777124714453,-0.9361196282124282,0.6320329068083358,-1.9988375325992198,-1.828245414946756,2.0179618544175106,-0.18821758401900646,1.8853104392000666,-0.09534172383549411,-0.5030793437269558,0
1.9144358104502077,1.2012862428279418,-2.0761435094435394,-0.23606982961503353,1.5383584984794632,-1.5106110269325157,0.7422752332070148,-0.3412127842555521,-1.6602856998724689,0.2911869269291063,1
1.5976620155202055,-1.784364653135824,-1.2753159801058858,0.22462469782289296,-1.889601259563753,-1.9787390519346326,1.0000765575452306,-1.638676196340752,-2.7029096120738645,1.0995495131046233,0
-1.6884737010759654,0.9100314444038099,-1.4739647919562313,-0.4062162565808649,-1.414954451799549,-1.4922207737758884,0.38069653022978056,-0.19882076224684575,-0.6757962185864254,-0.7809652515097123,0
3.243598096083979,1.1818585603695182,-2.283047819307421,-1.2734890162346568,1.1752826062227404,2.1084181301996106,-0.3350882992233443,0.3664762631319852,0.5919242298934864,1.8693803781704157,1
-2.092665304257881,-2.809121066530774,1.906599986534617,0.6134432666501503,-3.336981818540238,-0.4289523065251799,-0.38553909741226045,-0.9883855885836645,-0.6555140561651845,-0.6660610205318209,0
-1.4249899842810638,0.1467556853537298,-0.20285953901715859,0.437498296408455,-0.7817116388029676,1.8135777930364,-0.39058231264857,1.7679764019693236,0.02310404651944653,-0.5286643561493477,0
-2.916527560780019,1.1138460586920804,-0.47402850067803337,-1.0786692760638916,-1.1841261903691638,0.009457979250719672,-0.2748334065482569,0.5311164358637283,0.16980886820355012,-2.002250329281277,0
-3.1997929048379397,0.2670945742749208,0.8350405073978535,1.0237608101373041,-0.7743918988068633,-2.492350250005276,0.6797067966320869,-0.5269073609502174,-0.6758786059739692,-2.361464571409143,0
-2.098126644584552,-0.4674003710926555,0.9831645822714512,-0.002981399838699799,0.1825393447664203,1.26305079605583,0.6115216692398487,2.2477636766833147,-1.5979640549007434,-2.107292693895449,0
0.21115100806440742,-0.839323415034772,0.02157846388095086,-0.28748416990487213,0.4433406411464107,3.964706984637835,0.9677788616649623,3.0087720693794857,-1.8363916031805068,-0.9482966167646314,0
-4.014579382939304,3.545444959438696,-2.7885389033475647,-1.605325281353718,-1.6297519786972463,2.453300699187616,0.6071510407793064,1.5289101368250133,1.0385337230168648,-3.485924899311242,0
1.0633954640134746,-0.95363626473514,0.5809256043954448,-1.2309981875052616,-0.13572103204794828,1.254127769022354,-0.32547597587649235,-1.5578936632013987,-0.513559402667366,-1.3713080380114704,1
-1.964365071612123,2.314461627507968,-1.3958355245371112,-0.015355737515756635,-0.07888866830528007,-1.6538415455121744,-0.4360388424198315,0.09477246103246606,0.7071279267554209,-0.8369023830143516,0
-2.7301660949529363,1.3999566590370105,-0.5270915080264544,0.5260999454946618,0.7431399751704535,-0.5781860385495543,-0.37351905536548435,1.8189597454276067,-1.965988494877568,-3.0079526661275713,1
-0.6160969952833709,-1.180867810641145,1.8909019822897668,-0.02229512125372992,1.1704626096090087,0.8376279560267688,-1.1656700856318827,1.7474537366259024,-1.3345567697793164,-0.9947021597550064,0
-3.1965324499727865,0.46806131459549544,-0.6691912970793312,0.3578254156223773,-1.961736483787468,-1.4154465277508965,-0.7864838042565948,0.6422328100652468,-0.8190775673770305,-1.2838991657884382,0
-2.3309196509070116,-0.5399190180542311,1.0034784115823068,0.019071400753713184,-1.0732042324660231,-1.8586152783258454,-0.032556094221418586,-1.6022608287125109,-1.378370566796394,-3.088831970474185,0
2.7533451368138255,-6.866150841875978,3.137368758392424,-1.2368931875707139,-1.9935786352528997,1.046388185155628,-0.05189738682101813,-1.2413721381939538,-5.016368839467413,0.12482159583655261,0
-1.8267362766405484,0.8566441307871199,-0.2486251174382328,0.7698539577714733,-0.35041717076971135,0.8483090750013815,0.003184849504858575,0.5979086749132062,-0.07906645206698482,-2.002960702735259,0
1.3450826623056924,-0.3879827132314455,-2.2546704311033814,-1.2700847385126517,-2.048335097592406,0.9104209252252642,-2.477903509100612,-0.6367482096907638,-0.8679825148610407,0.9929180437251675,0
0.004149308013977454,-2.615170302726852,1.544480618688289,-1.357824006633294,-0.8515763766167019,2.1811910654878215,0.6221409737006393,1.8027117182373473,-1.4451337178909505,0.3778784508429629,0
1.5751426026247188,-0.8104311021398763,0.5063955290096652,-0.3286526879526677,0.7214245076441326,1.8443583304594378,1.3229805704178166,-1.3424007464939067,-1.1829412739581866,-2.098300381912955,1
-1.4853055822933574,0.46147213013325294,-0.13669147328989295,0.09848509701946212,-0.8218576221478842,-3.2412739345810535,-1.5774090869693729,-3.324188668623012,-1.1996707475958885,-3.1989598665432157,0
0.6724241000521594,-1.2047024299226416,-1.79533029528459,-0.4701660795618385,-3.0674914689734374,2.3225410285952464,-0.5037721465760562,0.14010614908296137,-0.8879092807608684,0.8990087615988636,0
-2.0975496416010815,-2.0071686469219223,0.32872337261499873,0.9572630761791636,-3.3268810926511754,0.9529017425685438,1.4097448071981633,-0.28614022468918376,-2.0245066713449402,-2.1199987258623416,0
3.475264061204836,-4.2390891907300885,0.6436811787309245,1.285904920665289,0.7367804348144713,3.9356294636727327,1.7794485922701138,3.485153524833778,-5.479849113121173,0.9791546887314002,1
-1.3220934601857377,1.4540542354553037,-0.9683457539690279,0.6755096754925167,0.8243029805081135,4.067940950772855,-1.8598151761373272,3.2139269564012625,-0.622965526720225,-2.3465357980247497,0
-4.492696462141935,1.5965248209730463,-0.18960541304040057,-0.5669879138426778,-1.9613390741668872,0.7908890568520105,-1.8660176735444909,1.2682860748813813,1.7080786292152719,-1.9750482149202973,0
-0.06592143465885592,0.36959541135250884,-1.3315077361021415,1.2644762095470679,-0.665954275063378,0.2973139138810641,-0.6108408893562828,-1.529284216223582,-1.9253398874704082,-2.903683794421295,0
-0.0001174676205927406,-1.6126171336636708,-0.09131300462379799,-2.0201514491777637,-2.1877741806381046,0.10406851957733343,-0.8219127764178962,-1.4951749041411273,-1.432844252687659,-0.8548134306434599,0
-0.3920826226512422,-2.0480060700885723,1.6290916949334742,-0.4322833291299641,0.09224314603553929,0.9691146981109044,0.05515455734158626,1.4377933894287465,-2.1898299131020185,-0.8869306039576158,1
-1.16953620631249,-2.5144942498582687,0.9047345902944711,-1.941418066886643,-2.2794041612019633,2.9781951411699525,-1.6095021238917289,1.6507657434413212,-1.9043976641511975,-1.0375981776483614,0
-1.0307362421938968,-3.663685211590179,2.728688471443813,0.24724706637930446,-1.7403659776796667,0.5277679074740543,0.6114134689150991,0.3136498399431116,-2.1183896287929356,-0.8024888169348148,0
-0.7874054973854782,1.1408868652048432,-0.5364112853852432,1.399441679203903,0.08439903151274675,-0.4543170604485838,-0.5860084483439348,-0.9978556056970607,0.0819368160570173,-1.8060135530361188,0
-1.3469048359761278,-3.446403872184903,1.8855953125121654,-0.1719949854318929,-3.0140985823746576,1.7736890305788362,-0.4261719075656856,0.842440033295506,-1.3042910615096006,-0.07824642454970743,0
-0.3566382936538237,4.075846303775582,-3.039200868991423,-0.7888815353355542,0.7150017308695853,1.00501978305021,-2.033451427948401,-1.7476259221995603,1.3445045394153916,-3.230581463764479,0
-1.615488892776604,-2.980511071430273,3.092431979782747,-0.0407260787451847,-0.48314169689910114,0.5146959763690797,-0.3727103046197492,1.7908910498835933,-1.8407354515671717,-0.710869518860813,0
0.7776105402683451,-1.4429776926486257,0.4176895312781973,0.9430970369215944,0.5337475073064035,3.4880937745229024,0.5930234772130807,2.422395921180437,-2.200804878437808,-0.789016647434104,0
-0.5664214449544549,-5.365067728075438,4.151913056283593,0.2676836945338513,-1.6285034169012889,0.14082801633232633,1.3669006900172929,0.40479619045441906,-3.023403145278548,-0.30607190558842867,0
-1.4608394215123257,1.8989191947534456,-0.8448912479399329,0.46315296353797064,-0.4090968342324258,-1.062974863049085,0.2427577358937702,-2.43287971789994,0.7406654785755853,-2.928060261794485,0
0.6660776756017639,0.5179796888398573,-1.63769395410145,0.3052090420845176,-0.5579250713885093,-1.5183250464638576,0.41614818051929126,-1.4038175655010596,-0.919769251683731,-0.0647406925084908,0
-1.2290158639082633,-3.995680272245837,2.376672833901689,0.38172664678788615,-2.8567533393067923,1.378621105964371,1.7635375024423534,0.5679673995481457,-1.9673243742621034,-0.4297836525997417,0
-1.8559944192865716,-0.1554570637672433,-0.3039609799870995,-1.3272102744065042,-1.652445331722315,1.9560024790258452,-1.6770945584721653,1.1032403953858934,-0.45227253736460005,-1.4867924810420468,0
-2.132094976472625,-0.328001946244706,1.3890068637945183,1.0181314841847162,-0.9319287642784574,-1.2098605673857308,0.12845911573981503,-2.351543978669279,-0.28811336758212824,-3.412394742995547,0
-1.2179559308274681,-3.7091298709392455,2.6471640514084545,1.8220728655385423,-1.7106821667245034,1.3417625199725915,0.4324431104243127,1.337889023589794,-2.333468815010241,-0.7041587553440085,0
5.180887440298637,-1.4643388685028107,-0.4889365856644814,0.14559750682566203,1.8295677172664544,0.4689714101866632,0.1360492341914411,-3.8057748847650252,-3.3398662225130704,-1.8784321061731433,1
0.17698055072392857,-0.2883181899059592,-0.8797097093582824,-0.943380685295771,-1.6820101294907006,0.022381931592787785,0.18284865497593888,-1.9960784604484774,-0.4828945494126694,-1.0302432769931766,0
-2.417593716524799,-1.6210245600732323,0.47472400066442044,-0.8849676272928135,-3.5350559912225243,0.5124949105440452,0.7103424813524852,-1.0649504605011102,-0.9867163023076759,-2.1305990948831415,0
0.3251980110333998,-1.794420234895338,0.3342386216169,1.3565788685922786,-0.37250809524635,0.38020560248820634,0.6389244667485607,2.1875992885574638,-1.9887161244412233,1.474279047292904,1
0.001656302163362597,-2.137356963252547,1.0531985009213298,0.08983412212845515,-0.7307008066260616,1.4105036606729433,-0.8083888372292681,0.6684439069271328,-2.070305663837182,-0.8896337396020839,0
5.915280405202728,-2.4287481596253997,2.0042747415857933,-1.0690245858543965,2.6186054970200825,2.691705721868379,0.7467647387602364,-2.263364112556798,0.1879423053270317,1.2580971095703068,1
-2.392872680661661,0.27845083028572204,0.39213535570071034,1.0213632348996715,-0.9254075699822365,0.9384259195779778,0.9112131037953766,1.718441190818552,0.7306817744681291,-0.439961466056665,0
-1.995853809560528,1.6475867426535784,-1.1557786867957738,0.07393235017590676,-0.7713516809538903,-1.5098266877147253,-1.4750892214692963,-0.18947218933430232,0.5053814740353066,-0.8059919636296121,0
0.8985212571606447,2.5811058775978184,-2.2316020105109713,-0.8175391281758652,1.0484427135054402,-1.5749662247118519,-0.06302023829846698,-3.194953645106376,-0.25284177926414475,-2.6082616846250306,0
-3.008321661373493,0.320004860138466,-0.18467766160626375,-1.1180117080355982,-1.7441743291900744,-0.027766064935855095,-0.31326143774403825,0.47467000518371616,-0.5024929003917717,-2.0898980027957377,1
-0.8726990124051793,0.031038916915444505,1.080265598885085,0.9619586625390184,0.3024828437407051,0.7933636407756779,0.0058240579232769615,1.0511744530647782,1.263336365590765,0.28917224927054885,1
-1.893515231423793,1.510725668980101,-0.5147455541147776,0.46025588931773165,-0.3141784047479306,-2.0578188199424874,-0.5772215089269807,-2.538944160371467,-0.4245915984850829,-3.662816991005283,0
2.7261190890642997,1.1187815603076667,-1.8916703553653693,-1.1947317337576915,1.8156523641371622,0.9185051428997433,0.017237535003070847,0.3784274125022816,-0.6200932924436892,0.8300048179944188,1
5.210717114206014,-1.3827889813050191,-0.8501642325053955,1.2102520199134048,2.6444275172454046,4.127279878208423,-0.21506926381600766,1.2691231739527775,-3.13917628233876,0.3532996580672635,1
2.7533750679919904,-4.145331097411794,3.1905491034693005,1.1507415009103594,0.18609738736842685,-0.4682283323240952,-1.3720804354370215,-2.9012177254803877,-2.017452050942108,-0.3150943073335172,1
-0.023841151010516363,1.1394074419328282,-2.1106324661133136,0.5165849695700944,-0.8024914785371131,-0.1618415628542358,0.9215169693346942,-1.2139812628264368,-0.9489309891296939,-1.5692720946805008,0
0.2505623535300919,-2.7842038621439458,-0.8436875073630252,-0.6131821284018295,-3.0309605031030653,-0.29716487323039276,1.050117865821371,0.6615232459691263,-3.316532177149283,1.3041613908150227,0
0.44093484407141004,-1.62135526923995,-0.3067361058684691,-1.4148194574759854,-1.2620627059021798,-2.245907371267922,-1.265959823800332,-2.2949699275683333,-3.347759907789748,-1.5820348282554162,0
1.9739297536545877,-0.5345350365353088,-0.39583608157620465,0.43682471719238786,-0.11903810503805634,0.912740107083128,1.0378909147677426,-2.7004050661437384,-0.8877935066705962,-1.6750513621855045,0
-3.332212674149724,0.625459020242711,0.018659192265177316,-0.6640097777224797,-1.1195881481800172,1.915219293539939,-1.405728144418045,2.1138453686371443,-0.21059433817972528,-2.3968988729133702,0
-2.8336133407244284,1.5559785626537481,-0.23134298358970584,-0.6407752740865805,0.2329290149714045,1.7089603824557005,0.42593811094858863,2.633864968182742,0.299163473813842,-1.8979640990588127,0
-1.0549591351186975,0.7890588296796547,-0.9013955876766517,-0.14187672638301077,0.5233858665745286,3.52957146715862,-0.9400674553918519,3.2237560279230015,-1.3034792742059795,-1.8297845332939988,0
3.1776572187559746,2.71991559212319,-3.1587218477615853,-0.18752470290034973,2.442642094962906,-1.3907891585725465,2.1567544886236876,-1.672289817209065,-0.44675327833948375,0.21446094735326504,1
0.21992360195428223,-0.6481194172228616,1.2200142167802492,0.5820807445552683,0.40685275071519145,1.0807476591544212,-0.1546953388016661,-0.00479436058029048,0.4613823240744057,-0.30069356886917764,1
-3.41907413332338,0.33395907694948096,1.2689442849142323,0.16069560865691823,-1.1307485333100988,-1.8404907610258885,1.339396122439157,0.07106663540246783,1.2705898560786517,-0.7799503939760497,0
1.8048510201175965,-0.20137249501493634,-2.4035971205231235,0.3266784983096997,-1.3008775289076595,1.5003002421435765,0.25333076010661776,-1.6282229428262607,-2.181528662288015,-1.4325334398161014,0
-3.096553650005544,1.7688286962771693,-0.3161378159688595,0.579509315637012,-0.3717984600985381,-2.0924970350631287,2.0248786093294457,-0.24986632314320778,0.3890680087486693,-2.04802106601461,0
0.18337918873753334,-0.12591817146993756,-0.15673512541440027,0.49558614250970723,1.0066383082757544,3.9059891935136144,-0.8853275610043386,3.027726101039721,-1.3389562595551558,-1.0778316010924285,0
-0.8770878255947129,-2.4602412241617704,0.8182176462376797,-1.0508754496515214,-2.2504142673886376,2.7774359303412184,0.2892722520043055,1.4495406954516523,-1.6296432532269232,-0.6078398443841995,0
2.016007997852297,-0.816428388434197,-1.7730373103239647,0.9218262915072898,-1.605219727621281,0.5645855553508647,1.731196901639361,-2.2347733313282063,-1.6891087086408612,-0.46315197023139,0
0.673692415928857,-2.9085784027549684,1.7595182609583206,0.4978127664133091,-0.1243377652662172,3.295435971315339,1.8899786444022575,2.2552669825743465,-2.1057986921292358,-0.11195987126512752,0
1.8782414550408366,-2.718690445343012,-1.0933625201327486,1.6129713899394713,-2.378000722757422,-1.0451566875707927,0.8535519082398223,-1.1475365867362988,-3.4218531847055718,1.2496263132675232,0
-2.5151001264165487,1.8123626419357692,-1.4776145160619911,0.40146249920536903,-2.0052800362912704,0.5898297654222819,1.4264972727185825,-0.6049210583821564,1.3553040839356907,-1.846376718506841,0
-1.5302884896816717,-1.3271160451036865,0.890388070284584,0.2833051793804862,-0.7867736913797452,1.422181559830908,-0.1787381196899341,1.3791532535173667,-2.0101726046691657,-1.9532512801591486,0
-1.7817272790388323,-1.2046797929565893,1.2041779934171433,0.856743175843872,-1.0155756425047249,0.2980392123251907,1.4307059976406318,0.32740894247264385,-1.2515006674860387,-1.8259850670340851,0
1.618975352825595,-2.9966736562594427,1.4583785399544733,0.6161612305147948,0.1458721904338416,2.7275661944554144,1.035946140314855,1.7448593278021334,-2.3649388682869104,0.45051829157201695,0
-4.30775411967148,0.5243326155958739,-0.40611483772225543,0.9336566014288975,-3.4118816863057693,0.4146249704348828,0.6464979655959932,0.703917051831802,0.9868520653861621,-1.4242493625116062,0
1.262789985242817,-2.766836429108946,-0.23646911185689912,0.2887323467136946,-2.7458921813115973,0.6551735537838517,-1.6368410927267576,-1.8545229333898963,-2.334603347651146,-0.2652938906298896,0
0.2720309594168683,-2.443619290937609,-1.0846769473623386,-1.3292310545303723,-3.0724042704000807,0.20780599764417196,-1.2145270310881418,0.34108451436248677,-3.044242554422741,0.8062535961098274,0
0.8366280697326969,-3.2545428297961974,1.1188191450750127,-1.0023876446164846,-1.0573284794054978,5.6118677474017264,-0.30150933970012783,2.9562115285677213,-2.465305881016585,-0.4074007985250433,0
0.8059068662463381,0.569857388939403,-0.8280840536047367,0.4231030518391713,0.548857391865175,-0.7247368047432721,-0.9520929023775087,-0.7687105465220184,-0.548129025486163,-0.2869139770148439,1
-1.0566575161290506,-2.4028563739051236,0.7973251994582613,-0.9416859762946027,-1.9441352647031622,-2.7352861645829805,1.75457259756306,-1.4477071089900377,-3.37120742536847,-1.420120483241477,0
-0.12215733022289045,2.0716986182688104,-0.7483742880499604,-0.9409090106097221,1.2410970779518788,1.4642125503726882,-1.3586158073784438,1.7260395870826444,2.389346721084738,1.1013398501632468,1
-2.115634566867835,1.1107267410804689,-0.30550945989334355,-1.4070173807365334,-0.22368909493697198,-2.013642885802981,-0.6153330439689177,-2.1365975835063438,-1.422999219468554,-4.243776740436916,0
0.97821193264635,-0.7647159745497067,-1.2708393586814657,0.6915147064321684,-0.6504212643197316,0.3748479716723523,-2.2628099626907923,1.7835192047528903,-1.512400163480226,2.098030018908508,1
0.04852225675275533,0.2574104443271585,-0.8913776558122187,1.1881190566564999,-0.7539430973039889,0.3291234986944682,0.8132874560169007,-0.6627342194633108,-0.2604804164279555,-0.5993493718699394,1
-1.6523132141046415,0.21438589178969536,-0.3689465976709805,0.8880528540452571,-1.4838372361568875,0.3769844911732907,-0.5570701936223185,0.09659189583174754,0.11039558345919409,-0.9603696892110551,0
1.8299062911844233,0.716461018173504,-1.554708102943188,-0.0290264061605871,0.4752063062329428,-2.6628348904701515,-1.0032080198636522,-2.088387504958947,-0.6041400620307793,0.8215892535634715,1
-0.3294333836438092,3.9654338361793684,-3.091036805396758,1.3435346536084607,0.6090612706454988,-1.7090396859324513,1.6800866493394657,-1.5253223617459843,1.6927678864855653,-0.7321860960650515,0
0.9297371820427073,-5.778053621035971,3.3898745553581695,-1.854609310898411,-1.7132295614462212,2.3678830147799896,-1.3054620222731739,1.3826660978357614,-3.2935880272139597,0.7250009218284799,0
-0.8012636301121733,-1.5793180445856172,-0.10409235473737222,0.2931361062238891,-2.812477316141469,2.8782293308782916,1.2805186368369963,0.6553071751114344,-0.48831357531451713,-0.3728164485425457,0
-2.7013961581097425,0.6304342507718993,-1.2793850183098066,-0.5758402121980103,-2.5855832898296756,3.040929259503116,-0.3618139880845252,1.4725993958897474,0.08663138455218466,-1.9480121642988633,0
2.6496739859450984,1.1526237885184145,-1.8311384769316232,1.7247000541665105,0.28964638815094745,0.66488766815273,0.7936685456257128,-4.9083125533987175,-0.4588425819410442,-3.323289006910315,0
-1.3818348695095173,-1.0267585508887334,0.8119806623947605,-0.619073100430896,-0.16059965272836463,-1.757811690451602,0.19963929230287222,-0.5225406866208088,-3.0428163855307333,-2.756113637335833,1
-0.9672306985885916,-1.3005983508529881,-0.31027485398383603,0.6135361772832246,-2.2395412100243615,-1.3824395742441289,-1.1423820250394405,-1.2381675791140532,-2.1461326824610834,-1.185090486723989,0
-2.9192621709232873,-0.8603406989867934,1.133425430184828,0.3297862262602962,-1.4004097363850483,-1.508924967430026,-1.5499966260186715,0.14769806443764244,-1.2919672478044326,-1.8499687565844858,0
-0.9924184826153457,1.4979850465477962,-1.238154657443328,0.7934432954943101,-0.19266116438161762,-1.6523835630783619,-0.1623341860262142,-1.4379537241551026,-0.4513303473781718,-1.9349954625229473,0
-2.2824551675584694,-0.9723087957993297,1.4201453570747096,0.705100549416564,-1.5537233326016322,-2.2814690050221595,0.9540340387228873,-2.0305655159506295,-0.7414614785602865,-2.2898539778722466,0
2.6998990720969367,-1.8742232800044623,1.3677691039109816,-0.23576473702535808,0.5917916166985852,0.326589604294938,-1.2455974395363607,-1.9545577608371945,-0.24084837858675623,0.5904284398502326,1
-2.4764328893953813,-0.2743431502824803,1.226360237128305,-1.556135180473943,-0.2181676211782465,-2.169985726132539,-1.2474286150220928,-1.2004151578540414,-1.7569840774115852,-3.529730295680763,0
-2.672480494521961,2.667421591019516,-0.8005693098516342,0.3125248158232605,1.425809977505569,1.2466189417822195,1.1034975012723258,2.2462914507394784,-0.18236416489217755,-3.183930181502783,0
1.1250912360413876,-0.9982493273321613,1.8513369938848185,0.5231727649891493,0.9218810163268945,0.9403626371462352,0.750512419611869,0.15106213278954095,1.5219252135840518,1.4731024017145908,1
2.1620052042697377,-0.05062944977176019,-2.2877419334676983,-0.213332916201082,-1.1197953645914285,0.9368281395588305,-1.1394572445525422,-1.6976586413663832,-1.1829074200411016,-0.12896961994149725,0
0.4155760440803765,-2.289903558654311,1.551947706295602,0.9687345734217893,0.19891111451798604,1.4431337888720566,-0.38409091821079866,1.7416376488472767,-1.8957744944903143,0.17934597090682947,0
-0.538818818343072,-0.7759246153800735,1.9243197683290743,1.3237455489254997,0.503395432593019,0.4990434671089816,0.5502674677899182,0.9889162468861801,1.0899913214385628,0.7117361470090748,1
-2.15797480827506,-2.4403516256886957,1.351610482234638,-1.3223652560550825,-2.6603857606800325,-1.2059362897116417,-0.5046001216487757,-0.4270667295764631,-2.010178460350948,-1.1628302098485623,0
-0.5533849380032443,-0.9593343282144684,0.6115018505481868,-0.2430715512150047,-0.9110212400293907,-1.9137704132118354,-0.5460513800970288,-1.369789956420338,-0.8966147149261697,-0.520085732732505,0
6.175719311435455,-2.6046141331625705,2.3459861735896608,-1.3716260698570923,2.068470914257956,4.945079549885193,-0.07390739771096427,-2.6295253737670676,1.5385064855979769,1.0105349937797783,1
-1.001453693078526,-1.0542989988705498,-0.022613855504049374,-0.7293418589630624,-1.9722646474802394,2.459044012082135,0.28385728982886005,1.428342818221812,-0.2575485202533373,-0.015446021196294568,0
-0.9563507153364192,-2.5374529937326518,1.3120926153110717,0.17720107396906296,-2.127584779398486,1.5399836045819701,0.3206630477626402,0.5191269013427128,-1.3830976626672071,-0.6595454224386617,0
-1.034789191902217,-1.0999282232622036,-0.1638029001297332,0.5063825384880583,-2.11995219280233,4.629615255645719,-0.9637610409115323,2.840101844366112,0.03182168967126908,0.1936536579695305,0
0.2806416425638467,1.1048774390760796,0.7553022505016664,-1.8800076023684493,1.1967134778029935,3.210863453309824,0.8065438637417565,1.6777190988585602,3.724263733888281,1.5117494079210259,1
-2.158644138775655,-0.8822889078743138,1.155579926461452,2.466588009341556,-1.2401073187670875,-0.5137349111518035,-1.182569388528646,0.26040130860494237,-0.46820259352560434,-1.082022812778797,0
-2.6635280072690874,-0.030997825733423544,0.3525693265398251,-0.07851170476175597,-1.5600198484909757,0.8434136468379595,0.2307685386646072,0.8982382519842123,0.09893375790375969,-1.4857404522683766,0
1.535246801625874,-0.46948298587592663,-1.7737251022278202,-1.5703491315448055,-1.1185938445561725,0.5090972028389276,-0.42028207472988716,-1.215472682104994,-1.8290788189533171,-0.41945191759230305,0
-2.863501749092392,2.7453019887697714,-1.7342184367234803,-1.5777532278001976,-0.1407409700971619,3.9994988461633367,-0.7817404722245345,3.709985849302874,1.142139705286913,-1.8178936038548748,0
2.5185943065075778,-0.032580623054193514,-1.627384040172784,1.4727227413757202,0.30174472311011125,0.5404907220659814,0.5475302274932272,0.07449447695716405,-0.7232993106570291,1.7343778714949711,1
-1.7462780606934967,0.7936055006461262,0.2684745707363434,0.5533517108422115,-0.6593050630517063,-1.3768219552062209,0.7910230386937182,-2.87709518616962,0.043182755395412276,-3.585563428296922,0
-1.0789586188411582,-3.4394710807805673,1.954512778606706,1.0675661206579563,-2.492543659716973,2.328209170374744,0.6933867037990183,1.6957466120561413,-1.3286420013839315,0.3314203083195617,0
-2.4996335610977325,0.9240787279684914,-0.5103652999293429,1.2478207731502375,-1.4344407598589963,-1.713352925308818,1.449339756460838,-0.6621359129930627,0.2535040261573165,-1.2874720592694309,0
0.5979142013583771,-2.8812413444925062,2.370810890730019,0.3671283190533627,0.14641239510717763,-0.39614098442371826,-0.4877280190392609,-1.416920997637557,-2.8442719617858154,-2.089234113947031,1
-3.200051803005523,-0.8859898648757812,2.1059806589717374,1.4990316054819934,-1.279433319010701,-2.5228019699155766,-0.6860822894443216,-1.4778751512597545,-0.46638862664720226,-2.5641456869073296,1
-0.3931016598734182,-4.912036127863404,1.605383756140626,-0.13365973326242211,-4.121998775615264,2.1873119961856187,1.6193220763233047,-0.23610925919995185,-3.258052909344399,-0.8128306821144982,0
-1.4060179610950017,-1.1259107709059382,0.3849883673937077,-0.8704095350531359,-1.7655737788713277,1.500816909260767,-0.16662710805439485,0.43053456882182617,-1.00633851985206,-1.4840626132106505,0
0.5959404251153374,-0.7645829169278796,-0.8354459173685925,0.16704655337656374,-1.5085461972985141,-0.23987877250988232,-1.1922248489561023,-2.2422381635953146,-1.592916623358999,-1.4738701409382347,0
0.5063799860336615,-1.3795434467592702,-0.2864477384888725,1.013171297647458,-1.7699199972651116,-0.5010256087429649,0.1579837777728344,-2.329579070600012,-1.6782322424539573,-1.235053404254438,0
2.39367965313403,-3.373862530101151,-0.5138748878753272,-0.4946103468956681,-2.564210561472767,0.9804518056492952,-0.6811269601357584,-2.033271700328503,-3.54323455831087,-0.3179398401227608,0
-0.9020736235534421,-1.8580929423414358,1.2231170076474092,0.19176563310249223,-0.6586581938615483,1.6284686808521704,0.9386107696939839,1.220281453272217,-2.136280816623003,-1.6310579591816217,0
-0.05746088219861834,-1.9590885795042556,1.3721957591353724,1.8561337994051366,-0.3451418909488676,1.6626941145485428,-1.1990753176375482,1.3926466628570462,-1.2327508865880614,-0.06620907760636419,0
-4.140401629696152,1.782440451773599,-0.7714500729851332,-1.0277739179138536,-1.1496603646412427,2.5505605031845358,-0.6466868530633912,3.2760843275350626,0.6318430887059268,-2.1526543862328484,0
1.2464116849943916,1.391101101802866,-0.9420991928452578,-0.036878059294752734,1.1968431155388892,1.7639438156360243,-0.021342950672923657,-0.061533953982919165,1.0627956677392274,-0.22844360721638668,1
1.2449868124432597,0.35651998432003607,-1.8675824833271744,0.07280612886260611,-1.1915356293312556,2.002847050824277,0.09109400991372943,-3.1110283412096056,-1.27253418630793,-3.421598263420375,0
-2.18873850596793,-1.8152274301027695,0.48622692293513414,0.7599232213413074,-2.432146619662556,-0.6631491657743243,-1.0685880696434649,-0.156498424700519,-2.7519287538732486,-2.138982994813344,0
0.8642529308249752,-0.23793677933181395,-2.2391139149952437,0.33959860858214885,-1.4341046707478677,-1.4505829459824577,-0.4343270206942534,-1.5856706672306364,-2.6746617180671994,-0.6382215451777694,0
-2.7909115222000205,0.429238254782665,0.9034295578952489,-0.9058287628170728,-0.007197662709625963,0.11638447842907229,1.499287758475687,1.5819270136224104,-0.06511128827301782,-1.6763868179586348,0
0.5220560687314055,-4.61663620687244,2.588226978707131,1.0382984117696008,-2.0242175727398872,0.2726989100187831,-0.8198441185598999,-0.6939448393598628,-2.769919826081993,-0.031413593398232464,0
-0.5720615573192775,-4.286030846322417,3.1102410590259097,0.28781049692636984,-1.9761391928455527,-0.4231959461461299,-0.5829662192618927,-0.12481590612965321,-1.9077386786003854,0.3666702518592193,0
-1.0865590358464405,0.26504837487681115,-1.0248236341379169,-1.5280387727866134,-1.382932101394056,-3.1429034608310147,-0.702718637086929,0.0698714009914363,-0.15416207487228462,1.8095889712502453,0
0.505815552801007,-2.8033853412962615,2.834377728950602,0.057465549700520056,0.35886685917871275,0.13410115041432202,0.17928157945071474,-0.8793136233052665,-1.7918349653377104,-1.38871879114111,1
1.0338690482603177,-0.4600038609804017,-0.0865138833320862,-0.9052850220766508,1.198208985227939,0.07502501586089894,-2.106043857594188,-1.0570903509479297,-3.070622183657153,-2.967119227425767,1
-1.6710346013479114,0.5967519179210852,-0.43455017855996037,-1.302002661701677,-1.0151901552961644,-1.4197466174229536,1.0998686247253329,-1.933625917753064,-0.8743565635100734,-2.9182789778642375,0
1.2517502395641664,-2.7049851331261348,1.7524591106819134,0.19802280057807073,0.9423099314535124,2.814778690576645,-0.016226208704295298,2.5624002140602284,-2.535484570538543,0.09870343806653525,0
-0.7593924173646434,-0.3910629245265741,-0.2531076397378774,-0.6762307418119539,-1.0050875746830612,-0.6427388094127973,1.7522731900835546,-0.8274355061188338,-1.3657969944728081,-1.4909994764675134,0
-0.27544307658826084,-1.4271183298588102,0.5560108127481713,0.9923547312467885,-0.3667418559391271,3.879191447280669,0.30203932308916087,2.603974795211517,-1.598332541059389,-0.9920998213226405,0
0.9813810160828604,1.4695133456168075,-2.274746125209478,-1.9584653654033375,-0.02886163652367313,1.6596913121887877,0.29260724150560335,-0.7806224024486643,-0.34604821422696797,-1.4298328549508459,0
-3.1286025023912387,-0.37681468653444006,0.5798484410688547,-0.8228614157581384,-2.428496577119953,-1.282656331301034,1.2934268749629496,-0.9051258445165669,-0.08871310008706068,-1.8364618959050212,0
-2.517792451466247,-1.1338555557306775,0.8592328826661714,2.6262892551952284,-2.729452511391707,-0.3568050638058997,-0.09290846984828297,-0.019267478963188145,0.36450595432011124,-0.20884309992644734,0
-5.973492200387081,3.159936243174691,-1.0355108252827017,1.7106586725909851,-1.5375233126971077,1.2679603940298054,-0.6653358034334415,2.7249900827570457,1.7797818466744486,-3.0226926687058384,0
3.69609681374759,-1.0149427793937593,0.1271372036900742,-0.3046510841258466,1.3974789234303961,0.7754617335406087,-1.2085151668214802,-2.3082401678689113,-1.106330966074183,-0.352404449144916,1
-1.3949042191223153,0.6301013797326,-1.7195363853915742,-0.8561813595133891,-1.4151764731139542,-2.1471928634802424,0.10798088911648625,1.049165711627293,-0.8000952201370825,1.2337586409133001,0
3.734856186530764,-4.166962359108972,3.81133825990372,2.23813192042712,0.4294441192684282,1.9215136861992375,2.5305246891202735,-2.54474050865781,0.4430620141673154,1.134014715132111,1
0.0208746909689318,-4.08854850173486,2.6287343047167004,2.40462449207247,-1.3476175910193287,0.0667014478684318,0.5981681339527561,-0.15087087518501563,-2.9573823245760424,-0.5897760208722092,0
-1.8138248141204707,-2.988608430180421,1.6453919050243617,-0.7135564909387535,-2.934582641580393,2.3812412192576993,0.24467034907095767,1.5412465893555736,-1.1313271533286449,-0.3282627558891018,0
2.654032697324453,-1.0775074981589323,0.5791331674299138,1.6911732112803357,1.9156203219375008,1.1873268077587276,-0.7778028998325223,-1.4429618852221853,-2.496005785970096,-2.2674973598935244,1
0.9464763812337252,-1.1304769374431805,-0.9772044254586116,1.1192727900621153,-1.4419549431353147,0.7758438976846931,-0.44587779064246214,-1.6127960557805858,-2.389265184103018,-1.7131136566776695,0
0.058875580545634715,0.6433063799219911,-1.5915568259423674,0.7281837130895294,-0.7296747844292,-1.3065767540523228,0.9396243162021677,0.20236774272283942,-0.12232688696572414,1.431753756937208,0
-2.7892762931547055,-1.7998353173547177,1.9094238329190634,-1.9478237331009474,-1.925393707480076,0.24898962403906166,1.8818018326401498,1.1803258315602234,-0.4962186017657655,-0.7375665222597774,0
-1.2652481905801987,-1.304259138543279,1.4172702597534905,-0.11929030569573905,0.0983117180057047,1.5561561459408926,-1.571052204834725,1.7888333695445793,-1.8047200201511724,-1.778023286464692,0
-2.1705176521433365,0.9073008872898993,-0.5656543523085361,0.7684374973966008,-0.9691038036700387,-2.0904463202092662,-0.30109644443978495,-0.30879204208326416,-0.09934272812965195,-0.871674117035758,0
-2.116175008743616,3.327269540436746,-0.6802951838761859,-0.7414712032425614,0.8450026809147628,-0.8222335169616941,-1.0541497563637097,-1.873609880152789,2.0612193090622752,-3.4082358948434215,0
2.8878867995574034,-8.416180358331411,4.620265930194802,-0.7876772964243001,-2.451831111831431,0.7080256160981142,-0.2923171457690879,-1.2687619184530323,-4.740316481375974,1.3277514914801483,0
-3.5339891811821724,1.3126779369632289,0.7012183501535383,-0.09191682206947607,0.2950178333145934,-4.094701471762544,-0.43784617911268076,-1.4087938810284861,-0.9426769504714796,-3.643877935499985,0
-0.6429165888966691,-1.0154179313255027,0.4555632387754551,1.3120623437828138,-0.9959636452660624,-1.7316264944419697,-1.341405768133854,-0.8857207546204806,-1.1622439995525757,-0.38254256669827225,0
1.4372317538355746,-3.0607485754390824,0.6818648097121662,-2.154383706340724,-1.7500397507317875,-0.24961392466344368,-0.8393519582926326,-0.2067377254084488,-1.57203000388282,2.2011475180178413,1
-0.05669578270977242,0.9913521666461764,-0.5302394212668881,-0.418478534942753,0.8965738331146791,-0.28585004645090883,-0.8512536975641631,1.317382204755098,0.5246434004887195,1.054281934072763,1
0.0373285228396491,-0.8974697213947056,0.9135398994227839,-0.4519837469385462,0.1248996633147218,-0.056136403761887665,0.347488584140919,-0.6003030840901352,-0.9627483907551002,-1.13218321918479,1
-2.633276726436974,1.300190977234268,0.19985054565630567,0.11135849569809807,-0.30720234399691837,-3.142124317185757,-0.7281768467966099,-1.549953471366266,0.27246078820697517,-2.156133042322032,0
-2.0707848473042936,-1.146651622104219,0.2267989615228222,0.639020475468985,-2.654348885726819,3.143613205284668,-1.4995960965593678,2.0988295217562034,0.06553176525700732,-0.2729610048804715,0
2.713498329163148,-1.782959811259906,-1.7215153113450135,-0.6875032851377786,-1.8769177402871704,-3.8609670465350976,0.6843606496072474,-2.1656184063124657,-2.0477252911719783,3.5784633650624937,0
-1.2516126427930747,-1.211353292050594,0.329739210089782,-1.2313669260938347,-1.7880203734203453,1.7770096244067015,-0.9666901089250267,0.8664823979111109,-0.8795550796700732,-0.9362218444224678,0
1.881794817715681,0.6305198223672062,-2.155464752423803,-0.4303145247509898,0.16360686142191416,0.5257200783177586,2.229043724523813,0.7520873950169512,-0.3981847646116562,1.922013823963485,1
-1.4235152998040583,0.6139130486483799,-0.9693862639219346,-1.0404850982458325,-0.5999879552213574,2.007918666067075,-0.22059852118080178,1.0342207145948967,-1.3522696149328552,-2.652676595719711,0
-0.6416522395581697,-1.0867713493415552,-0.36675839110802344,1.594783796486747,-0.9419910044992126,-3.189568042957543,0.7499947052911516,-0.1884497515581598,-2.9186035079188946,0.015907610811963124,0
-1.974909546920643,-0.4511014028940776,0.8479026558597174,-0.9368930284616538,-1.3526267967010082,0.12464509465373208,-0.11833901627440958,-1.9316208731661784,-0.8297319846704403,-3.83946711476982,0
-1.742875287990939,-0.8843336647156488,0.004988062428196827,0.32777418992541174,-1.05928558146649,-2.150935609779334,-0.6069622239974672,-0.5105652829714691,-3.2900233515059116,-2.4862289806543885,0
-1.4136524783260997,-2.5586553890444956,1.0626210547106443,-1.2964383755849946,-2.477813633648236,2.9489481968866658,-0.9691193442983064,1.8353186895340432,-1.5090837024866626,-0.6628207289880101,0
-1.5670436027054055,-3.3562299768557153,2.538508491732964,0.4361230887697904,-1.8110965714987466,-0.6497332789482546,-0.7516362710192865,-0.6703524407859327,-2.823246878276559,-2.115428435712868,0
-1.5603837840658648,1.3003001814461936,-1.762625379200199,-0.4976968062969693,-1.1332993227209713,-2.0726749674258773,-0.22204256863212143,0.4388431223028304,-0.1305078550620219,0.5450236646282494,0
-0.5174964993587511,-2.9098539450191447,0.8450684452179194,0.2484732179970922,-2.5048522351111933,3.437568912249911,0.45855085878510643,1.319679442048727,-1.9721716071965054,-0.7923497010406482,0
0.8487399219403187,-0.9850596962050377,0.5117238317111189,-0.8788089291659094,-0.002742229851304012,-1.6497244652799061,-1.7318036989259478,-1.2400371361693285,-0.7834000043793852,0.4555487055835301,1
1.140582770055239,-1.0271866245704482,-1.5653846015625206,-1.5109457673400708,-2.2789099461211357,0.6895783140916265,0.07613355383977831,-0.6356677037588829,-0.879144924062764,1.2072951790588586,0
-1.2109093746705102,-2.9605927093854416,2.602335788864064,1.5099739879770104,-1.629060937915909,-1.463174888610542,0.44978261794435254,-1.1923890444017298,-1.4568272981299009,-0.8792909714902012,0
-5.080222099364382,2.9853257493778833,-1.0359609015337266,0.5261488251233458,-0.3665121395270543,2.691473651045478,-0.6056683817585125,3.497891830481328,0.5195941373412614,-3.92254865567916,0
0.9123576480596574,0.035213231678292746,0.9261754972645379,-0.6003993896860579,1.1329449771424835,3.0172274980592535,2.0571446489558993,0.4119165130706539,1.3608551615930744,-0.42678524062899825,1
3.026217446625745,0.6619071134837883,-0.8657704133931918,1.2419075306547247,2.0919054674366437,2.3274869699763174,0.7865706433899993,-0.9119722208010661,-0.4942298263437095,-1.1216030167444668,0
-0.08339238668858061,-2.782887498425975,-0.22815491116260167,0.9171386615205124,-2.8629244247344348,-2.9281616817025546,1.231057903355565,-1.503047216572301,-3.5783711922254113,0.2643705264045215,0
1.1348075881373645,-4.099466957572748,3.46001979660221,-0.3894185332824212,0.5797758096071148,-0.4129476411048123,1.4983115437496803,0.010604747822937632,-2.9327667510550164,-0.1249369319531195,0
-0.8154694337771976,-4.531556926412104,2.786801767393926,0.3590277724059801,-2.876767376103512,-0.30966456629609374,0.07745581479613853,-1.2422878919993563,-2.671159405465074,-1.0319178328757936,0
-1.1143403489421224,-2.1653026140637475,0.48606516180707293,0.3699945072275205,-2.3600230565703564,2.695917953375948,0.5865122189668235,0.8432194182970161,-2.0928203618440384,-1.7636175163616032,0
-1.8915828350114814,-0.6237989416456491,-0.3986734416055946,-0.15624777267764606,-1.945187711290802,4.240954944455284,1.0478545137125523,2.9174598176411157,-0.7946064322387401,-1.2323041544784785,0
2.3089765842212007,0.7492587783777437,-1.3060311305405379,2.902650262493721,1.3250864245214917,-0.5102211944071808,0.458498476242932,-0.8001693929062592,-0.4160805702510503,0.7269975736224319,1
-1.3835496026392893,0.2922950037083037,0.6042772877183467,-0.5279280464329243,0.7856005736830758,-0.7259532536816635,-1.0823991107019761,1.3130057525262204,-0.61403611427884,-0.7211964201741309,1
0.2185714687688657,0.1426757971750642,0.7596509759583487,0.2854869431991662,2.1086824364175896,-0.22622154388390592,-1.529015024414789,0.22080542900954725,-1.549336671104649,-1.9584801618092564,0
0.6276307450181325,-2.9993049072302083,0.9718746363770991,-1.195256799383643,-1.2766683992468475,4.402158291505398,-0.46005924222016575,2.6018308095274802,-1.981237626313639,0.2948538249920507,0
1.4432916368446858,-1.159125395136625,1.9871364674895702,-0.434371613715728,1.521197581414976,2.5232089724725464,-0.637081178337818,0.29229114768379905,0.4916752694381863,-0.26396811612321713,1
-1.02098360871514,0.600880860590794,-1.0394844747664576,-0.7532399901022582,-0.7030309142900746,-2.688995300043614,0.11653842761644315,-1.6380791289531402,-1.6001625644419155,-1.7680633397631624,0
3.722169435059976,0.6657211797326034,-2.183173454505299,1.254656044926688,1.6136869018764086,-0.8493887036443761,1.7961473783167576,-1.7795766603473866,-1.7008198402586798,0.391957268626418,1
-0.5806185198314189,-2.446406443000575,0.8044265929358572,0.5692578552242005,-2.294772780991285,2.150265480414674,0.4886951457474786,0.7955620727015071,-1.3432570221647293,-0.27056906798513314,0
2.1573839983234144,-3.609201869462932,3.5229679902456548,0.5591381878793416,0.4828944177168746,2.3287759608631196,0.945497250221145,-1.7570710888384222,-0.8935519916429155,-1.2327920242860027,1
-1.8399414412301474,-3.1485205418463322,1.9611373254576465,-1.3225379316172075,-3.3236481108483673,-1.4890540169098205,-0.8109408053447048,-1.8478157803798032,-1.515620320743508,-1.0976290293087203,0
-3.4552208171535224,0.28440261062135974,-0.0962432485629865,-0.4862966105045472,-2.6778574433433953,-0.17190931622738592,0.6926513169503377,-0.11072737197166349,0.5023216491507623,-1.7013328892311406,0
2.093754445396577,-1.5309624676564717,-1.5646331631737544,-0.5805046772180082,-1.7021864668709064,2.3552219134553174,-0.9175783854093308,-1.8199980487558078,-3.008818893608263,-1.9640729888482535,0
-2.7984559785990153,0.19132065370525783,1.6545883903675211,1.5763575462909234,0.606834538332649,-1.9498641219040689,1.5120486152893071,0.5103937349290855,-0.5277093346959502,-2.03328877638077,0
-0.7715218955437526,-1.29415466714821,1.6101875358606756,-3.0205759218297796,0.4818313449615721,1.4035417257100198,0.6795831493856468,2.388282603922854,-0.8925558598926576,-0.09886163622689303,0
-1.2863126767591115,1.7592041450946176,-1.336203594067706,1.3266951829766158,-0.31957519956042146,-1.5777357461758639,0.647003972360589,-1.1716606787625297,0.022684301276656882,-1.6597453621210214,0
-7.298433346995673,-0.3040939493171068,2.5308296432477295,-1.7463909202149355,-2.1908605211931222,-4.9748629362271375,-1.1122931557964109,0.6119892745723212,-0.8369182754968991,-3.0336003910619316,0
4.3819050933639225,2.052918544727553,-3.518241485770267,-1.4629282073910133,2.476920360692241,0.47695290818981906,0.5069555354034934,-0.8911655233064371,-1.264419407312214,0.5448803140744457,1
-0.36650815108424295,-3.0033844348673444,1.454114403975967,-1.1378321507929698,-2.2749278581760595,-0.24542537065738257,0.41097616501416834,-1.1029554796740904,-1.8654339368131343,-0.5755849863958156,0
1.264650377282435,4.713745552021584,-2.8434514719042427,-1.5717629732272154,5.0320036547378235,0.10252803675760946,-0.13156218590924293,1.9067447872231276,-0.2685870149262225,-1.309343036536526,1
-3.0098716608729874,-2.064360292812944,2.1820431692935265,-1.2456688693400075,-2.4096581119273544,-1.6943202407590734,0.1728789609345851,0.02029644470337133,-0.3648400437832652,-0.3287653463870023,0
-2.88403793533666,2.718799839480787,-1.7616616495837691,-0.016335762353619776,-0.3502077495199869,2.078693437058496,0.32047678941155466,1.7707315394051029,0.5125510862951204,-2.7963661665977515,0
-4.407557540342098,2.3761314711650208,-0.5365804954103668,0.5346365326374684,-0.7771479795400349,0.22960435412747726,-0.008033603559272125,1.9126542468806091,1.31903658682082,-2.0804828809791083,0
-0.11174817442540344,-3.2863002046437293,1.0496963148196545,0.18714748687733387,-2.2434144791925625,1.4286116250718026,-0.24565335212553394,-0.4255085323012453,-3.22803424179664,-1.745470840965919,0
-4.3227308678008685,1.2877539604060142,-0.8133466264764206,0.9617159605132203,-3.4780283679906656,-0.5558681735846811,0.5066221699517468,-0.6549864530485319,1.7016440040226999,-1.7366685614794006,0
-0.9217985694484724,-3.0171034828511734,3.748728168698052,-0.37086202780500893,0.2666562587338892,-4.203992511214473,0.16931372385385732,-1.5341850304388842,-2.0306400106619265,-0.6711406155913628,0
-2.2298551943420617,-1.8634288683967009,1.2180461322277139,-0.3542363129064926,-2.3196949359192294,-1.1860925513986926,-0.9820084134190988,-0.3906808305216982,-1.4189786169590959,-1.1307732384940887,0
4.2458934016476535,-4.002603041551659,2.6916348871341342,0.7771887376728707,1.0614821786251765,2.1999253113693333,1.0626974013331458,-3.5676973868823088,-3.0306547968736393,-2.5751396576100323,1
1.7904944112936878,0.17209515847411463,-2.675299278887823,-0.07774065283130008,-1.012413906457796,-1.6358530255373853,-1.2774053886299175,-1.931029385700724,-2.0771235798698244,0.2324314105197718,0
2.601320543526933,-1.1464883390307945,0.993457383662327,-1.188236086510001,1.2131335961008676,2.0517746029774995,-1.1830630064186702,-1.2946076163796885,-0.31357753735498195,-0.6732888715250991,1
-0.7461766817491182,-3.919905579454195,2.463721827655827,1.0351221657715732,-2.0904567906252445,2.853685260508203,1.2350557355075837,2.1314610319783664,-1.6060030621947856,0.4058614372913798,0
-1.247791140600618,-2.42040663017766,0.4597064105441333,0.28540689075321696,-2.1137702296083636,-1.9136607501403629,-0.029470956717776595,-0.8264017213315136,-3.981651619232702,-1.908649805776569,0
0.6827905430909426,-2.8650446293154452,1.4312537750960959,0.20822686215356342,-0.6399082008722201,0.9741315224078351,-0.31597238536431355,-0.20584962585292965,-2.8474537201652095,-1.2049197551152073,0
2.4470450608983763,1.7405194290697596,-0.8972879706209139,-2.496798117119087,3.883801325107726,2.9410163014113,-1.1751330760859704,2.1450129479317663,-0.2679795281180313,-0.3344638157347124,1
0.24674694281091245,-2.15961360382995,0.5233581359667346,-0.49582223683145116,-0.8781836467480707,2.6391825208944186,0.9754995592623076,1.1618571967943099,-2.646834739836199,-1.3008636390268746,0
0.9973987314814285,0.025141212152942176,0.7579742038389157,2.200923817571368,1.2409409880512277,1.2132452438070465,0.21789738989705285,0.48232168740547565,1.1353847718617813,0.7570065034114388,1
0.10633948723970402,-0.5520526986991204,-1.516328120390691,0.31083222911616043,-1.5912806734421021,0.26293199748002016,1.0976942609423341,1.8810498210347357,-0.8752461886810375,2.3682685504321257,0
3.7827715571615195,0.20886445224041814,-2.786082826610139,-1.12314789013217,-0.3068815030672809,1.7008713496706007,-1.2063007031518125,-2.869731175441699,-1.5186329546175994,-0.9164608275595428,0
-1.6098753131659562,0.009943601475958165,-0.10554291874434363,-0.39105685693292935,-1.285149358163461,-1.3581428687509973,-0.2071011056632473,-1.8446520705100922,-1.1049500090813396,-2.6680638684368887,0
-1.15824376303509,-1.4786726551239928,1.7486259708241003,-0.31766941379465224,0.024212983203398375,2.0228173329358974,0.10983692920407466,2.8005885729216864,-0.6210540160893027,0.009482005778920444,0
2.8642559463835044,-1.3803636632738097,1.9144684134330212,0.041650920160711244,1.461884631167787,2.384237391503334,-1.1909026081270546,-0.5900983835805746,1.590637281275053,1.401668991004783,1
-1.92483936816915,0.3089419100498129,-0.5880892167028812,-0.9257640396506979,-1.0757897935883172,-1.8553662411560432,-0.05748574921080336,-0.1354820256739222,-1.2645868122040649,-1.2545682177225388,0
0.4497148083187044,0.7047853473981065,-1.7440968733026796,0.17858720645376372,-0.5920588772391326,-0.46345402263026014,0.6233731816446291,-1.1558502020107517,-0.9177976156197994,-0.8015851184166287,0
1.919140538417634,-1.1273860646740927,-2.2100820999175923,-0.15189722504775438,-2.259748165677224,0.41963768342685515,-0.06374331733420606,-2.04920034115708,-2.381872659384728,-0.29366783988938006,0
1.7590268112837613,-1.7407322798004652,-2.1661273033697372,-0.6301946441769405,-2.3643309689855085,-1.6317465529637079,-0.2807558080180731,-1.2273082911678983,-3.3584238955231402,1.2705577504512875,0
-0.8680588823508018,-3.0547873435659985,3.1244503726095205,-1.0490703595907331,-0.017523628411829417,0.4306250453033632,-0.799071056833888,1.6873984705886567,-1.780233318926483,-0.1839931049564849,0
1.4940935855126747,-1.789823779764782,-0.9539219107867125,-0.9432110892025215,-1.3123786044103172,0.4584343257920289,0.6666747799559565,-1.0728156928324633,-3.315788743027751,-0.973123910655318,0
-2.01741249966646,0.7775980767940404,-1.3914762314633116,-0.12870917681509025,-1.0058223249596683,-3.2436047884730868,-1.0944333513488027,0.5770382895642847,-1.5321094955498225,-0.013728661472085513,0
-0.49388446210969317,-1.5439870846981065,0.5393317476683575,1.520211856692579,-0.7834296480617962,-1.692103233326657,0.6507151024415878,-1.942910368352834,-3.3947072945817505,-3.0054352028849998,1
-1.1722061365334957,-1.2995563702619966,0.7437099381267378,0.6768621373344127,-0.5324844638166921,2.0124044152232012,1.774418532880004,1.7607754040559103,-2.098262311282625,-1.8233544525418997,0
3.034738484424462,-1.2433957943947789,1.2603628379616694,-0.11144781587818474,1.8557295967079854,2.7934830144311658,-0.0733097821141441,-1.0504524525223706,-0.5315485898849386,-1.0323970097600736,1
0.5350750401123308,-0.5704685286511997,-0.5096289196184697,-0.3180199060056156,-0.11135675474489215,-1.5208984447114697,-1.5206963873771369,0.2607828818508191,-1.5043724998454655,0.9910531704367808,1
3.427103202867343,-1.9933704530931216,1.011535359781275,-1.9983157464875707,1.4030411078345872,1.4895716973330548,0.8297738511443541,-2.5295834177813425,-2.527685004139248,-2.216543748040386,1
1.5932115250102679,-1.6769217217339467,0.2976824170104668,-1.2646860350902882,1.1867622392740607,2.5367688521195166,-1.0037107697245766,3.0959088085469966,-2.684014043994198,0.7120907684958097,1
-2.109827234440472,1.8543506913929118,-0.4978028710052782,-1.1701870754423553,0.6352480406346463,-0.20311359051042466,0.14686320945641482,0.7580144316632625,0.027382200739921148,-2.2110417848938124,0
-3.8825285539134495,1.962702722288422,0.15489873668974807,-0.5034990708579596,-0.1972359966608791,-1.862282489261831,0.7799303446115337,0.8688851360957421,1.145376157817211,-1.5307486146107692,0
1.0303322812590965,-3.853070769702531,-0.15699241929900365,-0.9335752517003891,-3.4921191176838913,-1.1980701642118574,0.02810390390210318,-1.0255822565899222,-3.4482247269406763,1.5151959290798493,0
1.9719564129252236,1.4246531440387238,-2.527932021481865,1.0827097735429156,1.280419586462373,0.42973762053499776,-0.5701124162181384,1.1839751473437004,-0.8572884521520135,1.2717270052830334,1
-1.7528727636099435,1.3172359866477548,0.21654356424285204,-0.20167802751111075,1.025239654110906,0.31786543477339124,-1.2944209715866946,1.503234668979101,0.3497004167178821,-1.3262932627058015,0
1.118781918398724,1.5459274907100076,-3.6239893011441318,-1.61004259937593,-1.042219940560279,0.8606018350563813,-0.05820605313308032,-0.7344059224286761,-1.0161524678594085,-0.5192708571840224,0
-4.424031415202403,3.683327022052814,-1.5059504880144199,0.7301571640314422,0.16655304154228556,1.2193569287012151,0.80954575950078,2.4957217537073055,1.0191808486085807,-3.329160877718956,0
-2.2263130884203766,0.46360317089933356,-1.2154841543366686,0.33312205694220387,-1.0782002894700766,-3.1993192821796326,0.2534036652162668,0.8053472030341662,-2.0968310725079347,-0.34542492463946495,0
0.29138861444663355,-4.06075149202729,3.4355544639360405,-0.3454069518325343,0.08165492666520513,-1.3947685705252537,0.5959633088310913,-0.7736781298957112,-3.54886343679077,-1.3006340730689456,0
1.1564022184669802,-1.6964721631320236,0.3881970919805622,-0.38352661634618596,0.35967924704951804,1.5498709841899934,0.4294050800903108,2.2508653104955743,-1.8625610931232932,1.2242685482285942,1
-3.421844787318453,1.5879464466029702,-0.948148513133436,1.1946599101248674,-1.1025471401658733,-4.885813538226339,-0.3125923548005312,0.3539550531223574,0.0354437006501247,0.41343039333845155,0
-2.952976826829452,-0.4056532542241445,1.2393629149855554,-0.8558938037311713,-1.8397780276754974,-1.9916274075312006,1.7569290581994084,-1.0431133483410946,0.5647358907489475,-1.188056869848915,1
-1.3579362715137833,-2.891013213074611,0.39590296564719774,0.13408868558333098,-2.6588785927942324,-4.02916925131183,0.9339743220186218,0.35444775947523355,-3.5650525293568736,1.4162179234617498,0
0.9050789346755691,0.07897075042320423,-2.249581834557255,0.21394864949088535,-1.7110848231123676,2.2301720112180163,-0.5703405124339853,-1.1123020090874596,-1.3653885678790838,-1.5873056674235766,0
4.2499307703213605,-2.795885688368944,-0.445856303948423,-2.2606002969275796,1.1807276988507132,5.371566006451188,-0.1962048968231049,3.471542732291835,-3.750270714904664,1.4929466593692637,1
-0.8827931655402559,-2.1339741773995855,1.9059135402434,1.3195588015602135,-1.1289776022493934,-1.0267841180086963,1.3404391359650913,-0.7053423327446182,-0.9960545674872219,-0.49741409400901415,0
0.14040755138194483,0.49239093537983025,-0.9089415990238345,-0.17008360433451275,0.5347913308236035,-1.3250325743228495,-0.1990116627445822,-0.7447165677678451,-1.9469798149801816,-1.5892705329726868,1
-4.256442337741299,2.874446485519814,-1.4479799023434814,-0.043273188961116336,-1.117636937273162,1.3248264710557174,-0.5184019752547779,1.796090281487218,1.2525575557330697,-2.728106865575729,0
-1.8609957244810063,-1.7377745764868322,0.8786833355294048,0.6714776714320864,-1.607741962071755,2.947252795794917,-0.6786206175368819,2.3383345261847004,-1.7507695634359837,-1.5774368620932342,0
-0.14929770783762272,2.3798492558569277,-1.094963266288516,-0.055023547918349014,1.7231432724999691,-1.9338133260230514,0.022448919705427506,0.04879635534579774,0.8863994965794801,0.22950778985141718,1
-3.142944667921189,1.3280711921943555,0.47703539775375536,-0.9859199657503048,0.15120660258937613,-3.407346481075341,0.6066594577131273,-0.8775666345153077,-0.2974458431926902,-2.5817911646847223,1
-1.9332834457581898,2.0660368701593335,-0.2759125380087065,2.120143134162845,0.6565958631407085,-1.953326917744528,-1.4740483917429283,-1.159667851759808,0.5732373914698545,-2.4009101294023543,0
2.420348724090936,-0.3143135391346835,-2.0305231276426903,-1.1544239502399065,-0.9932615722293369,-0.3215069538442852,0.8625665012473802,-2.7256132369351627,-1.6038661724765662,-0.3525305759490037,0
2.48953901921248,0.19079929486851696,-1.0427187177158503,-1.8208501389178946,1.477387483959421,3.3770593034113685,0.3357539938512747,2.2861431225447983,-0.17608383529719107,1.5531372178284022,1
-0.5062409103704377,1.7823214293478693,-1.7944857276282242,-1.7706925020997353,-0.3381248776188709,-1.2022860285569954,0.5185967344575301,-2.5694155074172267,-0.6441393796237995,-2.9727474858493883,0
-0.46076895918210065,-3.269023932789201,2.7555370622001787,-0.16409725111239673,0.14054299123790592,2.0968203037121076,-0.43332221935663384,2.429070064546169,-2.820096864675812,-0.9745777291833283,0
-0.3250948554489834,-2.871562300683643,2.1663788679224827,-0.3107771787876778,-0.8861322113292723,0.4254984266920995,-0.3260603224520199,0.3246433173396662,-1.7521932274724177,-0.4119776365927085,0
2.3652023528480934,0.369360522913105,-0.7212574006861545,1.436158506374239,1.284658558747421,1.3363386105201325,0.11256725527078222,-1.275748380673524,-0.47913199522434924,-0.9169387610839648,1
2.9164293542841464,-1.975529742734354,2.62186181736973,0.6615152054288809,2.3196192453113316,3.274695859819585,-0.2938146660026889,-0.10936516103810912,0.02071166869176544,-0.27829476319102797,0
1.977942997171563,-0.17520719232153636,-1.0199006490475822,0.019045160209423234,0.8037065384833324,0.17070934168399576,1.1857435140299846,0.37951828779279473,-1.3247017880794094,0.959351257224827,1
-0.9469506895991633,3.3752603089570368,-3.126284710251995,-2.0126753139890714,-0.5550228655717292,1.5877709756691685,-1.2032687896440464,-0.15800977960410956,1.5779120898855261,-1.5019925922639068,0
0.5337997919782069,1.555059395668211,-2.4671783057691243,0.4307741761975961,-0.5929505581347684,-0.8624222911230598,-0.7982964083451088,-1.8766082836345546,-0.4101486572589831,-0.9712109171888145,0
-1.4359023031965759,0.4375514500673428,-1.112333150928324,-0.02313351908421224,-1.297009010363499,-3.001877571564169,0.883024557866187,-0.6752770384403259,-1.0828528051582158,-0.21413663543135641,0
2.659856304088399,-1.0239118587994265,-2.231672999484723,-0.022347950564689918,-1.7301772473669963,1.9918855374028168,-0.6593823354384302,-1.6465349341870428,-2.0084721960168848,-0.26173218340009297,0
1.8108093455267888,-0.1961875189719146,-0.22227861407931615,-0.4890834937955469,1.4566778128208666,2.5572498567405466,-0.385328775653226,2.0855857415238517,-0.34799184177571907,1.1453150314179303,1
2.4412123179121163,-0.07202175438606821,-2.1690224548343418,1.130674797854511,-0.9406728134241622,1.268551510701624,1.7343995268369568,-2.94280264318669,-1.6696632673152119,-1.7938708125290623,0
-1.4822012387586436,-3.7164814421093793,0.46360519356283025,0.29404108716401767,-3.677052836626818,-1.6555861020157896,0.8538235753356542,0.7200373497105492,-4.092659054310316,0.46120812879963813,0
1.2983881759535663,-0.6676561295743935,-1.6634302525654356,-0.8107383280214768,-1.3468893851986452,-2.5274481938871878,-0.2750134722550482,-2.046840618321519,-2.105651712509289,0.5789736689042317,0
2.703629776182854,-3.6482885413257327,0.792631636143377,0.23935893236764694,-2.3424862502643453,0.35641791120781163,0.7410816654902409,-5.241759764920273,-2.884574799720287,-2.399039309896759,0
0.054245155313696954,-2.2671755389272916,1.2152352477022212,-1.0645334203617114,-0.8200792948868003,1.8407947263600217,0.6351310389802319,0.8951599520238324,-1.7071803830181072,-0.5436112383002124,0
2.184096998845421,1.4423831351450283,-2.7442308607214816,-0.20026385920186315,0.09530410681981438,0.4356596381236537,-0.4630509567317495,-2.882090672296399,-0.981230186311633,-1.939980069279668,0
2.6651349483622004,-3.7046491969075426,-0.44862168968490257,-2.2322817104157613,-2.627730793174141,-1.4441491109193199,-0.809554515797692,-2.1330575949789337,-3.4910735319506454,1.7198829151010946,0
-4.594812945169384,0.8869948084455328,1.7429259784713205,0.07903644461383194,-0.6347336812494402,-1.3718243733308175,-1.2198146791693427,0.6433116451033276,1.4349771242943836,-2.143278723193796,0
-4.607495192805194,2.6499756794230307,0.6454045416155512,0.7608736809468034,0.379722284361119,-2.8922768490138817,2.0525575331761003,-0.2556773078148644,1.5265324700286964,-3.0008763707646624,0
0.45142391602293663,0.53873113817408,-2.0220111838460944,-0.9003469671117644,-1.6966780782630422,1.078552348291478,0.1302729690747601,-0.5392756019851545,0.341019806988186,0.45710135356063386,0
-1.6006169563137327,-2.0685425566490565,0.07255241810622515,-1.1442149551363905,-3.3651774964380756,3.5501666521795823,-0.23348290257461402,1.2846887074264615,-1.3968322708952947,-1.281613325480087,0
0.19967823005622018,-0.5655476148213374,-1.0381578829062414,-1.0597512148663621,-1.3388707179071748,-2.2926957365261584,0.7798853543320813,-2.2647848988756585,-2.214780775278603,-1.1210365909185274,0
3.1654467858311777,-2.7949937416347805,-1.6498082729442909,1.3383685495365274,-2.779233009755526,0.10334394239201505,-2.528715764293775,-3.3374497841632644,-3.595905613176197,-0.207585656188931,0
-2.122073486703107,-2.7036107481092975,1.8083494566213298,-1.1116273304811475,-2.92093343172587,-0.08812968336051874,-0.6652421577496426,-0.056317497184111165,-0.9919505572826339,-0.5378281345422824,0
-2.4052752665693005,-0.5121736628244635,0.11964533994368831,0.10397992400908915,-1.9502383035159303,-2.32047478323364,0.45342124550525176,0.33121157132817847,-0.562815687150302,0.2961847131202522,0
-2.8589083899206074,-0.12981445961408858,0.6768896973818039,-0.537775499001422,-1.3342024759773914,-1.9210176726655157,-1.4972630890388055,-0.46172568067522646,-0.5841689558520251,-1.7929169151160882,0
2.485890666305129,-6.647144296593618,3.4285928519332645,-0.3913304052288644,-2.0085748543346678,1.2771202811529991,-0.2462744114175397,-0.17101459423330678,-3.4154219880497494,1.910085991328459,0
0.6079146957560431,-0.5645275649514515,1.1506074316898618,-0.7549731358372088,1.1333404601498487,1.3343384858897904,-1.4413375938153115,0.18757072274016862,-0.2679113907261693,-0.8976668690853815,1
-0.23540951174730868,-2.801248932114614,-0.6554753813990666,-0.5734215137672173,-3.0628285157712716,-2.9358654992709097,0.3611821670416381,-0.1929412066531292,-3.7462371362446723,1.4450456717668838,0
-2.862700582100228,-0.4096884115156619,1.4420553649771626,0.1824993111126999,-0.9784571903502488,-0.9591506809063444,0.5604542529498073,0.5490803406777227,0.2151831737692793,-1.0202971110724839,0
2.532133827622457,-1.797106343061869,-2.2874950212703418,-0.2891682452309674,-1.592028429066712,-1.3224194313279913,0.09297415709100419,-0.42682092676894956,-3.7427450365551462,1.9320278854531314,0
-2.0301864772380287,-1.8105010796748933,2.0162425173628598,1.072727030099361,-1.7572833664368381,-0.5036540855641787,-0.7261424363473181,-2.2381300294104753,-1.3216733728445402,-3.5747998932594447,0
-0.718808633705439,-3.038370970218472,2.296744773177931,-0.14874071479913828,-1.5329109313155427,-0.09625659256579566,-0.14634867016819725,-0.03350821268962734,-1.3571216449284385,-0.08611938843515876,0
-1.7067919720095686,-0.6460887456363879,0.2913489451758008,0.11953513030490291,-1.1558693821219912,1.8662591035949614,-0.6071467087272591,1.8942968263268614,-0.7352710314735112,-0.8892949475495837,0
3.237945847648269,-0.9652535910985584,-0.22187347292521642,2.1059756741655367,2.2004606239348945,2.6521225038233442,0.3828821225955647,1.5359722242394442,-2.226882592252334,0.366323953636418,1
0.5084198134356341,0.046910591065690434,0.3805429560724838,0.8058800890068776,0.5344193636770405,1.884649148653264,-0.8799699395302623,-0.3077538438045643,0.3455554145604416,-1.173725202985668,1
-2.1593474007755944,0.7771964526624231,0.7611359127736874,0.649538639491568,0.038622022006910894,-1.5992673627391079,0.7774101157576864,-1.1120818985776948,0.19581278236332111,-2.4369819230279335,0
1.6873543512140283,-1.3553074654091941,1.6506007135274219,0.6658243740903074,1.2099096543473418,1.862487176974465,-0.5100311553390688,-0.5452825039169044,-0.3024170886699806,-0.7280177506077115,1
0.7528521718424795,-1.0509129378226494,-1.851916805608155,1.0339758172966207,-2.0660682021806167,-0.10519734509229417,-0.5285967149183771,0.17047247301769097,-2.148959632113208,1.073597884386868,0
1.008949227454537,-4.069367407041167,2.861262356556942,0.8137867449220965,0.43624209852714246,0.2561936460255111,-0.07114856219103526,0.7111160768543703,-3.9338776416601466,-0.6733684462966898,0
-5.135716802252708,0.41305516339998194,1.8796648586865148,0.9969377208017967,-0.8250621083198112,-5.397369207747197,-1.1749782922723317,-0.6247594410632609,-0.303263564124984,-2.285466198562273,0
-2.121373367315585,-0.23367867136416945,0.9452250400620095,-0.45041888656765466,0.40541148675391026,2.8869342218193266,0.15368176317690393,3.7917960755144917,-0.8026335252955549,-1.3024983495602291,0
-0.38473650822306926,-0.9255536705773069,-0.8632852353565226,0.45351484909737344,-1.90353003974189,-3.1008432126698975,1.0964815571992859,0.24375727978173045,-0.9947607116708432,2.7075245466456144,0
-1.0087008540298787,0.7400045088731145,-1.4247247356266932,-0.22772900753414077,-1.0004362322548825,-1.5780165178999879,2.032870644182767,0.5469859587547281,-0.3497168564478995,0.7876455454912596,0
-0.8017552960283174,0.9583669177231144,-0.5609718190535298,-0.29797866679203067,0.7032753030012038,-0.19936325157000656,-1.6454760870359149,0.6121195752198934,-0.9148201324915528,-1.4753964664518504,1
0.060799645024213374,-2.725715526683091,1.6817663674497658,0.16866776001929132,-0.43306563848584434,2.1475942955036684,-0.40742119820453704,2.1694295745621166,-1.989867884919638,0.1777636572170571,0
3.681451198613621,-0.9795314297159814,0.39160973103415253,0.2442085948870853,1.8508662209300617,3.801940697507482,0.7153986180867128,-2.1259286788463614,-1.654903472035572,-3.0063158367479925,1
-3.2147090618001393,2.1368340739286635,-1.0258342199284929,0.0017474602741839962,-0.3834422942337903,1.9692162798242472,0.6352284787912039,2.258043452142264,0.44793426072151465,-2.4872200880829824,0
-3.8446921361996726,1.229244728842952,0.8068400618942244,-0.6525529039526069,-0.6782721517050002,-2.6184962259170246,-0.2198789647583243,-0.8890986721323396,0.6937876322321197,-2.605086481639634,0
3.806584946532974,-1.3793472974924288,0.6682709457199891,0.9292832177172525,1.718127749861329,1.0953005160365203,1.0584674455595386,-1.9785092772482342,-1.181300875661269,-0.3074411911402274,1
1.0864097928988128,-1.7918060857474132,1.6334806407701454,2.169872686836033,0.05772597363530796,0.3282836007851557,-0.3391494050598114,-1.309238113838996,-0.4676040087979235,-0.3598404832738443,1
-2.251529743542307,0.5274068219155437,-0.442868369947204,-1.1867456144283648,-1.4917258553336048,0.39245991078347187,-0.4815706827677333,-0.32295003659942867,-0.3579480888652199,-2.466618976118303,0
-0.15082856331849798,0.44747105701680845,-0.42631111559993673,0.211458945051747,0.5366805759706379,-0.7651507241212008,0.7770392663683057,1.3042934684396255,-0.19100416813366217,1.0964296211412514,1
-6.2697376362349395,1.4539225577925623,0.5850349699786168,0.10376824967199864,-1.4015218721937717,-5.641831638936141,0.0973078174433081,0.5473931964314773,-0.3347549641410572,-2.038883363834468,0
2.312923733160591,2.827409952180827,-2.2962715344739295,-0.5974550708112273,2.778945370179227,-2.4138232827269017,0.7711758053341299,-2.037138811785,-0.14390208925926617,-0.4145256738078589,1
-5.457749356538955,1.760893588964606,-0.01586563446472322,-0.8674143292390752,-1.8755816501511502,-1.6091888411728812,-0.37059643177535007,0.2098303266608308,0.5941077258982324,-3.3598819387178747,0
3.02869776189109,-0.5828246574956225,-1.4279491251839296,-0.34848970276917496,0.2550270161971411,0.1479593505735255,-0.33144645960836133,-0.706110536819915,-1.3580101402795022,1.4541736955444802,1
1.8378493458315044,-2.7753173013786117,0.306683494700706,-1.0753294047195996,-1.3805149457241113,0.4368248155333633,-0.8139311105973189,0.19942476438864742,-1.6289751924186269,2.226173230486211,1
1.2406746308587258,-1.1015203645898142,2.405333403291287,0.2447850879665718,1.1746303505268003,2.6274503988837843,0.42530876948877877,0.5842285702704197,2.2746499121687016,1.280234142330349,1
1.3852575570858046,-0.34534438851453203,-0.9275296473603389,-0.7253471292064455,1.2117505009970506,1.528527535922541,0.8966135898251485,2.758421432367557,-2.1996979377408272,0.8955867105792399,1
0.29521408327694026,-3.2827636208284163,3.15432470934233,-1.9126784014656564,0.6333221344084847,-0.6169598458802261,1.3230092687080401,0.4227304964000709,-2.451679333989616,-0.34243298175005343,0
4.300273235546593,0.32401228860640896,-2.6732324684700517,0.7803235903028443,-0.5740621122565609,-0.1545154804469243,0.13790211610976857,-4.663522332963067,-0.28136762002604054,0.19346133566041113,0
-0.14430480367781892,-4.295053266892667,2.635817725835331,-1.5475310254889354,-2.4689287842259837,0.15858097075218536,0.5303786918377881,-0.6817353845947489,-1.8187666256489559,0.2603377435988896,0
-2.5839769788843094,0.09079626906865783,0.6538263548225476,-1.497170935826414,-0.9583657252846056,-0.22980774720566877,0.1741762564046003,0.3118159661880048,-0.09835877280511318,-1.8187399049593513,0
-0.7463425122143336,-2.9990555488870325,1.8274303235099838,-1.0409018644728891,-1.3297128076983864,2.2150406246952823,0.44885083134150466,1.6764580996700817,-2.205438897264319,-0.7627017762768951,0
-2.908306591943538,2.6055806558251335,-1.5782974053440002,1.3958616974520976,-0.3463289330406696,1.9770574513356374,2.2109592112728746,1.9684700054384798,0.7202300298309638,-2.374844803506451,0
-1.3060771473838813,-0.6834477159162107,0.591688180615265,2.235684681425518,-0.4947736646440154,1.541479866390316,-1.0704829008734056,1.326402999922922,-1.1131611884029415,-1.5107672486801258,0
-0.5740389552199359,-4.091177879027304,1.6683142867828717,-0.36879586489616106,-2.5929883902011115,4.6220673905468415,0.3533064398273697,2.858813679652746,-2.61704881996157,-0.2789130429772274,0
3.26883966801776,-3.4893805884468843,2.5321151417692027,-1.0756676095682847,0.6825668382447239,1.5020640366538536,0.2979146051656283,-3.016052053446696,-2.2571935184770506,-1.8878607918165387,1
-3.37081405455613,-0.38845733175429736,0.2732724069705008,1.3675257539154317,-2.41643311333959,1.3897720685331518,-1.485295181782108,0.9854389408168037,-0.5782207272379283,-2.412210006042536,0
0.9751000644465141,1.0717159947832788,-0.6497606805196421,0.8519437783962633,2.0308196301858414,0.983340872480351,-0.8367556911025861,1.7742017692612038,-0.1290607982818608,0.5125598743918995,1
0.4727326677534937,-0.6664546811047742,-0.554447662554248,-1.5220042980059736,-0.8178244985539684,-2.048943656437136,1.0094088240335006,-2.843344754547261,-2.3311136386267943,-1.988175513559102,0
-2.2143831993356575,-1.109181103018666,0.9630603550286134,-0.45375611761150897,-2.1458308320546267,0.19571489864134217,-0.08943685924333519,-0.23660386414975032,-0.23925881169582564,-1.3220542057241984,0
1.3589782342082357,-2.1553074833426984,-1.8590908570094462,0.9550134901120593,-2.724205887763851,-1.9684305574604417,0.5546910484898788,-0.013952040409845656,-2.952940187162037,2.928490058243234,0
-0.4107348802794101,-2.395840276587101,1.4602103728325369,0.14849530580110562,-0.9139949106640823,2.450157017168986,0.3789793623634307,1.948681690593681,-1.4997757643451863,-0.16387636688662033,0
1.7525719034307354,0.570879542689514,-1.3496475104443757,-0.5783633869874201,0.5142810351328613,-0.13802917771058465,2.2664896549816915,-0.1422623031421255,0.06277749519922571,1.4573112388318021,1
-2.196181148670565,2.2448367654422805,-1.4845533905509458,3.3545733891663776,-0.3704239442296412,-0.8779789674706067,-1.0771308202318859,0.5514102882190237,0.6627319980414477,-0.9924659691159411,0
5.215469086827779,-3.2299117893475553,2.423306111824907,0.1266161121352044,1.3557911978267745,2.1944016987352475,-1.1501539793008795,-3.0667117670539765,-0.09009763657468106,0.8248715016439769,1
-3.8016773959124235,0.37393570361006,-0.3955759445074807,-0.10799925152565303,-2.3623036757288314,1.2636838904323322,-2.050531225566304,1.3072518325941547,-0.5714065607743212,-2.668033254174966,0
-5.725896152534535,2.9571328767559972,-0.1511425361926576,1.2389022312783422,-0.8409334370386268,-3.632116886885608,-2.3651432935054135,-0.708607941602799,1.0016401924879559,-3.822573148244145,0
2.11581690013446,0.5372356186695219,-1.4305621680677576,-1.4195415457708802,2.4177152650978835,1.6435498288323973,-1.9798213656006851,2.4499900089723035,-2.3343737145049754,0.21254803867815508,1
-0.5454265245565831,0.7175297566920649,-2.0192665298447836,0.2620199762396622,-0.5619065091701757,6.730476142254753,-0.13473706324131265,4.253133190602254,-1.0816778372224234,-1.5536316307907019,0
-1.986144219787357,-2.0317999962492164,1.8740130417785703,2.5518400945723556,-1.6878131730979842,-0.5193694018947812,-0.39261273208442393,-0.12336625608190754,-1.1363561209500601,-1.2275438508753114,0
3.4196715405077787,1.4134604868736507,-2.152376348372794,-0.5817707049953131,2.5711747810308223,1.2452397487838447,1.6399459487539176,0.2559518232692475,-0.9541211332012138,0.4264272378390317,1
-1.6352230535367915,1.1450642214488431,-1.070570244601992,-0.1660561178166235,-0.9068012728485749,-2.657058808497701,1.1898542038281024,-2.8270954752544144,-1.345667163533932,-3.4670314650287373,0
0.37450918520857873,-3.235486987674971,0.10531900463890542,0.2675920219842707,-2.731501142685245,-1.143820596842088,-0.04410943312889722,-0.3116513996357997,-3.172867794225846,1.0482907197891143,0
2.40559624531071,-0.08562151577383709,-2.710651747466555,0.27906250868529264,-1.1097919730769585,-0.9721414713139547,1.3303164260362166,-2.4752651911392056,-2.1576998982834485,-0.04605707513949309,0
-3.8874010118762006,-0.7545004446492064,1.2539904667853916,-0.6468396770854272,-1.967773333681351,0.7894326325322265,-2.2758631900206985,1.2243681840667193,-0.7669747906119275,-2.676488885069565,0
6.058757864251496,-1.7094758170996072,-4.269536807955341,0.39883073120450924,-1.9052958806150364,3.2738939176449118,-0.19435784667577463,-1.807825572682001,-3.5434166510200957,1.5386571988815505,0
-0.4924067719873216,0.5645181755604775,-1.4945476191273555,-0.7767362082471486,-0.9307885282482136,-1.4510406069354693,-0.3032657105770086,-0.41888516036966406,-0.9566273572696067,-0.17388337567475343,0
-0.5048752131078774,-2.7024003477118543,1.5074328787360247,0.6064926261587394,-1.6650474993134237,1.4078689433860365,0.06987638359648339,0.8944943590280354,-1.36774010200945,0.05042919120145162,0
-2.2049221421706324,-1.5542200819488592,0.34953286769735303,-0.649800325264628,-3.4250979012522618,-0.11925521660813576,0.31607819215361427,-1.0817417876853934,-0.8957347822065819,-1.4941037130125314,0
-0.37863324103571916,-4.275516082534953,3.101116390908102,-0.33084046608119305,-1.4953940335211784,-1.2761976545315652,0.3502610479670479,-0.6790290518973758,-2.7961566438494216,-0.3713560645225925,0
-3.2790198499135252,-0.5780361132101478,0.5833418429034206,-0.3295518779954617,-2.3233184766220525,1.6467686975385734,-0.6492886613610113,2.101701183671528,0.2252754032130897,-0.7794459949583137,0
0.7191945028347471,0.3708956623525016,-0.7319031382638527,-0.5409121110098064,0.22516405671301187,-0.8055238546012558,-0.7549965181264495,0.1125445533516054,0.17668519705516528,1.3660057616441772,1
2.45220450092218,-2.527979593037315,-0.14338265119685845,0.8892947854357107,0.5925552095640138,3.5804210827714797,0.47721124565539697,3.610152807396888,-3.550457361047489,1.3863845903481076,1
-0.00666248424101667,1.9460891554233903,-1.3956580366938995,0.3755857489573709,2.013670783756237,1.3958964754016934,0.8302093880397223,1.07389078748453,-1.4376102594877307,-2.716575169151777,1
-2.0052525482933055,1.2109144933190064,-0.7984539593979949,0.12418161597007096,-1.238291082487092,-1.4497490091992553,-0.044519447930577986,-0.020772261611238463,1.1451097865378794,0.19361795260282966,1
1.7315220049809208,0.4061168973858141,-0.6742095241149426,-1.8788519511582686,1.3303190613676703,0.8958193777640677,1.8847395547871757,-0.9464495948991029,-1.1224701392980423,-1.4882687932717251,1
-2.0260464090814616,1.3059737098407123,-0.9730471145037196,-0.4929329824466878,-0.5602410563186334,2.044567309848527,-0.632000604604313,1.6791863645977725,0.03816993741152386,-1.8284047432269015,0
-1.3399379834712675,-1.3051189101420582,0.9227019241950822,0.2649486011968721,-1.2641830922083594,0.5355150044976447,0.09728872853929155,0.4687030812707499,-0.9655725340542297,-0.9634382152035037,0
3.7189081067783585,0.30152474003816565,-2.0119271007405928,0.6058066494015374,1.0662444263747097,1.8487371556628531,-0.6878351933422787,-0.010707264013251061,-0.5606255091858436,1.5965691822235417,1
2.406616700815455,-0.4020161195710841,-1.7827833957535808,-1.1331960129701018,-0.7392706409283498,-0.785396047428061,-0.398538752990072,-1.0925587919360722,-0.738649762968815,2.108156430316071,1
1.7527948021964457,-0.3135470487758662,-0.04668737401582601,0.690073159980992,2.2043368771922682,0.739879311092589,-0.709841365454307,-0.5916575903540727,-3.272875862925795,-3.0167985662138914,1
-4.158350234795142,-0.2484046304641838,1.3036760952719242,-1.114989502397014,-1.9205634827179145,1.1651403381745693,0.04744853063620506,2.5175836379711027,1.0688451578479943,-0.6989319932810916,0
2.7157064028756177,3.180271186465028,-4.9951870282939925,-1.3582627854602272,0.003072941318235989,1.1535307782253308,0.492924303024004,-2.118360669154988,0.014569324795931982,-0.6584129728628729,0
1.1024943852673288,-0.8733748512992391,-0.8855581983431946,0.4014086259845622,-0.8780851235971385,1.1896078715861682,0.2819780015644652,-0.8394197486040456,-1.9012574502666748,-1.1112584047943352,0
0.14614718403478344,-4.154431505154492,2.6218823424615936,-0.45118531519813054,-1.3090636935579156,1.8417564494391236,1.0989699958191375,1.2735776639110197,-2.452455417906891,0.12303763628273767,0
-1.7884221594057133,1.2231184828189128,-0.22017479613130553,-1.5667979574849835,0.1016407380623654,-3.26100565192388,0.23294177212022005,-1.8009595323923484,-0.619868044881052,-2.318114723895474,0
-0.9006161028608582,-0.9732293303126094,0.219135887301927,-0.15295072936620885,-1.4653518252855897,-1.027296243088128,-0.8259323545912736,-1.8301330863249379,-1.750102855936643,-2.2503795246739826,0
-1.0224217980521972,-1.8067595861070493,-0.2597993762310533,-0.4338726223247447,-2.366512358502977,-1.207352989434433,-0.3509941415994386,-0.3454323456892766,-2.8565843265494983,-0.7944546515352886,0
-1.7062579022359634,0.05813752889193599,-0.8015489514800533,-0.5954899924892867,-1.6410425562467001,2.312757111107985,-0.33454602892362273,0.9900556613377977,-0.9618345216500482,-2.1187887523758,0
2.8111470835015053,2.529778313315818,-3.0114353937062748,-0.1437867564221694,1.1387266664632143,-0.5529572714481248,-2.171094029442515,-1.6282064305205903,1.3822552000354351,1.538867882661466,1
-2.7988110122031546,0.27963007412456015,-0.5377180384472078,-1.4638185841510416,-2.03691671304074,4.167765650540549,1.2061145891945328,3.120541586298979,0.4152685187755034,-1.2082645942122794,0
1.3591744606602563,0.40507128801981834,-0.41507318889343303,-0.6554025229908949,0.22449014595252992,-2.1712244430928047,0.1574108075529652,-4.3661823999257585,-0.3764763948576614,-1.9475841698433976,0
0.9246910466834519,-6.573350820354917,4.501713027651406,0.19337875134129315,-1.5256335863901713,1.4800824799185386,-0.10854333152259746,1.3126017733611368,-3.2017577813824087,1.384086406106865,0
3.1901029107837053,-2.250602571124996,0.8168737136616865,1.0518590322005363,0.8258568942535163,-0.4455829420480497,-0.3274500079234857,-3.119086197669974,-3.0396239028335374,-1.6703510544977558,1
3.2599105323621056,-3.8963098356701216,3.514816617130967,-1.5633745308995133,0.055159861414901146,1.098370000840749,0.17137994672354182,-2.523329730033666,0.6531426553507578,1.552352734576572,1
2.3450415703951926,1.7163344744657776,-2.051592620338734,-0.2986001595433956,2.6014436525897824,1.6224859138463912,-1.221575490661523,1.7492786428519915,-0.7698564354861792,0.5512557531262349,1
-3.837602444294941,2.4044271248469973,-0.2313539891973725,-1.2864910863120784,0.3137751167544569,-4.168197523639575,-0.2250049031233616,0.7068614827022173,0.7576970058089894,-0.7639428614805747,0
1.4944134622404017,-3.4194472930734467,0.8686032108532317,0.22556201710241766,-1.7262689159494367,3.388230001609347,0.4652382172144937,0.7409744364343944,-2.115156764502817,0.35263180029957986,0
4.302121299675496,-1.088720422794031,-0.26387360817451166,0.5529788371458881,1.2453703880765004,1.6213208177789844,-0.03205826148594767,-3.168215167706539,-1.6474500052887326,-1.4347020245606534,1
4.458586084866591,-3.7519503273831862,-0.4296612306426616,-0.9892113838093803,-1.3524341220323262,4.443002840165871,0.14882672903163416,1.2277260280140332,-2.159372787619837,3.1596441717355987,1
3.2353088792277447,0.16187036113181538,-0.9337982399308514,-1.716693733965435,3.5924000448758053,3.9967752252069544,0.1728373267675833,3.3763465633830627,-2.6297920444077336,-0.17152205481094618,1
0.49654625325517615,-3.9806284912042296,2.7994119692153068,-1.0458838275177365,-0.41480145987949624,0.9554306634977048,0.11732349683427376,0.42586833410966707,-3.15921776276655,-0.8920768701097692,0
0.38139518295831165,-0.9560956511081927,-0.14450696207438707,-0.3843931909668498,0.15659362258030518,-0.7690077606194021,-1.2363834595359044,-1.8263974245528045,-3.9432088919729003,-3.727669680230678,1
-2.0210541449041264,-0.5319397002383391,0.07056410202591512,-0.3379053263622292,-1.6928481071331332,-2.6534502850425294,-2.7105666215792708,0.5302586439128034,-0.4823435828671908,1.0456851730191294,0
-1.3188509972188396,-5.135156033469334,2.7588667690493045,-0.08362968483892229,-4.035146951303689,0.5476370312436739,-0.16402544226013785,-0.6134573978030884,-2.7112086031459732,-0.6733083517892247,0
-1.8262937684094258,-0.8678710644856155,0.823456084973609,0.7533738838312816,-0.16059506293576598,1.5305550838028847,0.36128210620039475,2.0284852698454436,-2.2157996578286907,-2.362317218858096,0
0.5880558176116379,-0.9471208632033538,-1.178720732129478,-1.0447855375654158,-2.030032903534381,-0.42266507914698603,0.03564679076343017,-1.432709373402867,-1.4098330109537658,-0.011576709402867591,0
-0.5808017554387239,-1.5109280954280297,-1.088867043438356,0.30094660485915925,-2.550490712725737,-0.43427363959509446,-0.6875224224957607,1.1087246735638643,-2.175186959177285,1.1931012394981262,0
-0.6937360249830529,0.1766562501460101,-1.2669534249229217,-2.1142472497328053,-1.3813525904112531,-0.8745059616617128,0.13739870675288013,-0.31152691028746804,-0.9623361082777142,-0.30830302728058157,0
1.3818509370364185,0.5043008944915487,-2.45367024341207,-0.4648003293160938,-0.7769545380841903,0.06687215824410608,0.860363099303359,-1.1651082969406925,-1.4750385773914103,-0.4046808034905157,0
-3.0395019062068083,-1.419598785940389,1.940931523028985,-0.40444968246911106,-1.1914922178109375,0.43372086882318184,0.268461899866732,1.9434830834842782,-0.7852919426768219,-1.1500736754923235,0
1.0998466360565902,-4.303178603176555,3.3556458269667315,0.4869881388370644,0.03782134463859266,-0.296352621490803,-0.05448809385780392,0.08361286404990298,-2.705025617632626,0.4025481916242397,0
-4.763894288499629,0.8807196385161438,0.40658461478302366,-0.4819109663809622,-1.5174841256175893,-2.5172678951391703,0.001651717132436041,0.5121570373072519,-0.286182671600395,-2.358257925527592,0
-3.69190502396404,3.614036632473344,-1.9672638842904124,-0.8878963516917364,-0.563443639562832,0.49349353546835417,0.9649027587542348,0.6009602730402768,1.3442185187506603,-3.20383846106969,0
-2.699909299759282,-3.461849648232497,3.3183376549982158,0.1832355990350907,-2.392935890356398,-1.5040911062711135,0.24967502798778463,-0.7223963762496806,-1.723442281140847,-1.5911520996634851,0
-2.0739186351494547,-0.08797322875283281,0.08842414435863488,-0.029943447057749532,-0.7685024518950623,3.291152073479045,-1.447466417273949,3.603930906308773,-0.157260558295921,-0.49681099462278056,0
-2.602121751590221,1.446874918175705,-0.181390149892521,1.862886899544819,0.3338333294370017,1.3827192663728858,0.9844850024346564,2.224384388019291,0.06615683138603612,-2.048803583350653,0
2.4940764792376675,2.8783458039085468,-2.1643329714146877,0.36038427038837106,2.5907029382414786,3.3658098796758047,1.396907532065686,0.6417124882924734,1.7868347738903307,0.03065625523059845,1
-0.7250475822399362,-3.0037391226427617,2.0887530774665386,-0.11621337715559991,-1.898403867824761,0.18165587331215793,0.2549438414237493,0.029390320091981836,-1.024383251600983,0.2594268188386879,0
-2.2857972283279167,1.0662904987889834,-2.5136262238471887,-0.9913457476925386,-3.0244101126282543,5.402413880715285,0.22854776987192307,1.9315206615667129,-0.1829242080885437,-2.6744782624715246,0
-0.9485335122770534,-1.5559118932573934,1.2218695988549657,0.02586651028829931,-0.6334883357598105,2.297778455935782,1.3050815921384162,2.5190483763747884,-0.6696733541917531,0.1788595860562303,0
-0.7514981808100539,-1.1002899865563531,0.8372663889354613,-1.2723050132619824,-0.153735449929856,2.8742761609521645,0.8591727606739874,2.6272768794623618,-0.9671111336444416,-0.5347425464742934,0
-0.5415870447398347,-0.7302882246668875,-0.17474664993737155,1.0362443550013984,-0.11172816642702366,4.310932440746892,0.35350801926648995,3.4227395390043163,-1.8785904917748932,-1.2828967877390554,0
4.290220996321742,0.30519426748676803,-1.955417300872063,1.9059045545294448,2.8777663195147136,1.3496098750756422,-0.3162075352628274,0.23568533471091035,-3.041393317084537,-0.22391748495197716,1
-0.7535652208031923,0.44120529962587485,-0.34846953272139203,-0.900991897570923,-0.23259171830797465,-2.6934176137438843,0.38090883364160294,-1.0317274852704752,-0.5180475007109875,-0.3276969065948617,0
2.363549422042597,-7.558936436736672,3.9490022924645696,-0.05112178873304408,-2.853408734672828,1.9369424577125065,0.19860295018044843,-0.25378940432709163,-3.4355881705999476,1.976221930853332,0
-3.630941938696911,3.8433294740099058,-0.9100155180047044,-0.3812509496737023,0.259186789637597,-1.550371599959061,-0.18416551780497972,-1.283191585657305,2.2428816781123975,-3.554522307094986,0
-0.5529982620496856,2.3893212027322908,-0.8630004549063828,-1.6291931866968048,0.46539461054841835,-0.05467858314671137,-1.3499811170217109,-3.309020253106177,1.1522775408062027,-3.9034338212691773,0
2.314976260394963,-3.8504380976861907,0.4134386370837726,0.5498928864166234,-2.3904299261659134,2.1553804856125565,-0.3907397743584403,0.9656950741969013,-1.4967413452038012,3.3341903169012057,1
-5.772072748696708,3.2019522492930013,-0.4348225898386864,-0.06765277659878156,-1.1053598468305021,-2.400792026202769,-1.6183765656674622,1.3277659493985423,2.55341923369174,-1.38673852942836,0
0.9799010644235473,2.1958004350423197,-3.805742626238187,1.5950362643755869,-0.7093751264451358,1.4053042621671312,0.6934575067844043,-1.6237713668408937,-1.0610362705584897,-2.350113512762732,0
0.5133693466898259,3.5843914994389414,-2.585077543555145,0.16923956342639174,0.8576927078210692,-0.9213638970633646,1.2915044056340443,-2.7532026637483202,1.82025513449903,-1.5888805037832459,0
4.302229316425546,-2.032117133253869,0.8002760042257792,-1.355462330515652,2.9512163914662164,0.48773102114523015,-0.5953072234321486,-2.1934528801058195,-4.628416210014312,-2.7959819142433457,1
-2.1834016983692197,-1.5115213874640385,1.3960499716485453,0.7846279129583488,-1.1548502472035926,-3.1372864263238696,-0.0004192039456929153,-0.0620988088989034,-1.7803087817138694,-0.5049338404289626,1
0.3112938000356715,0.7336478171023761,-0.9899972620526944,-0.45269792559143307,0.33771934803817183,-1.0559285204797462,0.5840901804351359,-0.7655740477600974,-0.7814313561228721,-0.6656448872394001,1
-3.8665727544331676,0.884617943440344,0.4939036415028043,-0.09261882518714008,-0.7530758574187147,-0.46974009166401465,1.0301178500904633,1.4403571240930344,0.07335785987109289,-2.0956244912648088,0
-0.3735753494312652,-0.6242416167428628,0.3658836251092227,-2.941628471763763,0.5906383667675712,3.213961578640985,-0.5870569384810068,2.9520080133213664,-1.5117358945754114,-1.0285391731355629,0
0.0704045348278187,-1.9428143693062343,-0.4185155742761397,2.00778171781302,-1.486613331411128,4.792396949653908,0.027110953138911875,2.3188675284370905,-3.0047061333593184,-1.7287713792205168,0
-3.135105175511171,0.02915265382991647,-0.20141938187164166,-0.08790416180469174,-1.8746376690114521,3.428952846886899,0.18225844358204224,2.8421707121939828,-0.44449596670520386,-2.037995679597553,0
1.3964808572050877,-3.801583167496811,2.9697802799118977,-0.15808462795791162,0.7261445913479216,-0.10891234023561291,0.20414660450805558,0.3746107856421149,-2.9706340459571625,0.1302373127932317,0
-2.5553719333618794,-2.433964309876975,0.9748576375261553,-0.29516859796577616,-3.5432659484817615,1.853796734026076,-0.7194137495011889,0.8085526727970362,-1.4562649008779345,-1.478986421817083,0
-1.3604189504957942,-0.09561102410581945,-0.6384180628634408,-1.480457111519996,-1.5240711816172656,-1.6767333957295136,-2.5271656040165933,-0.8043863435361007,-1.1759015006056033,-0.9872108921895371,0
0.08215113424341233,-3.404682004099511,2.0018536057018625,0.5580993724067077,-1.7861769010998565,-0.5011240488324173,-1.0000904614700603,-1.3522615012284143,-2.0951165651844024,-0.5650506330791798,1
-6.284525783499561,0.2888300198202789,2.192973416968794,-0.48349487757102694,-0.7217316703498386,-5.132381744236557,0.4164305004054911,1.072189843261142,-1.0076528412068313,-2.573000284217077,0
-2.565815055209797,-3.5514278434532813,2.1521289272315816,0.05450442177395479,-4.485535323134805,0.2523797776925095,-1.2554175643832894,-0.2403600074710306,-0.2968138111208306,0.2895908054895404,0
0.11241076157267417,2.13012829819892,-2.860803507209253,0.24467203434693838,0.08344947689133808,-3.0921855605156443,-0.5117741884962371,-1.0992242240849666,-0.9702970389319372,-0.08230782915764956,0
-1.3277784408799926,2.8969018412945613,-2.0923949594663678,2.0670696873861147,-0.3230142884392062,0.6680597262792651,-0.8551181568667101,-0.8740208250633872,1.331128849213,-2.239811484350336,0
2.954535362604213,0.3658306884642465,-3.82654986629475,-0.20996890625816428,-1.1469714472090404,-0.010323478828240695,1.086056522693717,-2.307308796328341,-2.669616326600348,-0.39691512942629703,0
-2.759281783580008,-0.06563831739259982,0.12318220918760714,1.1396287546157615,-1.9313606208652359,0.475791445732608,-1.2130298289580468,0.38347662009935535,-0.21938614434716341,-1.8408626958895498,0
-0.7928809692855662,-3.486752727420724,4.1917040574702895,-0.6163219891088609,0.2619016859575789,-1.8753025742987073,0.16643839737082022,0.09731669859927994,-1.4719682191167578,0.027389291917588654,0
-1.090392271933318,-1.9601043531852704,1.0252612208743324,-0.828067193225987,-1.3205440751306825,3.1600608218782154,0.33073003509746257,2.2058209303240286,-1.4985211020281235,-0.9681495009586238,0
-0.01563020590307285,-5.018796816708083,2.811262621580349,-0.5778818370028561,-2.3036265695546216,1.471354913575574,-0.9220213783058668,0.4635541831897053,-3.2002584386751316,-0.3277250472679736,0
-3.952050443675867,1.1469651917903216,-0.4935008745938856,0.5356375884651636,-2.6029345213107566,-1.5779279496232435,-2.069439259214251,-1.0449639442780683,0.7756488614150605,-2.251716401452181,0
-0.22754507575131977,-2.326972211185059,1.1355663847446662,-0.5086148940886572,-1.0982194572423243,1.7589956397708493,0.6535966839459677,0.4188395650300111,-2.2457591364748426,-1.4829846114080074,0
-2.6972900260178054,-1.1538983578092998,2.053578643154765,-1.5814754280421814,-0.26515569619817414,-0.12125595649630871,-1.3339215427176985,1.5434024474514663,-1.2374900380421097,-1.8022695115453364,0
1.687928197660088,1.1478691902252762,-0.5717283350479447,0.05816171170418151,2.694036451438718,1.0709020355377679,-0.17282795567641546,1.1778333534542362,-0.29479843571652786,0.049372060048900934,1
-3.4785564881640716,2.503846470365818,-1.0560748625159961,1.035276566180256,-0.05744609905277476,0.8902129555825904,2.0523954921212058,1.5549163824502972,0.09809181217605167,-3.296163569864438,0
-0.05344554165141926,3.0880949057513147,-2.07647724629588,0.12804424301252007,1.2223935895395939,-1.5689923174967881,0.04694011623767159,-2.7236769122551077,0.021436928174746184,-3.2011554670291393,0
0.5369265826100231,-4.449926636227179,2.917700502372627,-0.3076579412009145,-0.8202324458349428,1.4608505734000892,0.7448423352044837,0.9833647823391947,-3.099198450942752,-0.21763344883642055,0
-1.1377687252662034,-1.8388812631103961,1.3671012898368116,-0.7135311362142988,-1.164825496791229,0.09851743777605737,1.643825930089093,-0.08720106093933322,-1.6034030032356918,-1.4253036131977166,0
-0.08350682176918732,2.684452953307745,-3.700719839904559,-2.321403263050222,-0.9147459551492221,-0.4561899583972113,-0.7575886740283793,0.26358603585459917,0.7852229125222903,1.097118564200624,0
-3.3877455969602024,-0.35468586224647336,-0.13465594869583375,-2.912160024645764,-1.9905947175411574,-2.2555650974220685,-0.4338928181659582,0.8335688094736358,-1.9667810180043865,-1.3691955376967002,0
-3.0041902712469923,-0.14878423769405938,1.2157920054501403,0.5164059483911488,-1.615063811204263,-0.7263138001117551,-0.08540175106826788,0.6897394216054815,1.5850341959687175,0.18843050801357064,0
-0.9626136383180707,-0.9222418364388623,-0.30341917634688076,-0.4267913953985256,-1.1407223650752647,5.416848741861989,-0.725623418637142,3.475330563566422,-1.4526890397220287,-1.4213741983845811,0
-0.09601718538810204,-5.186528987703958,3.242612489355492,-0.11796758416868414,-1.7787310945664903,1.8493183075481774,-0.5411690967855018,1.3595211002065493,-3.3662698593851093,-0.2037021050647322,0
0.027751297869506017,2.8617268899799626,-2.964262821837348,0.08919151030857912,-0.1450205740104572,-0.6287859585556896,-1.541409971997032,-1.0378470383528562,0.9823680882041987,-0.3844483083722401,0
-0.7847880803727904,1.0377276871169254,-1.3757978347289685,0.5131552762184968,-0.7631661225390842,-1.067423399524906,1.590464272289736,-0.29319354614770265,-0.04333353611494739,-0.16969257141991023,0
-2.009819692225528,-2.761364809629993,2.4243276448819,-0.9122422519845744,-1.5859308980737197,0.8460339661041754,0.806411762261759,1.529667313455908,-1.4080840029750008,-0.6353976775655503,0
0.8207289797468693,1.8993052018728007,-1.2292967961528045,0.40480136393978533,2.332479262855507,-0.7329191525394023,0.53417885495355,0.7775114055716335,-0.3235439905130403,0.00035513619275140407,1
0.8870073510426328,2.3107649588966104,-1.176847404786928,0.26834666743703567,3.661229607853756,2.6757313385220214,0.5667746812372123,3.901469789802958,-0.24753423779479822,-0.04078068349069519,1
-2.834351050688623,-2.5882162113827167,1.7324554367275735,-0.17083802561648,-2.7516253210480714,-1.6975354505716722,0.1501179673598229,0.7698452507297269,-1.618447033693065,0.03635735746436808,0
-5.328447161579275,0.8662005054258884,-0.2092538198203051,-0.38567259712186935,-3.9796506244201213,-2.65151054740844,0.41758838164278955,-1.8233260969010878,0.9560976344199243,-2.698613828156949,0
0.6637505022537784,-0.20022059295510392,-1.18620249800213,0.6270735070641095,-1.0857899239485045,0.28396535699466896,0.0950333319300327,-1.0767818560913656,-0.9206134544730664,-0.4838884745131551,0
-0.6956313064899685,0.7948216178088355,-1.9127068639352482,-0.9003699030639426,-0.9224988736908584,-1.6667770179346275,0.1799085264201432,-0.8004270250124201,-1.866426976335556,-1.3666376067467803,0
-2.690609248938563,-0.30108274806221047,1.4958461833036685,-1.1363893507323315,-0.3678384125610268,-1.6741997970097038,1.5697195874208587,0.06934323286059052,-0.5017013974092446,-1.782080569659101,0
4.095873739419305,-4.411089649968612,3.4265989987115386,-0.19194715543278487,0.9277227689889623,1.0889226589118943,0.7187512431068305,-2.991953483837342,-1.8601851788526016,-0.3335098647186384,1
-0.6937520822547231,-2.1767443735393788,1.4913829966529506,-0.861828851436456,-0.8984332057232082,0.5237308337198208,-0.723069845015931,0.20441210676756016,-2.0252027637173735,-1.3539112471015375,0
3.0736046269892343,-0.857318797993639,2.1848156833664674,-1.3782187035199713,2.671434856240033,4.502322333537975,0.712036459360953,0.5644640786218005,2.0390254611982184,0.7473811741295577,1
2.27143050386602,-0.029226805584549907,-2.5067454332439976,2.195847162088581,-1.5680483572319563,1.2029699811372212,0.9755994981928379,-2.5660136174544874,-1.1169523516470299,-0.7346887211744624,1
0.3291745580359023,-4.102099931702721,2.121918988991028,0.7667182826202803,-1.956348052490077,1.968125471075326,2.519332791243617,1.0428959949357903,-2.0547749733063494,0.7148581410613248,0
-0.30348140589716244,-2.014507859719159,1.4110419399420493,1.3049724408497614,-1.085122558385521,-1.302737603829423,1.1436718419804708,-1.0809487467592342,-1.2071470615423785,-0.2627633690010732,0
2.147618064029392,-2.029312442533508,-0.13058338782058077,-1.0992812501411542,0.6057321813887713,3.8618405466299395,-1.2950227259585751,3.7534534717053245,-2.497398204926636,1.6668924072047844,1
-0.4007314057274601,1.0368364984930285,-0.9504625760868014,2.5663655728087473,0.04655197182178794,-0.17131398726514502,-0.14646340199771613,-0.25998747916572895,-0.15514959867322564,-0.957509187227932,0
0.20255410763757994,-3.021639452302804,2.3094960419463604,0.36100194617710163,0.058782425396669336,0.24292866287486925,0.3151717038924908,0.41932645293997906,-2.8727104185153562,-1.035724743550824,0
2.044247000531528,-3.2671844611395553,3.15454581836766,-0.6017875088606148,1.0657588736844636,1.5788258967045254,-0.19969908193814329,-1.3072815585782185,-1.8124968496766645,-1.5222514656498667,1
-1.6826040755397664,-1.5061707694611466,2.5611513213088926,-0.3507271285678659,0.3178836019660791,-1.1670171354219914,0.7328649768192781,0.44799656541838795,-1.0798910395841261,-1.2647181466097115,0
-1.142505019496824,0.9902071204245462,-1.014272663792628,0.3578645563429395,-0.6417144056777805,-1.3257342360347077,-0.10834359239295796,-1.1472621588550282,-0.5982420309479375,-1.7327775311271156,0
2.9871396736053835,-2.4413863115287895,-2.2384016991508284,0.9795982415768089,-2.7436306403452333,0.6529651215264969,1.5811102179086,-1.9629610504072028,-3.6298248100403394,0.4839246186945598,0
-3.6743724185596287,0.3413646107658834,0.9573032653890335,1.311926575331251,-1.476042506165013,-1.5733971763554861,0.7490878583000953,-0.5611706546144297,0.3872158201756204,-2.318043304303995,0
0.8304876698273499,0.2639912564864901,-1.9960345811977087,-0.1143310990593399,-1.0952502990309598,-0.3641844912168408,-0.013973682229795103,-1.538930477604659,-1.448682519726259,-0.8067246637246167,0
-2.0256151764868426,-1.5763231412688676,1.6486032329546725,-0.16045386311376184,-1.6898876049725793,-1.7239073670476661,-0.7491296329020056,-1.5621188273738777,-1.0807306456910026,-1.9503255765725673,0
-1.0571312465343117,1.6887702024334896,-0.31902765736694627,-0.39747013971900746,-0.4080101965707442,1.0943727494007498,-1.0053964638043744,-2.276233375328722,1.8632998768934872,-2.9476526654722175,0
-2.1701870869859405,-1.9320190579595393,1.3394220214608752,-1.0915851531772012,-1.8524288663036124,-1.184174679459295,0.10357652177506799,-0.7457597841716679,-2.4177000694595363,-2.464415955123326,0
-0.3249211129292418,0.9466654457664239,-1.2831825441859115,0.6565957805982692,-0.10753250650006918,-2.0022338390584205,-0.3353910530156894,-1.2798552957258529,-1.16001265492396,-1.2608132986285712,0
6.663548153643576,-2.70904396646267,0.7778468133474785,-0.7380184398825007,2.590465021628093,0.9310886693422247,0.6039089756095426,-3.9268562513806695,-3.202090995677665,-0.8248379975347371,1
-3.327477318773113,0.11705261599808203,2.084462082120601,0.3164467585822151,0.9731764553099449,-1.788439777740893,0.08462004839354878,1.1966100867117417,-0.9159418218782693,-2.544782889966797,0
-3.165420747205845,2.3314239993143286,-1.1121597366287603,1.796405855159646,0.5875598452199675,-0.6327815211301093,0.01661540467044677,2.274182865450157,-0.7346477211807932,-2.1703700401551513,1
-2.0292351911089086,1.6807391706377832,-0.5161282126202732,-1.3937595359168644,-0.5270647699758644,-1.4693797365211514,-0.06268234294842537,-0.9705714909780881,1.1707888821583552,-1.338450569496278,0
2.3002887710232462,0.3236655320847953,-1.5663084123366648,-0.6926402251008827,-0.5515281669753183,0.11955198830854707,-1.20137374351479,-1.1312010345669345,1.268983136057091,2.5320167187772276,1
-1.374351788463432,-2.6155923273356207,1.5530166816406892,0.9015179982381663,-1.9971652763347294,3.2764908789084353,0.32989259738120824,2.9015013873101645,-0.7908951499450991,0.4631684065974928,0
-2.274002392569239,-1.3743440076235518,1.4245796851619552,-1.1422825087264428,-1.717972766449401,0.970728868684405,1.8433871640718587,1.1592741233401302,-0.14239820148824278,-0.662883977529993,0
1.1947575398377055,-2.5473474014094752,0.9791709810942093,0.13036405996182662,0.5300426303846537,1.7963241735001705,0.5750384067461543,2.715715543702304,-2.9911531693509392,0.8007596029263511,1
5.149222798021979,-2.3802806590550714,2.500557662972877,-0.3470640531869431,2.3152043734587484,4.947982398035562,0.2004156634338564,-1.818523734814904,0.8891007315524242,0.009696593360827732,1
0.8285004916728991,0.5510944494851067,-1.9652061222427206,-0.4310844764913339,-0.9440623676073628,0.4421883788833241,0.685706026481484,-2.123979074438878,-1.301380597140895,-2.017845651888109,0
0.3767643221282846,-0.6670002523506561,-0.7659637756460129,-0.29112587869322787,-0.6408964959183342,4.298246963637325,1.714941887549245,1.6413872657515087,-1.6344327855486958,-1.5565577511449011,0
1.3476238886531187,2.231149220177037,-1.1627397691555013,-0.3202809505060926,3.1597611083689365,0.4428995602142526,-0.098494406129539,1.1289236454096596,0.013841477777232214,-0.2524740046819598,1
1.3589668751743431,-2.291100621284548,-1.445976779098772,0.6863148050442303,-2.5698668923658428,-1.7356228933774167,-0.2265642756779332,-0.3954330574242344,-2.911806544436577,2.3369447789653277,0
0.9630735501875988,0.5974452049402753,-2.074457849240077,1.0241623266068782,-0.3725609409974229,-1.3512757365915755,0.6941359433717644,-1.0580200960118722,-1.4962555037117338,-0.07252022791597112,0
-0.18516740994854192,-3.5488445995133424,2.2746118192026534,1.0626274973879888,-0.9545877517340828,2.042831028803419,0.9224277506183106,1.7668552937838653,-2.5198944212190817,-0.2970389357558143,0
0.07394413181934988,-0.46420171364550916,-0.38050012236640773,0.12224855319600351,-0.8146362223475959,-0.09701114222674945,-1.3612959336197052,-1.4245950273237487,-1.379792663842739,-1.6829714789255557,0
1.048898364686743,-5.663248169598454,3.1700911691465623,-0.640954146351397,-2.188206906371749,1.3187404026114449,-1.538282942130636,0.42316446542718067,-2.7318823960162906,1.31899717451889,0
2.74429420400553,-1.2074399749823943,-1.6240548018126653,-0.06576872355725968,-1.0093984507174771,0.7724922113684355,1.6939572264403355,0.0012956642360606452,-1.2195746829735519,2.5026535821497955,1
-0.3805002548501469,-0.31142062369096435,-0.7760900636846607,2.0295547884211316,-1.3435365183855161,-1.8475255673604511,0.11287876365258372,-2.306015038099205,-1.8247302825257523,-1.8723091580967652,0
-0.7859547555587301,-1.0566615192607478,0.026769615767170407,-0.30659452464225245,-0.9940616533400943,3.9896399245479435,0.6639103275668566,2.7992337751148284,-1.2371293460059443,-0.8279896998494554,0
1.7575413570244642,-0.07285555338880517,-0.5518843902197854,1.0093271050337091,2.8005857100106244,2.230651622860614,0.6555339764915022,3.3567366762120496,-2.892984189927831,-0.20441494071131094,1
2.589686501129065,-0.4670377213258814,-1.3951986499062943,1.101345039542963,-0.8441699228192799,0.3242209859453855,-0.13621858546750398,-3.8356280219169254,-1.268127384804233,-1.5592887012893222,0
-4.434610184384289,3.0370576979804684,-0.15425524568986215,0.01976919103722762,0.6112711199336505,-4.592654148657484,0.5411596362978963,-0.6180265522755095,0.5154426026547112,-2.985035413909298,0
-1.8238362861790731,1.3447474156521533,-0.7117469165539327,-0.3007083778540004,-0.5895992225714658,-1.81286348835161,1.3558284705866055,-1.3655620397967012,-0.05512817764675071,-2.0716548701099455,0
5.157693233424463,-5.1957767160400135,4.868706853009431,0.16187082877908168,1.6606059897930214,2.6168530175966316,-0.7180529119443911,-2.608081452853006,-0.38054685567314694,0.9446368831880143,1
-1.196886767285486,0.7682525241640386,-1.1103656164885094,0.19522813294033114,-0.7661073782951746,-3.126466753747401,-0.8183843092411778,-0.1205650937876852,-0.44412628935765697,0.7493959885405335,0
0.9543574244322012,0.2470655220034638,-1.7193411899272353,0.5444263724854894,-0.9333623107068818,-0.34480684429436836,0.4372432175985437,-1.4961923082150947,-0.9147981746908469,-0.34737916703552707,0
-3.6203726749128258,1.6860357310719503,-0.5113455923634642,0.8628175552303327,-0.783060073327899,1.8847381612107217,-0.5717542523576646,2.386120029974361,0.6446847227167101,-2.2342530224243236,0
0.5866037626248841,-1.603339846935298,0.3682629171198806,-0.006426812178948622,-1.4604695951238127,-1.1378711603756158,0.4913518941635465,-3.402939027643591,-1.7751587882996889,-2.021956408492701,0
1.1299821845119535,-0.4908104063204575,0.9674662793075492,-1.311550901282355,0.46283929557427295,2.7908529504524795,-0.21321837282983316,-0.5069560719575208,1.1176081067384742,-0.5854642097538708,1
-3.0304010833590582,-1.4589976595109446,2.033723498239571,0.47853083090839754,-1.5295184829363824,-2.197597752702781,-0.36848491357670143,-0.8511554127461995,-1.243658784729261,-2.254817455760347,0
-0.15428230425285996,-3.787284918958548,2.0203116962698586,-1.4558961215399864,-1.583179746738768,1.9662391717357666,-0.07465407197142389,0.8931387408856327,-3.0299412229791916,-1.0078873274214277,0
0.2023219968333493,-3.6955938931545664,2.6701920413310507,1.744996267727934,-1.241857370163939,0.49986676621609916,-0.07210315977034798,0.3732187118830109,-1.3370164251903573,0.8891092337231503,0
-0.6807401446983352,-0.9685931726437184,-0.5185112314015425,-1.4889875026379256,-1.5767794426365007,4.4055025467755815,-0.020731528015692665,2.56358391584296,-1.1561799626565081,-0.8142886794105093,0
-2.265888659204966,0.2910978471469249,0.632091766048029,1.4585427656604837,-0.34899826397524847,0.20553295950383133,1.0881052926004298,0.6097399427918453,-0.18794943487929916,-1.9840400364057482,0
-0.7222023111555885,0.016575704134299186,0.3510772873230167,0.8294875898567414,0.511559282425958,1.4382953638749199,-2.9173628613030647,0.11154386090937884,-1.477079002764996,-3.1218859541344472,1
-0.685472059507194,0.4402969118806582,-1.5843909244020835,0.655717221071599,-1.5938038660988956,-0.09719615816359206,0.0936710323402001,-0.44172434936306404,-0.703899299139155,-0.6972861169441825,0
2.9523462579043565,-0.40562030526073783,0.3136118757697639,-1.4629148869780788,2.4298076035201577,1.7883018185382304,-0.3640012345478949,-0.6593872422821112,-1.33969099388178,-1.1901354283899392,1
-2.4078296214914894,1.572996536253519,-1.6826062080563866,0.8107801442882526,-1.162202915064652,-0.6441606580899,-0.01190096979289329,0.4904271236765734,-0.6250618923250513,-1.7357952399972731,0
-2.325643776935148,1.0848105092680917,0.5911532815801082,-1.492751175906025,0.8668057981504587,-1.6779621065525494,1.0317987545994007,-0.23089496860573355,-0.7686613255062714,-3.0028546569336783,0
2.7430070384289515,-2.896688243593823,-0.5059338834335184,-1.3584292451072284,-1.2518451773572035,2.291604766378668,-0.6140843151225307,1.5014768831251897,-2.314137907837648,2.6830708791472886,1
3.5109562660220313,-2.6833037986316053,1.7896073672441601,1.3610473636530522,0.9407385660882697,1.7458064127250412,-0.7819920716278592,-2.748525782522394,-1.7128279805617583,-1.462337776738651,1
-0.5318675494448615,-2.9904260970141228,-0.600970501575333,-0.504663374164808,-3.66701696240139,0.016075428456332252,2.6018341878381603,1.7872157616467366,-2.6459315080454213,2.335302688258271,0
1.9371283001561532,-0.20634841899175896,-0.48996131488635375,-0.405396978807933,1.1831254298958072,1.3983594468858713,-1.6838498029670688,-1.6369098482257374,-2.3546766105613424,-2.9985202317838544,1
2.358730378763213,-2.0274510155393335,1.0015758452990837,0.6846826876063495,0.08260090732700576,-0.9283939686650728,-1.074913294339058,-2.557531612158061,-1.2964374626907884,0.06303392955195908,1
-0.8232007580102731,-0.34304957481464704,-1.5207831335305932,-1.7782781012550672,-1.9594794687214492,-2.030521953970888,0.0020089301457253844,0.7604891395453965,-1.3467540461851126,1.653836813692866,0
0.07654473607891622,-3.347289776889785,1.6121388113913482,-1.2981501756374367,-1.4040524126681109,2.8222379513208113,-1.1204589824384634,1.4105923194350791,-2.541716259976262,-0.6765747418305998,0
-1.8082580261743726,2.6612821152321424,0.020472299781982395,-1.233671655509249,0.6877060115589961,1.326647031065769,0.2729573295067017,-2.17027720995468,2.149273503454835,-4.552280391098442,0
-0.25811343990880187,-0.9812437613643595,-0.21910502613912897,0.9639177026338356,-0.8345364882430447,-2.2506166435613886,-0.9015912589117553,-1.6320425191473715,-2.8392587480917544,-1.7180430850427548,0
-1.3442306744445083,0.9391679669676545,0.08690000330540193,1.8340004182804073,1.0436531412230083,1.734409616415796,1.7898843155508546,2.2231302436214424,-0.261848785845613,-1.5169227439749497,0
-1.5399106963893285,1.384729903348024,-1.922581984672038,0.17683761528531197,-1.1341368921161392,-0.937957474462235,-0.5289055743836024,0.019264680105112397,-0.6695308645367453,-1.067287017991764,0
-2.211258906616961,0.6298590653931593,0.7432915231291175,0.21620140852798844,-0.1042479483314227,-2.1924212210152056,-0.10001425638690646,-2.843101122600704,-1.0402364557205959,-4.631363978875955,0
-0.680973501935225,-2.182511389672744,1.5153244332067068,1.1450014785219849,-0.6460687166353045,0.11189231729465943,-0.34617644959420923,0.3765554857569289,-2.3238959114776154,-1.2663602738309272,0
-1.6456091739236098,1.5220043554548555,-0.8952180619948855,-0.6478484525505558,0.25418136020727733,2.299090871025485,0.2946983608256279,2.5036422384996273,0.2663772004500051,-1.1675826981183757,0
-2.6106659663624594,0.47446000752230244,0.3010442824641598,-1.3011084070064949,-0.5516164308599006,1.8143398833652673,0.955881275680714,2.407057196121933,0.23534971264190396,-1.2482902300023908,0
-1.3676311285586504,-0.9877474056948505,1.2403353453623827,-0.18390458054452397,-0.13116651049155958,0.2337898079243036,0.8288751482565307,1.3690305022327032,-1.0370706557262155,-0.7425248696558773,0
5.646240614448622,-0.5831611777144382,-4.288931194172527,-0.8183902547269871,-1.4146487912156283,4.105068733979978,-1.1362701894687566,-1.5367247154415107,-1.8613989595846794,1.4619394993811188,0
-0.5074128759497978,0.6010730636482445,-0.9086305907908714,-0.46357284617112404,-0.7677941289234054,-0.14064658717988965,-0.6458880544340128,-2.090093454301417,-0.9476558525948168,-2.909291421989697,0
-0.47134038776487575,3.4939693682574173,-2.7247985507174213,0.5800630473706277,0.4855835333619114,-2.5399009147954477,-2.3022136795552446,-1.3993072653155325,1.4200495845117262,-0.19957867076537095,0
2.373274766147443,-1.6176390645091974,-0.3022872345625559,0.1833680033318635,0.8610394893356188,1.9530558663235493,0.029134890420073334,1.9544372568637336,-2.6539907263403992,1.0408766170781387,1
-0.0016896942681407653,0.33167613092681125,-1.4606805382102337,-0.04292198836098835,-1.068256814718064,0.14994382370731052,-1.1549842001826665,-1.7874687071791537,-1.550141696095957,-2.438980594545129,0
-2.0047528625313977,-2.788067549778508,2.21179502012948,-1.402000623428112,-1.9255071232206726,0.458158933169315,-0.3906403152194575,0.8056456078805481,-1.68443091208527,-1.0698152802484684,0
-0.2403030589826286,-4.360259666256659,2.6659599916488133,-0.47639139613554427,-2.1562943930115415,-0.1876315021665531,1.9122004206089338,-1.0566569775578691,-2.9286551001843213,-1.002977964232655,0
-5.692554571075386,1.118429910037561,1.627171036220206,0.07479226318580581,-0.7034892924021847,-2.5226745210935313,-0.6220020192279152,0.07654461102232735,0.008608916371045217,-4.188688564442884,0
-4.0806535282376935,0.03182175586865349,1.7238111137171113,1.370401801138914,-0.7261108729920092,-0.9808801042017619,1.5671953142697388,1.3874464864784262,0.23542985166608132,-1.73966649089737,0
-0.12938282030091341,0.9481214581101188,-0.37229665101994736,1.1610926999917404,0.15528458507203546,-0.33545989600706716,1.564496773940547,-1.340599870089494,0.6227070435074991,-1.117075213820418,0
-2.3692768991806665,-1.8431435118724393,2.5371612255309244,-2.171124377556448,-1.455789681837311,-1.2690697471573338,0.09884350838950627,0.14118648288673363,0.26140165289100104,-0.013262363096048002,0
-2.3675456534790693,-0.730329185010117,0.8912467187196788,-1.508342061880697,-1.0170641621943526,1.088755396118152,-0.25134927964169246,1.2362289075732995,-1.1380829848924505,-2.1150015423907167,0
4.047981807845767,0.6310544148295948,-3.5206980784807205,-0.7007891025062037,-0.12332432957022688,2.2040975288655997,0.125548391329151,-1.0775436270593473,-1.0332125227454962,0.9917466089628664,0
-2.4367043277208347,0.8800781686222418,-0.20657532152697367,0.6959699432813283,-0.5127211852444032,1.1281561017705586,0.3529283432901299,1.6735680749455395,0.04391386196907798,-1.5812348134967198,0
3.2708295817132576,-0.5809946188771364,0.05289019342835366,0.44285166930710723,2.2461601426391407,1.3816777559669933,-0.6011610571726861,-1.4603698045880187,-2.0412434594423345,-1.7325036300571703,1
0.27200163662576077,0.1790015824103116,-0.9768053742286059,1.8100451036644505,-0.9167458621780982,-1.2810013140287315,-1.5590963210815283,-1.1240850638673616,-0.03945146366682506,0.5877567438731941,0
0.9278559423920447,-0.9598923866560457,-1.1894908410065101,0.7118273685976673,-1.5897171284841143,-0.4042219043965001,-0.5260876875400664,-2.217358134791786,-2.3184307892799065,-1.4127342303186539,0
-0.6778228506210151,-1.8651978088741807,1.2704297299701552,-0.14134320547470453,-1.215958066530957,0.16685413538187532,-1.182520022227632,-0.04724799657411971,-1.0479926964266737,-0.4746450322380049,1
-2.05573292223879,-0.7238501402274857,0.14576947948761143,-1.7446750241232056,-1.4811872050765604,2.8705281657023582,0.005586620867348287,2.1962300134362245,-1.197998309440179,-1.7764987582429925,0
-1.7462319976733616,1.0851446523057013,-0.8151884416513024,0.5669309652814761,0.137873852969141,-5.010386987599999,2.7509485335216635,-0.30670581541211406,-1.3721169795416652,-0.0894676331319324,0
1.5960357106744372,1.7100943489138238,-2.1072028339695232,-0.7082763383368067,0.8106051970565429,1.7423600914746296,-0.9368342388575521,-1.2359966632618882,-0.2347704521140298,-1.8009301228133,1
-3.6953374177453506,-0.9453571952813282,1.0735764517952235,1.3992713752333041,-1.8886385220257713,-4.378975872367219,0.8985269930814788,0.562099492920549,-1.2679919496964582,0.0766724188044341,0
-5.084961547435391,0.17684655950409192,1.8238971078435724,0.9159352471487495,-1.4109393764101117,-2.0191848037531472,-1.7494631683311064,-0.7900408150182476,-0.4555864154330147,-4.422937498582792,0
1.6670446809351294,-1.2366509018283907,-0.688476535610357,0.023792845819362987,0.1354498497542992,1.8691092284320758,1.163853902342624,2.3572932769333184,-1.8611517753947309,1.720001325492401,1
-0.9480828162677005,-2.5552117802701804,2.470317565814163,-0.4565800544885821,-0.4367877999602219,-0.8611074958186089,-0.37125957839401674,0.09864289866671538,-1.9418017247754338,-0.9376776653393571,0
2.1113639497006083,-0.8988293170543723,-0.9999588537984622,-1.5634134727416404,0.2600303756808805,0.4117399818174111,-1.0877686222975695,0.678225657749815,-1.95431671147648,1.2915545325334317,1
-3.000747312245084,0.7516370346627412,-0.41163502009974207,0.8971975522735459,-2.108319692597636,-1.1507240527306593,0.11489721348215849,-1.1435455073147698,0.19303329765098098,-2.2791963902715993,0
2.2928213258379126,-2.0181415185467624,-0.09522737781786761,1.8916868991785054,-0.32176862532586403,2.305855210765385,0.840779372341814,1.4998128801011144,-1.3216116973174779,2.1070032121128532,1
-5.239390022275809,0.695781603659918,0.9821326029487509,-1.0512963721967525,-1.0736908910318805,-6.635919686057406,-1.7328387541717283,0.08557638959366254,-0.7434402653321381,-1.0399275370816985,0
-2.014893335412614,1.199510791251428,-1.032283254501016,-0.274984386289914,-1.4300630682719448,-0.8794155734788802,-0.0333594993899537,-0.1800294937828606,0.7246947114986471,-0.5588272849417717,0
-4.553734347543447,2.9296865663498313,0.2982109815874403,0.07583900284796226,0.10154434541755908,-2.2560441322823905,0.6595385255914219,-0.18389733246395834,2.115133184827873,-2.751019112110747,0
-1.3895690913148897,-2.4298280823643656,1.6004713464746763,-0.9385878730831845,-1.3651146830452752,1.90195668401731,-2.399848713455687,1.6462704589562063,-2.014922184136318,-1.2409360345685299,0
1.7073458710497038,-3.8790546928824328,0.8581836973062522,0.8155082241370877,-0.6196119077892737,3.5905906489627943,-0.7118561543791159,3.935529324795402,-3.5926036510378965,1.9587454209803963,1
0.13694146176215513,-4.323891513284529,2.982940221078329,-0.6101546392025484,-1.2818953156361235,-0.8951974633323654,-0.28163051597274696,-1.0603857570398891,-3.127954087233967,-0.8353751110871985,0
-3.10897450371682,-0.9758618367395577,0.13001859025946239,0.7998134003257217,-2.443863031837451,-3.3830926555200995,0.3562800497416076,-0.29737195975637953,-2.280673838049977,-1.2241540892508458,0
3.40324011795818,1.3165929402092618,-4.115017856679254,0.1042775387566231,-0.6983410487107394,2.176242722070889,-0.460873905319802,-2.719729499463873,-1.3092768005141815,-1.3387610923742677,0
-1.0422758111185362,-3.622811419515139,2.1806093895466168,-0.37658887481751024,-2.7611751780481786,0.33570945550257314,-0.1275013186783045,-0.512583100201045,-1.7266006091792032,-0.5619078953832257,0
-1.7216235765633892,-3.509710295144999,0.5887191722500413,-1.4234923662063474,-3.155270184495119,-2.1931306665726464,-1.0437630982675843,0.518749896118128,-4.6825704903137595,-0.46139381630521925,0
-3.778965287619693,1.4717269456587778,-0.578225135552326,-1.7259184481696488,-1.2853775759674753,2.2527783453273846,-1.8086805686085732,2.3615601017949324,0.5510044207577409,-2.379609622087596,0
2.282516064960594,-0.7492803385256038,1.1528852706388588,-1.8587695564520077,1.374625423207275,2.182284027114467,-0.9800722169135948,-0.6006476498480828,0.8251604242570922,0.2435471981490378,1
-1.4808306636491202,0.6750075316167825,-0.8364668975838114,0.067305304659352,-1.0185507524061683,-0.9124351786476476,-0.43219390349530523,-1.3277278044930712,-1.0402734446040685,-2.585460599292591,0
0.2622110438794185,-2.374866615650727,0.37124177051885277,1.5060127211756882,-1.436057049102824,2.8579458565810345,1.8903829028674712,0.7920213695716503,-2.7419760760685796,-1.4659189002346373,0
-0.8183523077299641,-3.4018449262959645,1.6088421073490773,0.43850615570885465,-3.011687890986911,0.9013481046472082,0.637886057426405,-0.45717700958499763,-1.658638893444554,-0.4853007022231335,0
0.4306401226252393,-5.114173014176291,2.3267796492018453,0.6683933705907869,-2.479686986980199,2.810537875455128,-0.7284967343664605,0.7374571505067735,-3.6418315655673936,-0.6826680930717647,0
-0.29437488094131004,0.4828615512880359,1.0512512563838348,1.4384562381626407,1.3061589652214878,3.9739065194368957,0.34581519415153167,1.4297028193865993,1.1499732346773004,-1.7535272091545435,1
3.1855865783939414,0.2243874316710992,-2.7514467967833207,-0.7930133267901562,0.8192271033431039,2.514200612251355,1.0743378776770285,2.0906660019474224,-1.843954221577116,1.908192780138977,1
0.6320154781111305,2.9963695335596405,-2.477959600531894,-1.2851864298557496,1.0992467256078247,-1.7813190154093066,0.9646312551920374,-0.47354790412709713,1.516539229453882,1.1979875369203266,1
2.2360530234802773,0.41338374986547305,-0.6414760725450233,0.7246562796932211,1.2077500229155071,0.14326763582267765,0.5081480926158634,-0.8160105760238503,0.2629060929891156,0.8318515209162696,1
0.530051779653824,-4.133784220592063,3.1746185893342274,-0.33511706779395667,-0.10978082253424204,-0.37582772436533407,0.7146539804802873,-0.16242650239527556,-3.4159153507652933,-0.8854811692769753,0
-2.5627387700677,-2.3936228554955385,1.7533204816768837,-1.0658741004848424,-2.6801150390164317,0.5157187145351073,0.2736459874697901,1.0194133008989044,-0.8643181744907588,-0.4819027238632967,0
-3.7046049334522118,-0.029255012758398792,0.6808396008507158,-1.1782146354129148,-1.7061069648464704,0.394030940752778,1.5570271522103123,0.7892998861708586,-0.47427168570326694,-2.7565108803848335,0
1.3786779822965491,-5.942310967436832,4.138447876705547,-0.8564760891275723,-1.0647728386099162,0.32082627519057927,0.5927694855232551,-0.006625026850670235,-3.0564477399775587,1.0146565661947538,0
0.12088169493061575,1.2100167396052521,-0.883934985779278,-1.080380336565442,1.074805497881052,-0.42940132465231295,-1.9614204091330376,1.2669934890832935,0.20281078476051229,0.8928895913621542,1
0.12280339270162334,1.5969005803036724,-2.8184777782628654,0.05917419459422928,-1.01286510045663,0.4159633801245055,-1.980631328544664,-0.3257744165120088,-0.21798648664554265,-0.3254630989254166,1
0.7575431247599945,-2.2276641422118333,0.014479687549173281,0.5017446167109665,0.20706031981052975,2.2581471662614643,-0.6362803497252039,4.278543579520602,-3.622340651146147,1.2612646463250756,1
2.706039774712391,-2.0706491186399196,-1.873900316419367,-0.29041557684264424,-2.596760570560979,0.9320057119931171,0.1108757988819519,-2.2320896719382097,-2.5679264100291697,0.3189385887920928,0
-2.789751907411376,-0.5938842755862349,0.09242630784197248,1.7041296295328423,-1.7408736331368098,3.182082084717659,-1.1422746539202735,2.5532919155364033,-1.4345995656521104,-2.469021535322362,0
-2.4082932542676927,0.38897818107231075,-0.41888824846943895,-0.21177712926787717,-1.348715073490556,4.635329506536959,-2.562767861861198,4.311176905851294,0.896040079933766,-0.018058013077260737,0
-2.4485834661168098,-1.3598337386476431,0.9994867990638414,-0.8090776230133992,-2.2827504460112618,-1.8830843204588166,-0.880908984196598,-0.7904435419147989,-1.0243014364318255,-1.1327547110741414,0
-1.6954085303350053,-0.02661631763760437,-0.15300576142761968,0.8892981192934595,-1.6316753279703522,-0.8141749812031108,-1.080166776115136,-1.8447959349533596,-0.8312822008504531,-2.699777853808535,0
0.061322849310961706,-0.3190876090080357,-1.598484068828665,-0.42395915744353724,-1.4980174141220721,-0.6724939164196031,-1.794691658915877,-0.4661947929509317,-1.9312394385983453,-0.3117610968984682,0
0.9450195025246185,-6.6556881771946905,4.397079699688263,-1.3630961535803188,-2.2254997896222406,-0.9149231763555243,0.09981366882164183,-0.7921024109947041,-3.1271775040284635,1.4732635711881645,0
-0.855380936644871,0.6367777809510391,-0.07640355569515189,-1.3556334850128828,-0.25872582601874616,0.6867785024992821,-0.0381131419300436,0.20392215365392752,0.8839785397901576,-0.520684728516609,1
0.47961122143615914,2.0226370197368713,-1.7103643777402486,0.3187412461572529,1.2654785261812371,-0.9296974545697765,-0.8934380623460496,0.6567947017670597,0.4690287995940263,0.9094675723642359,1
0.11882246222004834,-2.159005813765309,0.44220156817466016,0.5965433865230575,-1.1348661775239137,3.998565501041875,-1.7583540283924297,2.4547396154599914,-1.943074054929419,-0.38139798119510937,0
-0.04204468125678484,-2.773011793650471,1.5163681805781017,0.16392595343337207,-0.13416960902138908,2.368714529258612,0.22598746010430507,1.5830867484155666,-3.7351859468269084,-2.1700492294696283,0
1.8320466703563056,2.5483853618435592,-3.0221986810217976,-2.0524627075762223,1.9120095686621355,-0.37660086582780816,1.2608398165346555,0.5939462607263546,-0.5018290281337985,0.6805848724955039,1
1.809176832568012,0.5980242361981952,-1.6547029129310844,0.9727898140920265,1.6217022432955475,0.3394797462955802,0.709673740251402,1.4304019216530923,-1.9724032710280208,0.5314145533846075,1
1.115543373932709,-4.73890909137861,3.2940771889024787,0.05495189362815036,-0.2345375424990107,2.0898553243984446,-0.3685317769708997,1.7000464832822968,-2.9589334479208587,0.4871000149143425,0
-2.461459878332387,0.5444400117060256,-1.0594857026999023,0.046885859018390895,-1.1366710136824125,5.304912012485529,-0.652014123856577,4.450299546852171,-0.7988801522756899,-1.8359929894276616,0
0.21493382179099654,-3.2634617537855184,3.221558933955798,-1.6029239131909896,0.609406611638013,-0.2358833804760483,-0.30320108632854215,0.9891065148832079,-2.0199628352276413,0.21198157227914693,0
0.11365947731572587,0.45295076346065805,-1.735564903900607,-0.2702653843413827,-1.2446972053821908,0.015352830485918956,0.0683204130081365,-0.717339919747811,-0.6473925508778879,-0.3701039999130675,0
-0.3868815562053079,-0.6489993742432603,-1.4328080501661948,-1.3694356116214286,-2.135731634271192,-1.655714900097331,-0.5001081080287255,0.16055452531100167,-1.3810865160222083,1.4207689015447489,0
0.49007252936931417,-0.5914867570055418,-0.826365821040242,-0.9009292184662047,-1.2042155681020412,-0.7597854214048829,-0.3844915494916545,-2.6976514686145565,-2.0577886178051035,-2.275802554949992,0
2.3751764544593588,-0.43584405951397553,-1.5542702847009267,-1.4309409886217097,0.2738494206699935,0.8445939115300787,1.534367014198286,0.8800368488885915,-1.4915232601371555,1.7186839780781789,1
-1.9655416078935206,3.0279649104997906,-0.9488077088670238,1.3268267347702845,-0.03717621991734177,0.08042464162048168,1.001857194053802,-2.4252509596760463,2.1080293358178226,-3.746860774031448,0
-2.0672990678050085,-1.1946922617003821,-0.2571981188509591,-1.740226581200323,-2.2314533230677522,-3.7451012094461382,-0.8709435506647398,-0.12878674642012744,-2.490802193654914,0.09376271765669641,0
-1.525180208699641,2.3475062879962856,-1.5887427232269882,-0.8337172785287311,-0.7241889759654598,1.5537035343101624,-0.1168700039533368,-0.25124909745698054,1.7024878887476635,-1.778707001163645,0
-0.42987155186530007,-5.354832615492117,4.1197897814982305,0.7034545444193161,-1.6219773293014776,-0.4633127321325512,0.11360202597788406,0.5319057947881207,-2.6938403561057402,0.6320476934053441,0
-1.7863878959223778,-3.166539716437478,3.4291290236147667,0.09403539871510253,-1.2429530939645737,-3.9575278421036386,-0.7164585163612808,-2.3066627956903627,-2.050533338802002,-1.558659165737066,0
-2.217468021964262,1.5108270652044145,0.281287309333049,1.3817197241311379,0.18929218556257066,-2.314289958140322,-0.20405044712407977,-1.8549547540610845,0.4467779218072081,-2.8309811655840527,0
-2.716753317717103,2.0946456743408985,-0.7324896461061248,1.6884071842444588,0.40004370222237506,-3.3372444431527737,0.6580373911924291,-1.0677394428245917,-0.9784922671469973,-3.1944549694142386,0
-1.9066890188163101,-0.19316779026537872,-0.1855351844843509,-0.2941291413292626,-1.2662353433188673,-2.7933284951857225,-1.5865975613210967,-0.28104224948613477,-1.2827655596339773,-0.507142767752165,0
2.1800375549948443,1.7276050639184999,-3.0127997496022183,-0.16460015767375896,0.12715215482090247,1.0601607922846084,0.43371616987636363,-1.8783264510420254,-0.3561741655684081,-0.9783813059962034,0
-2.5130426624908013,-0.6506014762713287,0.37984531936142285,2.17920511190877,-1.9053613008576509,-1.3845612897983575,0.7519042266531333,0.41147473295573844,-0.6892065201451338,-0.4856729752018841,0
-0.9271634401525001,-2.0917119084742333,0.7948846190025618,2.3772242925107676,-1.2496685657187871,4.5665343434353804,0.3185486119419406,3.9874612747131346,-1.4884627221816014,0.03070664226179831,0
0.38142147669001963,-5.488855894132297,2.7455420641056465,0.07770846002500614,-2.633754049183086,1.4426260167165879,-0.1226536722546745,0.21454843127333745,-3.5855538084648946,-0.08972137217898446,0
5.186117931359669,-4.56985667434983,3.5555448804708973,0.18315203870928057,0.7404412604444552,2.5127576086847965,-0.7899488568997947,-3.6722296412803686,-0.45419152766564563,0.38567713990955466,1
-0.1869204888339267,-2.8133825931419523,2.8358254256380624,1.9240378438387487,0.5882066692683228,-1.068443746112337,0.9126591375517253,-0.12409635717854783,-2.800252314483778,-1.4447399153381617,0
-0.02610762990857859,0.15385760609707,0.3191571183128551,-2.4291597625184753,0.5588735675010922,-0.3219418454442309,0.086953290111869,0.23252519142037498,0.24359248206241024,0.2088694502587325,1
-4.281812602045375,0.8181735006772274,1.4059900758880777,-1.5662653670957396,-0.429884119216672,-1.7245243194431734,0.5120748191611598,0.6281391923196886,0.5075492288148382,-2.379720997298422,0
-2.791129663368536,-0.5361187270690614,0.5100934693524626,0.7068509856776927,-1.2548226674310154,-2.1803473285637605,-0.5180006827421124,-0.29861364963971704,-2.148202002171687,-2.4990610909135276,0
1.750410049780188,-2.8182229664177414,-1.4010537493218804,-1.2662295290692238,-3.106883256387588,2.222483941988174,-1.49292242631511,-0.4168971087218164,-3.230542090428288,0.22334778014339762,0
6.637591507555021,-1.8804354375523618,-4.2462087909495665,0.20724466180087722,-1.3693543413688312,-0.6587650134586889,-0.48552997646371326,-3.021409267651546,-4.313341052096053,2.7893326205857703,0
-0.469593556976616,-3.536646411276702,2.6472217599079304,-1.1038641902121418,-1.3844441865969788,-0.9659239144914573,-0.15221095100560478,-0.6210350491123202,-2.1039016072753496,-0.34852211850027903,0
0.34405638151450935,2.3436795338927103,-2.344667042195323,-0.5057148615599742,0.49070639200858457,-1.3848344218939033,0.526245044239599,-2.001939642506904,-0.30288933958533126,-1.7536276762023828,0
1.088843054762493,-2.1087655035637627,-1.394893820594236,2.2814376451769274,-3.01575442519881,1.5090839384877381,0.6589847334742065,0.6521183534298742,-1.5971481232881877,2.078455269661915,0
0.6198206081161175,-1.3513348197733246,-1.0522024998509878,0.8544067801457649,-2.0821640210653314,-0.7172278197336579,-1.0776189645241603,-1.700450879882701,-2.2675234689307633,-0.5584581912399792,0
4.416190258004477,-3.7560884876125433,-0.49390257957372496,-0.0023378978145741965,-0.7387849812374101,4.7006492672508875,-1.7387117205305265,2.1464561359427696,-3.172546939140039,2.707822002504045,1
2.3114542920918955,0.9167268739323627,-1.6228480743683296,0.6548132043648224,1.8699416584186512,0.7025319951235272,-1.0143170467307878,0.7796173947213106,-1.0731145204142123,0.6038193157667184,1
-4.117474726182894,1.2442140110565736,-0.014594735472970966,0.6028629549303025,-0.684803319937578,-2.8495764074788585,-0.03436237169197916,0.5432327725147805,-0.8636838160246838,-2.4460085941416585,0
2.501078706937213,1.1232007053220454,-1.7217240116515535,0.44285349383848666,1.5775670816556635,-0.5926356493619707,0.3687963079582999,-0.8750406761683711,-0.5813207849291869,0.5474499589945928,1
6.641914612637966,-4.528207745237836,3.8113831256353397,-0.6108877920708671,2.104892429727434,4.634951211177187,0.09047884735451558,-3.551773264797683,-0.3961454809717533,-0.2407716382527254,1
2.609353876593577,0.12145615633328276,-1.9910366102770505,0.3842374362713564,-0.14116892612517384,-1.0961874800532705,-0.9038502460436607,-1.4339289953574683,-0.7640507407272603,1.670941107575712,1
4.363995651708976,-2.5666440718983647,-1.8705715785715888,0.6754232718412619,-2.192458270835528,3.637449537936193,-0.13203201041471946,-1.6558871963814226,-2.2345088804288924,0.9296237578787023,0
-3.1192686436371777,0.9783238009979408,-0.7671583083806628,0.13348449541451154,-1.905489407101188,1.4783105279431157,-0.5163974846607704,1.4353748581180752,0.5273777699506861,-1.5556632621054498,0
1.478108411972764,0.5710439172667093,-0.8755622642722068,1.7949786361446092,1.602800277984286,0.9990574700388121,1.0901206211775125,1.471917236294994,-0.6695889856902972,0.737977515079942,1
-3.756792395045406,2.6491504817182556,0.753974165669449,0.7621815831989261,0.7510343144126643,-2.3692167994607956,-1.3511062042138016,-1.3030576428867342,1.705291201292228,-3.6075614474427704,0
-2.0278030616681875,-0.17606826900301784,0.6505169791499842,1.5349462740315112,-0.3329242412225527,1.4777914642326675,0.4955050980952219,1.4120965253052302,-0.8993209361117065,-2.2309634898079382,0
-1.710949111358459,0.12680157055444438,0.8933048181444724,0.39395200899393523,0.507847772096625,0.33643240614091896,-0.8630071380029918,1.0680486551289798,-0.6507789418511133,-1.8762606776317083,0
1.1962405558430205,2.3171955407981004,-3.4000260587181343,0.7675139022007115,-0.5965208825932615,0.1767385576691629,1.205344969426681,-2.2074456945211356,0.2796276464616845,-0.9544917579595431,0
1.1258544115582703,-0.7159050532404979,-1.1174135088488077,1.322458641608277,-0.8708480876245832,-0.542703029839464,0.04740355061146023,-2.080360344113123,-2.477917076829729,-1.607922047305813,0
-0.1282217736629666,-5.330705827403604,2.968321857809043,0.384765021771022,-3.252107468997523,0.6887081042711081,-1.1136915150882716,-0.8701264304156853,-2.6324995414595054,-0.1423516680955661,0
-0.2835110300613825,-0.6732589804690661,-0.12912502815160787,0.27940754625575154,-1.3237319804246863,-0.2505700913146677,-1.8826946750783187,-2.0933409965447405,-1.2804068730187936,-2.190931318112714,0
-0.6855630649933192,1.3053851099305644,-1.258762647336721,-0.8328193798842021,0.1695204212980881,-0.8073066944423981,-1.7769188248270267,-1.1115222283848107,-1.2690173038795105,-2.660711179725833,0
2.9283174931614746,-0.6353689501580018,-1.1965794704602821,0.1876831350346359,-0.46184454057218916,-0.7642768318639208,-0.8164937557141936,-2.0983368280010266,-0.30145513873720065,1.8370532646862134,1
-1.413668665597805,1.727377380562526,-1.5453049117738145,-1.0105908273937865,-0.6258183925437276,-2.9061223170904826,0.0840648111958523,-1.4746109399426526,-0.1508104786359833,-1.101635161506645,0
0.8767868500609739,-6.5795459687396205,4.799373193746798,-0.5251447220182178,-1.5699926900845247,-0.21661955482370376,0.9547830966950015,-0.2380679767870133,-3.1399555277248123,1.0144668044910854,0
-4.925619944369514,1.4814742620111545,1.8198676821888191,2.011491112588921,0.1523613210607888,-3.5034871576112074,-0.9578064351337342,-1.1900760542841395,0.43815069900964376,-4.277090866821666,0
-1.9901346884989062,-0.8338732392740668,1.20789849117273,0.9276494887096202,-0.24096865147066415,1.9333254819880923,0.1179975761440643,2.1788662780867574,-1.2147742334537113,-1.8797601078817854,0
1.7657975214586754,-2.17337658881413,-0.8544432703314123,-0.46631805717320235,-1.8889240582156386,0.737355247051787,0.2958119354084627,-1.6571870846731958,-2.962860922363001,-0.7342858576142846,0
-5.371833744750534,-0.9363152286682258,2.0653110563540507,0.6627534577542142,-2.1382915328958614,-1.3933260043556968,-0.30213038512070306,1.1211554393334926,-1.0897892224773904,-2.9790742922085975,0
-0.9269418226650195,-1.5149167348459858,0.46595433070375647,-0.8370749874113654,-2.014320314430298,0.1734567989070016,-0.8129946594099369,-1.0710084315817054,-1.3761794798443856,-1.5841676811515861,0
-1.65518131483599,-0.5636895846352673,0.6309895991331876,0.010697207125230437,-0.8445718805223081,1.180474180760355,0.9509221185211658,1.0999357624098574,-0.5763900700116367,-1.2680857878097558,0
-2.4639266804305278,-0.8667233697438497,0.1895432631193752,-0.08215585949035527,-1.8936089922945174,-4.5616038530652165,-0.0010219022026946231,0.27360154098922207,-1.3685105096806973,1.1743611356589665,0
-1.682862384244934,1.9831653302641639,-1.5274890583828586,-1.7990292780389183,-0.23772508078825783,-2.2430947632890437,-2.3965494823719777,-0.10690273588506194,0.13844142058162756,-0.5676382505652522,0
-1.0195803289937193,0.9395731345902053,-1.5093460824616307,0.10121161189999713,-1.3182359050740282,-0.4986318122448191,-0.6113800209736948,-0.9633122656710587,-0.39119852163307367,-1.3735611029864487,0
2.418365473497512,-1.8062504389623106,-0.7051615740897249,1.7280637986418301,-0.28367330129319157,2.3301072146024677,-0.10643050958138787,1.8912886233663406,-1.8589682143792927,2.1545010158638602,1
-0.3500510360418918,-3.2449782917630428,2.050430627504746,1.3571842469742714,-1.8963554193171541,0.5332737893470478,-0.3852894036112106,0.18052983406664458,-1.1976278295797127,0.5024371569671924,0
-3.5681088860982646,0.42858994522956195,0.7270705352419842,-0.11188009906918123,-0.6226345613040603,-0.9967864559926763,0.8495818674723595,0.35193761660532297,-1.078388509592319,-3.3496025187715244,0
3.42527164710459,-0.9904715712769521,-2.3522966236614664,0.31926752079566106,-1.1397912527187648,0.13820243228115325,0.9046884029535909,-2.6669624340863254,-2.5283406935485684,0.047862631620035234,0
2.7384596556894825,-3.4742285620993236,2.949364807864735,-0.2946766797946561,0.5219372844861389,1.992061935265915,-0.7850342767125214,-2.300448185453575,-1.335912460659684,-1.2964574436770961,1
2.186887032833893,-1.7365512767748177,0.8902651669860996,1.1377974715820798,0.6008691527472362,-0.43814902118148846,-0.1195917173778594,-2.0420229464140003,-1.8303390837147178,-0.7472838684380478,1
1.839760658501526,-1.3776569874524918,-1.5686536272424276,-0.7646446176627878,-1.7015463675781168,0.05844123564825199,-0.6251126178710411,-0.8019044678624637,-2.0107417349815884,1.0982318347427489,0
-1.1331359062277404,-3.7220975205397195,2.5470948177520256,0.09505522373370942,-2.23682348357356,0.5005368919574331,0.28816538694616667,0.9028913403451017,-1.5182060197176843,0.4904296175589864,0
2.1475172291221596,-4.19370824674323,-0.8524045728699746,-0.267067698147786,-3.6743331609828935,-0.2831348996004063,-0.6635516443377074,-0.9294032977573364,-4.088020085079681,1.922080527893535,0
-1.6203383857346016,-1.3381703408895333,1.37482399935946,0.9515649250581041,-0.41996521452294433,2.286303537733719,-0.08052964978643137,2.3032062023851685,-1.3100465364093004,-1.4352401030988835,0
-1.9054530889756758,1.0992293344235022,-2.306021363629047,-1.0018147955623886,-2.3988046457821026,-0.9681647319744972,-0.9005308532934306,-0.2786896811488808,-0.6234971750739232,-0.8157929970800815,0
1.152539867564418,1.2891509151459595,-1.7569981409267323,0.17797483418725424,0.17196848886607263,-0.8203003502686403,-0.4313168505814919,-0.32024178168023965,0.9296255583224591,1.8070924159403874,1
-0.6364460416430959,-1.0961005874379406,-0.36541248019922123,-0.5221498621133875,-1.2311854151808015,-1.9688478487880925,1.093894597620588,-0.7414960350585286,-2.848254272360572,-1.1439729164778825,0
0.8335767494164984,0.9554950893311183,-1.2851644290574111,1.5778481332374874,-0.27167859953521734,-1.850521509442569,1.1222297939402996,-2.697683621296054,0.2307244483970039,-0.3934197396911696,0
-1.5130492987208932,3.131010259513483,-0.4524769192592155,0.308786359826396,1.3223471868802927,-0.8855792038944093,0.3910158348435843,-2.8975929983982396,1.423285029925113,-4.489581071000291,0
3.6270403220065663,-3.291543373454543,1.5022851178393974,1.6740882465549136,-0.017415852497312034,-0.8127097749597874,0.6109833490487265,-3.987810094777154,-2.4374828938167368,-0.5834922304308782,1
-2.710948638585806,2.8652208812228372,-1.527401964357057,1.487449388318524,0.25938791209313417,2.2876628712209257,0.685911119668968,2.1586736031490927,0.7552747216859603,-2.613153469618604,0
-0.015330673986380836,1.1460054120575065,-0.5666363725405387,0.05521235360038612,0.7178339330014396,-1.2360706078298478,-0.68234442589306,-3.426884410495509,-1.3914909119853032,-4.397356137622637,0
3.355072531939896,-2.3553201846155574,-1.7632854837998329,-2.6567739951139977,-1.8714119164526597,-0.43263019908658806,-0.037894257116059885,-2.3248469289222196,-3.4512412454434065,0.8122831460924944,0
1.1269003975260026,-1.367095557235903,-0.1771398883105353,-1.3803483209774585,-0.581114051253711,1.2790512599002917,-0.8172251639721504,1.6667634546955177,-0.681829842569379,2.2164615159711283,1
-1.4094494918989138,-3.1707649304648475,1.1721750001340374,0.6714897157067725,-2.827124670128221,-2.177621706802642,-0.3343857558969754,-0.5661796874916402,-3.022953002699558,-0.2887399044282556,0
2.163098263505646,-1.144013457275597,-2.5905697954555182,-0.3407686494240583,-1.874647755630819,-0.46356595373712517,0.0753672400402629,-1.4766045401750283,-3.316539771711107,0.2241616768704049,0
-2.688496262234823,1.3205559039756563,-0.3082555250415977,1.2132388366643199,-0.040632985344079664,0.6629770968638151,-1.1820620738764558,1.0123380673722977,-0.618245065785674,-3.1067828670548794,0
-1.980438163724512,-0.28656020967367146,-0.1560306779598042,0.5568683168289861,-1.7124108255851456,1.9972498986829943,-1.5194118760338073,1.3673920453734234,-0.40028432391989077,-1.2768501985363685,0
3.9947739084109783,-1.807632999126489,0.4274868618851474,-0.8126947248165548,1.4117766584009237,2.0849332932695614,-0.11051417070792717,-3.1697616381183757,-3.0012802271863235,-3.056373724387769,1
3.64173427957971,-1.3736431419335515,-1.978706551755606,-0.07969130097889035,-1.4081874727790082,2.980741389688221,-0.48904016494050445,-2.062731542565839,-1.887175162388501,-0.3414323875133983,0
-3.86402596594847,-0.15640101282174954,-0.007958167938138194,0.9719186938202443,-3.233779256109448,1.3276806883466967,-1.3638631496671385,1.0232757644333208,0.3481012450655585,-1.6925452854546241,0
-1.5647258951142493,0.4743038749779224,-0.7489968435047365,-0.7554607202010528,-1.6833260203896967,2.2800462664664742,-2.186829371271469,1.257045320760141,0.915895253330036,-0.336144447843708,0
-0.7878821563857706,0.4720697970561578,-1.6467081133393857,-0.24495358295933245,-1.6049977353066542,-1.9107222326244828,0.25285824589835154,-0.37585699968026876,-0.5960410747150416,0.6003782372759372,0
0.6637091261600765,0.9522688154989809,0.17208533501808287,-0.11675895533471585,1.969303317924252,-0.7873772126436716,-2.111440297122246,-0.012381536724039854,0.38254409062566586,0.03609266105522724,1
-1.607589114960314,-2.1208640432362382,2.536675034527163,-1.1953525586996343,-0.6966398178599731,-1.615156717611018,0.6219522424789306,-0.06743904907167453,-0.9907440159558318,-0.5211483860698564,0
-1.7001684166529942,0.3797206868446406,-0.6005930967473011,0.5483030008957587,-0.9923253152624015,-1.3649123924502529,-0.33193319023006784,-0.003264032791173932,-0.8814672694838644,-1.000912285767019,0
0.9350330284080391,1.0306616197976315,-1.9634865805153519,-0.7194053731104106,-0.11801414468365334,0.12803739114943735,0.19477547189091382,0.9418932170445335,0.500934420919217,2.119749473892687,1
-4.164598964706295,5.459560383406848,-3.911049160504764,-1.0445997893784182,-0.4965892825569016,3.8936333206314586,0.4898407647378922,3.0965283787957687,2.096846032165183,-3.443212567631939,0
-1.2085179226210598,1.1196012484255564,-1.503547220786351,-0.5665693040900902,-1.056718143128029,-4.415941822649485,0.5521785550573632,-0.5543297061034018,0.14774803293468652,1.749663198211831,0
-2.1229890064794885,-0.24745411201516704,-0.10009869169034713,-1.8918105367082008,-1.342857468304044,-2.1404984427240326,1.675202424087777,-0.4921894744329717,-1.653551654452832,-1.6266713396758155,0
-1.7788152636019448,0.3410344890596234,-0.2924869542096147,-1.9524632532933066,-1.2645239592563988,-2.929605076528326,-0.23848330433266035,-0.9675106416926905,-0.1283203854077779,-0.2284985801096594,0
2.0909651721822913,-0.5233301610369906,-1.184236474780737,0.12551304311028644,-0.888693666021356,0.5923776281882593,-0.4686076211690107,-2.7261222062466777,-1.0015756314599662,-0.9267563061276578,0
-5.410413410902242,-1.2201817824034344,2.2896500458322206,-0.27557078359166426,-1.9192892256796061,-1.8173367057387253,1.743439820030832,1.0545897176664139,-1.8804749069681725,-3.464857830642899,0
0.04731302266362999,-2.408913796530027,0.6234832190844966,0.4603974396254061,-1.3939237749880447,2.797357217811534,-1.6970198133235157,1.143732534869081,-2.4285700714409013,-1.0899434803318915,0
0.7466292285221157,-6.57035630868675,3.2291426867443778,1.0816551817696805,-3.465128078667662,2.944014915748901,-0.5839537696703713,0.6807551312841191,-3.2305036531034315,0.7906098472649377,0
-0.8512605699465084,-1.617122206670811,-0.2003247696383159,-0.1948928116726721,-2.192577190418093,3.1383551806296395,-0.16404718814820396,0.9569785487596539,-2.0841341247363374,-1.8914372135034405,0
-0.6717893220706082,0.757266593984373,-1.806278467277957,0.6337653673765664,-1.247343088565869,-2.5731842708345742,0.5749789386832206,-0.4096544412495521,-0.6166569245614444,0.840142276737051,0
-4.272042623469095,2.197167119892603,-1.5216083212110316,-0.6758804361079083,-2.6407436412431817,0.7340208272745332,-0.5157840675199,0.6269636776617018,1.5714809850786349,-2.1271621110197305,0
1.631656684443268,-0.03927569744751906,-1.6422150007623115,-0.3552310268552769,-0.9319890449110144,0.10364031145025665,0.4647909391090366,-2.3520897998538652,-1.0594622383656824,-0.8310695055680111,0
1.9579429676004714,-2.609957329654717,2.152406780817551,0.6006523718867851,0.8056909324200459,0.16728171595298935,-0.735570445980655,-1.6283285731025812,-1.93258846007986,-1.0209497650515744,1
2.0610002510423255,-6.533943448952349,2.990010112955965,0.0021255421579162827,-1.9701576750934158,3.8578566583474005,0.4673795697267886,1.8007977776277126,-4.153764521377121,1.050344262831222,0
5.891060681885873,1.1870624871449293,-5.4784926227267565,0.771517940987039,-0.5615457340701776,2.31471184601486,-1.1429031971623762,-1.8621890578542653,-0.8287582098776223,2.46256093645192,0
0.08310308628867964,-3.191257995512938,2.641266447558834,-0.5013860890772907,-0.7255487844810842,-0.717257209091559,0.2826338562598923,0.02974300574666211,-1.190903220565222,0.9130969597414116,0
-0.3112986848198193,-3.3384417510794173,3.045283302804124,0.2565137399918442,-0.31830578117666664,-0.053503110824070665,0.5355125448653145,0.5047201767107369,-1.9327051338407832,-0.28889918563856065,0
2.3253421436889985,-0.061343113218546345,-1.7908920513275803,-1.2493744844749142,0.03764787517321433,2.038261212513744,0.5870192397951901,1.4680927598724562,-0.36769952036443787,2.340510221516681,1
-0.42520907659739005,-0.6485401059657007,0.11467756132170481,-0.18490661701698782,0.3098055747900126,4.344236752689355,-0.4605555731546149,3.696194044719887,-1.433829321401116,-0.8669923262629907,0
-0.07210162813705558,-2.306328121031062,1.7817986106901476,0.1605770378342815,-0.1578668759313464,-0.3677473078178424,0.3956859552000656,-1.5476780796378868,-3.1421337384336883,-3.1229948468548585,1
-0.3173489520869822,-2.3566318834007265,1.11482616499678,0.007940523023238076,-1.1120845547329647,1.2600258283108665,0.02149690568995103,1.0215926943565625,-2.065291606508095,-0.472187555149313,0
-0.42830590937769925,-0.37383308782766755,-0.012807832121774165,-0.9786700420219693,0.0077685487363439165,2.743049431015301,-2.069318350847686,2.125642427792206,-1.0079485147714835,-0.8940285501633056,0
0.6440115230564325,-4.129556079662741,1.9979281222588412,0.9456674478849113,-1.714761305943682,0.3466414911004889,1.089368288958371,-0.8555225298108693,-3.345058827718418,-0.8521451271421319,0
-2.9356996066564687,-1.4628209673182295,0.8651146097753426,-0.8793968232136988,-1.8868679184208914,-2.8111047986683535,1.7908560134459206,-0.009720579551558028,-2.6927115753502195,-1.7089686126471646,0
-1.3830787164326126,2.450335543814718,-2.5652496657283175,-1.1843523171237442,0.009154457603325783,-2.23526298099912,0.19241807081743018,0.16212733222507203,-0.9296224426020372,-1.0304374890064172,0
-4.218326432609528,1.3412958712930927,-0.9134607785948958,-0.23657293869461854,-2.6153939568888447,2.7882546168693576,1.9509289970681247,2.6514553335845394,1.4733695598649303,-1.3449296237652508,0
-0.38983157613932495,-4.503210190699686,2.7426858111600128,0.1024784820330321,-1.7170640818457912,1.557709330038677,-1.6121823506586768,1.0206163374279773,-3.3382310851820702,-0.8367960098863639,0
0.856268708762894,-0.23826635135535743,-0.9773302529453782,-0.6112262701453908,-0.8174161161350015,0.5627575013037323,0.6254635400456616,-1.6747223409040042,-1.1597139177047868,-1.4211522834339796,0
-2.0548572253626203,-2.009787010662904,1.1050201525866152,-2.1553626710579175,-2.2268393127110846,0.7454420608639449,0.42794744058852835,0.20990903063858102,-1.9801980850882726,-2.12017302778733,0
3.524494169016741,2.8867914837109443,-3.2492958314078044,-0.5843655307929703,2.092665581152965,-0.8848908527698136,-0.8573880998991262,-2.2254236846950914,0.7220117929212106,0.7457812394893648,1
1.3307065333805155,-1.2459689071288291,1.4502194193313716,-1.7085465666329984,0.8494516993399577,1.4940427811711905,1.2912897189283241,-0.6114671572495052,-0.2931004213715467,-0.7085009575357404,1
0.5734860414144067,-1.7553704020848282,-0.6944432367575548,0.7764534331564866,-2.35297361691695,-1.2799930175740835,0.073302029353185,-1.802881166515521,-2.07070468483484,0.09243848672427246,0
1.2492068310902518,0.15672515913398957,-2.6806338505669993,-1.1950183469888551,-1.2144694500918014,-0.5039932318172925,2.833580429456599,-1.2273491625182649,-2.3487853580068796,-0.5000049654954677,0
2.9890324758401396,1.537760186907541,-4.497039667140793,-1.4340458606531021,-0.7309670859506578,-0.25994140175995173,-0.3026749109788021,-2.124631558471246,-1.488907198315668,0.346586977810178,0
-0.3858132681843304,-3.0524752568326132,1.3008990148914354,-0.8121583635515687,-2.363286356253643,1.7121444079015968,1.7850297916134417,0.598060592505548,-1.510501243284401,0.10118918276111,0
1.7373409191652838,-1.0180369036772554,0.8191265504121742,1.3298683420109085,2.0026181790625004,-0.2625606160775573,0.24155798328814093,-0.48774833530938677,-2.6047305406867363,-1.4460206826692688,1
-5.073737021814259,0.8991505223910421,0.8190487960896029,-1.5458036763256162,-1.8080270167654133,0.15885912356279774,0.12977573232761952,2.28867394194064,1.581638747391168,-1.1799702573325608,0
-2.1879690341097526,-0.22121059924826775,0.17433115453494574,-0.718547035149893,-0.8164374698717596,-2.5166876066418844,1.0551278163698248,0.9438675025816541,-1.1656518808452194,0.030670932818590346,0
-0.27602150303691836,-0.9160644720705675,0.10095343479907504,-1.0976697749222168,-0.061286257003795086,-1.34106461954654,0.7579867595478953,-1.382471564680068,-3.4732377170732334,-3.115380979423264,1
-1.1662496153900797,-4.042054024409802,2.813474577814338,0.5252009660156798,-2.5897943486085238,-1.0034156993275518,-0.1565985659168632,-0.941137655649757,-2.0179890062072845,-0.4396509494721278,0
-0.5994275178982026,-3.1997562072669092,3.0765883345917606,-1.1204458590744322,-0.43140085865749045,-1.7067951009561924,-1.5144894580342476,-0.554905393415648,-2.0650820161102463,-0.5842881598870836,1
0.595744863058345,-1.8566630802422779,1.4663847141022968,-0.6762999112347031,1.1990205570237085,0.62719556468774,-2.5169955522115175,0.4275796894808159,-3.2784464787082586,-2.1747108736162266,0
-0.14964670623474136,1.7711374612841202,-0.7656144963876554,0.8945855326686752,2.0743009596508815,0.9529916732597762,0.33207543880324786,1.7073133134945837,-0.2887822394351752,-1.0696509128393021,1
-3.9073179598555257,0.3456054216861647,0.01776921892080585,-1.287223180504095,-2.609789520527917,2.81059901104285,0.7815117256224239,2.632433405998368,1.3003663540604409,-0.9531478251470947,0
4.5236730139583265,1.235603197182716,-4.206318792429737,1.3360196867583152,0.11018010611727025,0.9763762087793868,-1.1613821472542445,-2.988049105585398,-1.616282307159774,-0.29188393129580636,0
-1.8904558253345563,0.8796980900021444,-0.3639005703404825,-0.6428078002379078,-0.9182946244405976,-0.42858646657184085,0.5979486139927381,-0.0008956048416504103,0.6160693108037736,-0.9040803367633106,0
-3.8431693978738046,1.6343237932501902,-0.030369213012479968,1.4814842468851672,-0.4449130101159884,0.6323230957584489,0.033137462190111384,2.2547146198070203,0.734629741247407,-1.886309322180511,0
2.00918576183214,0.31821372956302657,-3.3073317088232703,-0.3988777562084495,-0.8928489966621734,-1.3390848199648473,1.330950935822822,-0.784314989886411,-2.4693416910380694,1.0278528870509822,0
-1.650724710787323,-2.049919427896507,2.238578893488751,-0.5666656054089627,-0.814025537953099,-2.812814184829466,-0.7091912725137224,-1.9467354808084463,-2.3118454550206717,-2.5634508444460034,0
-2.4211284562907935,0.5055312021971766,0.019969245135878166,0.04180145008551258,-0.7864533187248907,1.0094430111729182,-0.40946805857805557,1.456075805488617,-0.02992101515455925,-1.4941090244087192,0
-0.7968421373787328,-0.9911662280533975,0.6984558209283636,0.13869542625992545,-0.24754001373689782,4.239948291888978,0.6532509453412914,3.7586548759033582,-0.3856725287704865,0.08442532568510308,0
-1.6900197733938909,-3.3240432985517643,2.7093262093470223,-0.23901221118687904,-1.8182490323077038,-0.7375711625338179,0.5762513920221156,-0.04409778382472629,-2.089709831040831,-1.0101335420617412,0
-2.862938191634586,1.8649918380759296,-0.17647841729208258,-0.6355572973670537,-0.0206326677998101,-0.8067171550778729,1.6130807834767864,-1.0642439294239807,-0.008889619572722607,-4.063314773250255,0
2.228386181869289,0.9800045419095287,-1.5787258775006079,0.7845578673892027,2.106716491956112,1.0404039028791676,-1.6027689780752763,1.2400511156276963,-1.1760783637847603,0.49776890540558105,1
2.6010454540730437,-1.4753428413360121,0.962702507393048,1.804004098588861,0.8597014584488176,-0.11561466334870518,-1.7735734422131775,-1.6935721542361553,-0.5573535203747412,0.5548376221490992,1
0.9823954676436562,-5.022929542365946,3.762774849052049,0.695686711076125,-0.18811119102055174,1.663549935332369,0.12606571784049764,1.59955495361854,-2.9479502874526773,0.5750650770135675,0
-3.2815123031798197,-0.12983748385229033,0.12179118678911638,1.0972327856643567,-1.8018931494065007,-2.574853007141999,0.23201383940766418,0.11044682094944536,-1.2526264510693614,-1.4078216852303511,0
-1.0144362845044863,1.0977719987116903,-2.0673874346461125,-1.0066300727987934,-0.9107155511883179,-2.743549679539261,1.858409405659278,-0.35852103157568815,-1.4605093612217073,-0.29042168972781846,0
-1.1436855496399636,-1.5725474921426583,0.7059024064818211,0.24566324137724918,-2.0776195896252396,1.7597166173911956,0.5504029783299276,1.011932894744915,-0.14564415249754392,0.15852065004878524,0
0.028729703775238043,-1.8693222707278134,-0.4230130598651135,-1.1462363070990913,-1.7194998904892662,-0.2746416056296066,-0.7386450247579466,-1.0923432111276932,-3.6773794587595683,-2.073446028625616,0
-3.178862528835371,1.2244387168004887,-1.2606411859251754,0.14770582076300817,-1.7832879507219008,3.650186229350531,-0.8331377801895606,3.2947487481447446,0.4713595416723524,-1.421038746261671,0
2.4220060056489245,2.6752846511956876,-4.639302686179666,-2.544154620428673,-0.1763722630592044,-0.3568913076797481,1.0372643892756863,-3.128894163434579,-1.1047498559743514,-1.5588027386767995,0
-0.9207489620205181,-2.3569342257826125,2.4773969475965023,0.9706041766183706,0.6047466102764976,1.0903452500420028,-1.2908606065477966,2.072435854250223,-2.5628568320351857,-1.4567051639838635,0
0.9561638219385067,-2.588400881971198,2.4970187150279886,-2.26554779163971,0.796558080528105,1.2752345422859972,1.1137375141386876,-1.0376299253183028,-2.4384231460179437,-2.66714814540863,1
0.5916220739789664,-0.34535788577243415,-3.261975108076921,0.32196208713394575,-2.0662300572130183,-2.3423487319628182,-0.9338901340120331,0.07083757797646517,-3.5610193586050913,1.1488809399909994,0
-1.360565155804898,-0.25685990515497453,-0.35506087539083,0.5480286120879263,-1.4502369880663508,0.0060042682075154286,-0.6816507905692808,-1.5290986228003183,-1.7975998001987201,-3.370873074905923,0
-2.990365931400858,1.4936971087738304,-0.9395284732952058,0.8673995414892665,-1.1273594961896265,1.2498460151838935,1.6123906221575592,1.0609303468394216,0.03623592314058888,-2.628666974844429,0
-1.9354216878143946,0.4656474207318522,-0.8841108699960687,-0.5961257790468361,-1.0270819661919497,5.165093254703317,-0.41420500115789877,3.773152263893197,-0.3478842409013092,-1.5688218432172534,0
-1.6114983625585608,-0.5566686831501613,-1.7006710180701383,-0.1488775480668366,-1.9657662609074642,-2.389971031278528,-0.4272348848161511,2.0726952293395535,-2.8798486547428555,1.2820999566928233,0
-2.0471468796457053,-1.3257181373624343,0.8413192146876594,-0.15908666436861338,-1.3914264332424382,1.6522949803603824,0.7628326416744843,1.5361380009828505,-1.6519803529060857,-1.8549322102357553,0
-1.1426328651069293,-3.791832994975149,3.3852205675442257,-0.00023548491478317415,-1.8750843947637839,0.3530989843192903,0.631217377651321,0.1899676082101075,-0.8003333034396154,0.16791182675435823,0
1.4464805640305067,0.5687244344484598,-1.3876110876056411,0.33249098078937717,-0.2680239806500866,-0.09686139556988715,-1.033485467256076,-1.9859059059078272,-0.027100375759530948,-0.328003229632606,0
0.06960036928952408,-3.3722798071213753,1.7043433372154435,1.3070354319548776,-0.6217590016489783,3.0795611467800184,-0.21710574702177146,2.142886110639732,-3.6318579283639174,-1.4430026744160422,1
3.9719731025959604,0.603688189015303,-3.651152251873922,0.02052066957494267,-0.9435345226860252,0.7447782441682833,0.19866625270397884,-3.8894195088704886,-1.3344520627792924,-0.6062224711823406,0
-0.849514311922557,-0.6820167527666596,-1.2221172375637805,2.323069327220917,-1.4593407431833865,-0.45823531782138094,0.4353942484799116,0.8266292313811199,-2.9073466432143724,-0.8201738185025793,0
3.77980352583519,0.1035888887886143,-2.0947068366100687,-2.090854797313115,0.3315203628051643,-0.316481637765327,1.078829953740112,-2.057697995159162,-0.6397882568525199,1.5629643430323952,1
1.9391798645612026,-0.6849784705238908,-0.813802181540543,2.764448997785387,0.9914612003115436,3.329620370118747,0.46309636574235935,3.334473925976023,-1.4870429697875003,1.5850394274169182,1
5.927063978853465,-2.2094594324178307,-3.0982095032143757,1.917886325593504,-1.64022246302109,3.1894573405311397,0.2371750000196554,-2.592243211858333,-3.335886390266162,0.7440466122170433,0
-2.755969267937908,1.0950798992670956,-0.5416596471598948,-0.280974484600719,-0.4921829796694255,-3.9983219158598975,-0.34081959205850926,0.3502493537173672,-0.7481289220766362,-0.35635794830112655,0
-3.89101049824606,-0.007376254112847738,1.6587522110443662,-0.3600148598254862,-0.8652888385088653,-5.250794738984164,-0.7007245777190404,-0.8067721154252534,-0.1280885458484028,-0.9568475221303555,0
2.019191667052737,-0.7183056027200188,0.4691350382485199,-0.020650511602989502,0.8820123687002444,1.3978164111937599,0.13374242998123173,-1.347549091786484,-0.5399381500289895,-0.953468477350288,1
2.1284166913026854,1.1141254882054081,-2.6735391259274013,-1.315690890463473,-0.3632383528659393,-0.9451345658583528,-1.0330850504554903,-1.6408112836886743,0.03791260386872741,1.3541475675083645,0
0.6036054007511755,0.5525069746495995,-0.02564600027397268,0.903802445950609,1.1384692889650412,2.095512489022644,-0.7072114456978758,0.18561908719570108,0.005055771719148616,-1.4787332115296767,1
1.100476133391058,2.452728619101242,-1.5852412706254462,1.0062346752704898,2.4562246989330907,-0.7336495252461088,0.6849044197950351,0.2673708139651093,0.34174927368938124,0.08173058935643995,1
-0.13635589714749438,-1.396275433377712,0.37903955783972787,0.23926417561055854,-0.7866837971725584,1.3706981176791493,-0.8207966522775152,2.747403270858468,-0.3750603868658232,2.2337220464915637,1
4.139171102508041,-2.662903947445066,-0.6072195010466916,0.02372362663247561,0.4000740551545168,6.12158783711978,-0.05861142160154356,3.616501165244181,-2.3258565953077275,2.5436780576845335,1
0.9109042945313665,-0.31723368984592515,-1.9479253941042425,0.7424020678441962,-1.9947539445469058,0.17066677380767903,2.04527991766605,-1.4493239999289074,-1.0894715234528536,-0.009766915944807053,0
1.2936764977728867,0.7109387937726313,-0.7911248085252282,-0.9588038543707613,2.1705007349108874,1.8978721863493424,0.7406739143357246,2.654580973001318,-0.9473874903501672,0.49764916221801014,1
-0.34626093795028046,-1.6709061305112414,1.410675412105988,1.0158261447343475,-0.30821284494744017,0.13879030717945962,1.0079559018020081,0.6925651396589134,-1.0129253389824402,0.04258440387906193,0
5.009899621626333,-4.050618521592489,3.693311901527992,-0.6021793504688688,1.587029737700842,1.7543556331212784,-0.3766841534307651,-2.4397930724521624,0.2571271032634652,1.8264690155184606,0
-3.6622688619837085,-1.2069958960489169,2.113306713969724,1.089321356628154,-1.975309702874048,-1.5740389874108596,1.1854805190416324,0.4515583173173363,0.30845742153430034,-0.665295151807026,0
1.967967862282387,2.6572209285653448,-4.355409494605354,-0.15074156863260663,-0.08928536851517754,-1.079814954411674,-0.33356247720383625,-1.5540248542855308,-0.3092138573112202,0.5831916970457887,0
-2.7360519182314875,-1.391333799516644,0.6913684204154573,0.4462535099572446,-3.3652828860061814,0.549702154910206,1.1499408306090857,-0.14440507121239654,-0.0747495628079089,-1.055807365998663,0
-3.7779352113382103,0.7325565834827694,-0.09871168985990075,1.213597562302249,-1.9449650050345533,1.0888198551465988,0.23609729421507558,1.5140071271322566,0.5753511639228199,-1.8124001284759026,0
-2.0762546034947262,1.4099684072411092,-0.5156998815166329,1.1643474950402564,0.17651476739384409,1.108897684413936,-1.1939711830259199,2.0661807892495054,0.2532955206581986,-1.1899736404743089,0
0.9681257035878722,-4.856138620388911,4.557273843890966,-0.013346464769981237,1.2444170548401785,-1.2166834427874842,-1.9982866765377374,0.6244334565345661,-3.625812904885371,0.0846394294091608,0
-6.64565308259718,3.218982819636563,0.846571905079404,-1.2758061927655187,0.35668401253931026,-5.303379064238664,1.8596474936036136,-0.09086323429293985,0.9082602931571593,-3.9617095052643054,0
5.181069363388285,-2.9429096703039948,2.1355592627373556,0.6256913711088117,1.0745316251999704,4.0245100989512865,0.24107999919922046,-3.3373543018872915,0.1434075679354787,-0.46459597300153765,1
-1.1255003245444193,-1.8993834726792487,0.01923158733081154,0.30584364441417755,-1.7923336657684454,-3.5088678955101535,0.1109150976333842,-0.3396104728861863,-3.455400716061069,-0.10488080860202875,0
-0.9170358838520531,-2.800847295904839,0.9556398644458798,0.8074298502955989,-2.507324652311654,1.7564192691799128,-2.0766160121985853,0.5777763905443081,-2.212880919571628,-1.0153471564215877,0
0.33726616348837024,0.12029682847184404,-0.9224633253832963,-1.286609125399738,0.3694706606341982,3.012167414240813,-0.39858366430086173,1.0753059674903813,-1.9853445385641493,-2.381813477825564,0
1.378842021165918,-1.82268935571929,1.410533338233784,0.6527431539021201,0.5702930093561304,0.13690180863440404,0.3391816709708394,-1.4569637019419146,-1.7772847642770404,-1.3621849135017567,1
0.3403549873242948,0.866870487494386,-1.0196659037101385,-1.9810471770732212,1.5058176396166876,-1.2395591385746312,-0.23747733654357459,-0.01990696588009011,-2.3763739954117202,-1.7374800828302535,1
4.868987119096184,-1.2212197623225616,-2.502261697295938,-0.5257048053019829,-1.2234827508654054,-0.5643605777965429,-0.09553290707553755,-3.4932052739754083,-1.4450793344961328,2.1944249080541747,0
0.35205759518773583,1.053043305896186,-1.4533092426765122,0.10673977736161182,0.09157626070085945,-0.6020037986812538,0.9986040951492808,-1.4581586748003292,-0.8905021164164969,-1.6281076716762197,0
-0.5561555942689347,-1.5729108144387705,0.7823234245107735,-0.8537863800280407,-0.6557798032457397,1.8670573752960276,1.504112837700796,1.314684034386449,-1.8017523900779775,-1.1368991772470387,0
-0.9163740770011064,-1.6922544302774043,1.4262161195564076,-0.7365482225407958,-0.8866730414182922,1.1244304302264319,-0.020814089327941376,0.6988043020680449,-0.9088637508505393,-0.798006630482957,0
-1.9027490385057853,-1.3440042042615556,1.4135880443239546,0.7395312866837512,-1.7993067341223068,0.2068316453790502,-1.4194757186028033,0.3037951112134526,0.30003565068078575,-0.21603934008069503,0
-5.118174793744458,-2.126946828652482,1.754198089182207,1.4766934307459842,-2.4688027740207277,-5.429295677013865,0.04103426005214217,1.519357918117323,-3.506141737246469,-0.8039556827668832,0
0.46705998275141597,-0.8756661857063167,-1.1263784673052493,-0.05792120316351218,-1.852551741956263,-1.0618907065668097,-0.29521638782423004,-1.8669094604899228,-1.8004240785785788,-0.56403235022221,0
-3.122554070488622,-1.3122988889752962,0.981497235824861,-0.8149183431349799,-1.8620217441015332,-4.1245268602727005,-0.2432431232924328,0.05058657208587114,-2.0694333417422612,-0.5244185191171382,0
-3.885070504682145,0.5957940611534335,0.42347071845855633,0.42976962190497714,-1.3606199302254487,1.597077026616219,1.8604763531922952,2.539330207281881,0.6218673457433264,-1.565204729781812,0
-0.3450034211517731,-1.921257626542271,0.6260282115132101,-0.6004366764672047,-1.0977392813999087,2.057464080582548,-1.4260490416957121,0.617799380290537,-2.424299940779658,-1.8393743343181728,0
-0.46166162802804883,1.7564539064545885,-2.5014790780148743,-0.1978399342270118,-0.594219877190688,-1.2965423973691037,0.10180643722625989,-0.03369794216966815,-0.34155876934251794,0.11751474977434251,0
-0.5989751891953354,-4.876150058381562,4.4447959429665955,0.8729219823572034,-1.1689869780985878,-2.282614037084311,0.015422970888983768,-0.9391321551727878,-2.2751349492757136,0.12552183400114547,0
-4.45516591329773,3.5883005898646982,-2.2173678620576327,0.9702485146681558,-0.6068754769624735,2.0724629627544817,0.9510703517389086,1.9413634621289808,0.04449815318860595,-4.711845423553559,0
2.446746535695484,-1.8825589076135278,1.1443587636600512,1.0684961737811112,1.6741100090324408,0.07022862163433374,-1.147069478926436,-1.6263704430796047,-3.278733761788666,-2.149821350668664,1
-0.11664926297109889,-4.7191882563674445,2.448690682073247,-1.459523374055626,-2.5055633622021904,1.2459566663499002,0.09779478281967469,0.04054862308790086,-3.175036061022503,-0.6242585250754649,0
4.17715374807631,-3.121696758973991,2.398777663651301,-0.7236309963105796,1.7038803738732091,2.304679690753573,-0.034173479655463426,-2.520883516253753,-1.9508391655544366,-1.4754938241461477,1
-0.8624806249183201,-4.699527359049093,4.557740314327281,0.6043042797015853,-0.22120168588740152,0.9648461284597574,-1.3137193447931608,2.4111961046635653,-2.33787234521994,0.26492057046107886,0
3.003934594322193,-1.6587820066721644,-2.723655494835094,-0.41017019023107754,-2.1917358194147463,1.639547653324573,-1.0773403363065117,-0.9477007101253561,-3.1536749903094163,0.6641113330059882,0
-1.9863484267528901,-0.34072696071024255,0.8060011530264501,-0.14037333561142493,-0.6765212281988215,-0.10621393884746921,-0.7755334442754006,0.44574968738253073,-0.5621176542273872,-1.549811138361833,0
1.0606080177823434,-0.2862064285643961,0.10931610853993601,2.47247154045335,0.3047087831498545,-0.29838256100878247,-0.4931904370886025,-1.0215862789235401,-0.0557668238967175,0.15396216651414352,1
0.9998262874085431,-2.471736600062619,-0.9326905804179303,1.511145071944314,-2.4544839143257895,0.4206977254342745,0.005627205244409949,-0.8168838176059096,-3.578330602188781,-0.5192376099771577,0
5.4310978795380125,-4.864117473096071,3.713075370616082,0.7771623859264323,1.2876770142823397,2.5188764809820157,0.7748906311517684,-3.8200657659314103,-1.780634357510423,-0.7842834113019639,1
-0.6182687179269498,-1.8180603450576647,0.8426501558002746,-0.5522744904226446,-0.47655616739023354,2.714950209462117,-0.28687297889860314,2.231792328260602,-2.4399591340015143,-1.4036667609229514,0
-1.353504668180184,1.0808167829586586,-0.8139722749377974,0.032928366756948886,-0.42314827774043484,-0.9732691893216758,-1.1202671506469604,-1.0990475574262089,-0.6496783878308937,-2.3637270527029974,0
4.504733318066286,-3.2130910561352275,2.5072173326426723,-0.12054466785068123,0.7180576859436398,1.4715222352225648,-1.8870935241978417,-2.9401092863935556,0.525737072101462,1.5530168632588426,1
1.387995352576843,-0.045626165508643526,-2.023377718456449,0.4063431191792189,-0.8728095772056348,1.0359380327941992,0.21017955735585955,-0.6067295932521684,-1.6472036734056046,-0.4498491097257459,0
0.2192912148415323,-4.887430663951414,3.6595424496665228,0.12090591508605468,-0.27525800676454326,0.5854735480472778,0.23070615645769357,0.9891254500197287,-4.080246666557222,-0.9460995746690408,0
-1.2495725908902022,-0.4490822574243104,-0.3245260459612811,0.17087352874698206,-1.1243115320656747,5.266341954575315,0.01225543063154155,3.835144977414571,-0.3432212801865985,-0.5555374440243378,0
1.3355170699876284,-2.7805751064677984,1.7090887949981717,0.2050775799837972,0.2566935256473355,-0.048621452391534925,0.31018321810826505,-0.3744060766666151,-2.6454554054049506,-0.4096280292258776,0
3.235218254279046,-0.8229805056518157,-1.2298725125581975,0.6508189967429487,-0.019700002925267635,0.5676446704326736,-0.06476645695970673,-0.8662013104992752,-0.8279107908128637,1.8548043883803542,1
-1.154255976005418,-3.882901871253383,3.870905442427503,-0.6781445463918958,-0.7540417901468272,-2.044637977730578,-2.2307676531473977,-0.8631261961647587,-2.4978412584132226,-1.2301673897419905,0
0.514411143176711,2.624838580381333,-2.831904030243794,-2.0604938200711684,0.14452889143744652,-0.42311267955406073,1.167030175472735,-1.374087546883736,0.5597713970817573,-0.7890577230616322,0
-0.20753091546665237,-1.562783303279171,-0.13306717839697935,-1.065261504260789,-1.9046762127501284,-1.1093046922423506,-0.9649072554094067,-2.9300530621647787,-3.010053368435956,-3.066343262842354,0
-1.2904734092675474,-1.9180638620553276,0.38086090146426366,-0.05407784930049372,-2.078780101370229,-2.533734627640222,0.3384878021042733,-0.8778009281184328,-2.7447955773856836,-0.7892853642652087,0
0.025273207831189616,1.7062402934555194,-2.937011648849311,-0.7093500383016634,-1.086644781542789,1.3842438529993295,-0.5227834729969192,0.17487030295332673,-0.035256651636851544,-0.4373165061139539,0
1.9562352467732909,0.32759320717660967,-2.2962929315775797,-1.0731793873729665,-0.7088471672388412,-1.1763289514194664,-1.8386298986440812,-1.2987098976945004,-0.7018268194183026,1.5242379443853715,0
-3.276300836240488,1.339775855753345,-0.7195983640581196,-2.0795881192924357,-1.5297858272317368,2.4975334489050818,0.6731698148202521,2.179041329495519,0.9889163354407962,-1.667054954137484,0
-1.3901724975739433,0.45004213775181473,0.39740123403743954,-0.07009454536562351,-0.5022366182039598,-0.0664348507914565,0.12195702337604605,-2.8098861422132346,-0.569547550633015,-4.5231527507448925,0
-2.048412207251661,0.8100062162115158,-0.04895684619174334,-0.42941133358236416,-0.2460890355594132,-3.801733527132111,-1.7357889304385166,-1.6620674624489005,-0.9681881355272399,-2.0244651667786338,0
3.376220391797924,-6.244896171372888,3.3911831575134643,-0.3254625317424196,0.4246681662358618,2.565382558855719,1.2465963142886531,0.9406543293972418,-5.453774927965467,-0.09565063257641304,0
-0.3255843375810532,1.037600778431403,-0.2450514134755637,0.17808156666067446,0.3966959646505722,1.9700555677079343,-0.9732126983419084,0.6042454129312107,1.2153498804554084,-0.7011390554413026,1
-0.079452935032078,1.6327482986376034,-2.883807771169648,0.6346790841860889,-0.69218507937509,-0.6725061292211779,2.317594009771692,0.04388062343606425,-0.8913863120239774,-0.13533994906483204,0
-0.9851891246900115,2.396669672632754,-1.7518280248016174,1.7438322641840034,0.665058582383393,-3.1126125167280163,0.5293735697152353,-2.256959179587807,-1.0963730835855956,-2.9864804251906936,0
-1.069933458056243,1.6980724449011868,-0.305522052889599,-0.46604802000971546,0.36382771306893136,-0.7849267480234375,0.744648949116316,-3.165468845634855,0.029982635342583164,-4.433079505234495,0
2.2911417727165437,-4.004545615187149,4.2680960577039855,0.22307427323713172,0.7987593055481232,-1.193038994168794,-0.7266577972596497,-0.867255248136397,0.42145344464573187,3.124508449929009,1
-1.2119065578556112,-0.952910424096189,1.059738635370977,-0.32430188532020293,-0.2614644084819967,1.0639765747725431,0.07549800899940326,1.5314180816473115,-0.8844654870638868,-0.7923758383021577,0
-2.5794201117776194,0.4565188736122286,-0.04369402795852029,-0.21853825400221535,-1.10858258829353,-3.0832926275617356,1.8248891519232369,-0.6531110075327453,-0.583952808826074,-1.1486370122810516,0
1.0818275695531423,-4.209280392489537,2.0180239067608405,0.04030259949858179,-1.0609341460949344,2.3360728960580754,-0.7813488015707639,1.4119921854564295,-3.110950741718328,0.3048939147363521,0
1.2633955484191255,-0.276789043789843,-0.8885116895285613,-1.9912469800306216,-0.21687198702484323,-1.680774665738546,1.1237606303192145,-2.339601504615321,-1.7055015434066738,-0.8827509369570558,0
-0.3218714705922933,-0.5855053714101754,-1.0112923671239014,0.694774171320887,-1.6703564131799826,-1.7147090392066722,2.073709431489805,-0.5512511632290054,-1.4187147902915613,0.4601113469694722,0
-2.0926335073241957,3.330180595279768,-1.4824902017247668,0.869104188207008,-0.02968417730821238,-0.4721348603276361,0.5843525582753623,-2.2857764049038014,1.6181528477940557,-3.7953041438840494,0
1.07193159379893,-0.17811623538265015,-0.20402169600301,0.17602763667750973,1.3852340187588388,1.6989132835099707,0.9918267143381206,2.4232297365408826,-0.979671638732521,0.8481588176768258,1
-0.796256260277395,-0.3472264857438353,1.2550516084867551,0.5031197819620602,-0.08331168794921817,2.1725677524064593,-0.7205959118163332,0.3518817712640214,0.8642900662114683,-1.255782121163435,1
-3.6585787144198125,1.9940351665954104,-0.37118806881474553,1.2160517252284404,-0.4775816866291649,1.2051425334804315,-0.7469903782071803,2.5406619493941913,1.4207981216321985,-1.338712026465161,0
-1.6046864232099756,5.240960290138361,-2.8698702351260983,-2.499269539618582,1.2918954108263918,-0.8684061940395551,-0.8786059734266831,-2.570410048816807,1.808022910557317,-4.4245047686078465,0
4.567169826697068,-1.1920088019286534,-1.452014563105891,1.7810919952862079,1.125458531963013,3.6193732762496467,-0.2968223891678365,1.052789234291173,-2.0083540216403946,1.5860255369100846,1
-3.110654919353282,-1.3097146543082772,1.185687763364601,1.275119748297601,-1.8860004767283982,-1.4121521014537033,-1.6090710084374933,0.44519438369583586,-1.6477136309369826,-1.6699900565267933,1
-4.224650341986305,1.5993617167564127,-0.688572558970882,0.4293496704920289,-2.0939268705745517,-0.6017151689763518,0.36683486883214705,-0.4123723475102776,0.3692206533423903,-3.3264393554662166,0
-1.7145953540603318,1.8927068884866465,-0.9645294749424258,-0.7310928325950681,-0.17798818567641272,-0.47140860135461926,-0.05691416341017614,-1.2815740971528593,0.12656127436486875,-3.0576013696480926,0
0.3666726466952043,-6.230733670395148,3.3132836170283895,-0.9371405236810427,-2.866195438303299,3.672704141881939,0.06368995542688848,2.0475918975642924,-3.156053911168763,0.8386671783774795,0
2.0400043746625527,0.3514589439597454,-1.9727583361456644,-0.5313598815768662,0.5525215125327668,-0.9380900640014356,1.6890931310773893,-0.14381806171171174,-1.6575600267022708,1.071781194901003,1
-2.960456652491222,-0.050900605037901996,1.6496291577416087,-0.5498536065274171,0.6105184211578463,-4.527511703940158,0.456697562490096,-0.08835604029634547,-1.519496316846133,-1.7117518244006937,0
-1.7630847350887355,-2.5871721609331106,2.0042951069524912,0.0858070999233881,-1.8478105014182402,0.10613684135586188,-1.3489503447179714,-0.10454434670935231,-1.8649518562466691,-1.713388242212087,0
-2.0530864885136295,1.5622260360534237,-0.1208672202675185,0.7827480712298537,-0.6144150061705825,-2.0912112470856217,-0.10137731134975811,-2.103936732344601,1.3599422008057598,-1.8584233085836956,0
-0.5347251131190254,-1.4867432690276592,0.5082249660495055,-0.6147369469659352,-0.7563453431239338,1.5217905996976233,-0.20081723454165015,0.6532004768209312,-2.335466631546644,-1.893867072406279,0
-4.873944640420811,2.0087061132520354,0.6588811981668214,-1.1639894641274782,-0.1642219197913919,-4.871937929034081,0.6072824196741966,-1.5615787566763562,-0.16627808793916998,-3.9998130670622327,0
2.8780604755198955,-4.132364265466748,3.910550660999375,0.4400965134003775,1.3296001428516988,2.4295317259857327,-0.7904842720890186,-1.7289852091660447,-2.0835433532277707,-1.8145614333237585,1
-2.2111103723151126,-0.6897602306524171,1.6754784854427458,0.47842620083445625,0.5142709684810503,1.3823829600005646,-1.2333197363683148,2.473907823280972,-1.28667333904025,-2.0245029329119997,0
0.24489457059498623,0.04638480636132151,-1.1692714705653522,0.5490220871219158,-0.9191749222862482,-1.7117752523221959,0.591066936335061,0.03834039100161668,-0.19433661933103585,1.9539123565174816,1
-2.015452311649565,2.852182835343174,-1.0930711561124073,-0.36389558363425617,0.5330848255476435,-2.3310428778053636,0.6208172009119944,-1.843125360518281,0.652926246019349,-2.9529689493619884,0
1.593427619643771,-1.1108058361108126,-1.5172283742337864,-2.0819540395515617,-1.1447285716900488,-1.0410020261123187,-0.3867476624776022,-3.377172160583193,-4.04510259433087,-2.9622477596222394,0
4.237249191017266,0.31846803402151225,-3.59837791355206,-2.2552918196422387,-1.1602747700370888,2.579398788679824,-0.3247149947247542,-2.8996954501217633,-0.8480813599351795,-0.019414206496606523,0
-3.7141407161782514,1.1640939359672366,-0.5335550409262415,-1.4697123646737555,-1.5596436445101487,1.8768216934673694,-0.1563754773549615,1.988531070636262,0.24742812453163743,-2.4023731721473265,0
-2.104571431143025,0.8244374541418824,-1.2199279893419868,0.7718030002741793,-1.4685441781690578,2.019036871667613,-0.1582148108177082,1.2352719555384748,-0.5275582142025028,-2.0613993336765812,0
1.092176214465351,2.4725209491555025,-2.2499196406971134,1.2983700044467545,0.6609377668464791,-0.14058692832877018,-0.9311594017501897,-3.2099902026913907,0.2788804650295096,-2.733662493451309,0
1.049564207007694,-4.685923340223759,0.8079312741496036,0.019827153765367127,-3.9798539087175455,4.576531776816364,1.1690109258638153,0.8748488229166853,-2.195662661895084,0.8827001906430221,0
-1.6126888341312027,1.4437280813198243,-0.9507026456832972,0.5202348958254609,0.7183258461137052,3.428347694419405,0.2769131957997032,3.5152653840266184,-0.5863705442426009,-1.8146256945334605,0
-0.3954503981201758,2.993897315635016,-2.12189194017487,1.602557190681644,0.38403405320099027,-1.9308146562225637,0.348079883698492,-2.2009543772811773,1.1897975105957723,-1.3491593843458862,0
1.4487633157575286,-0.07522401839306099,-0.9166422193759871,0.7114149692046384,1.337516844503819,0.7940441574349365,0.004981303939588323,1.9260285554521692,-1.9098040448969722,0.7044630767632141,1
-2.3552268084450763,-0.26244688111705217,1.0840129694958436,0.4151496326090667,-0.30636432011562353,-1.007969130188635,-0.4699229996242097,0.6435376742193779,-0.7524389102220573,-1.5300506976998394,0
-2.4855436880965516,0.9537369987492554,0.1280739977667128,0.5722367269445582,-0.2369455597970923,1.4592556700133055,-0.4002884813290898,1.8210554842384008,0.49050717268935795,-1.5823107872593667,0
-4.279595507502852,2.9303666969463156,-0.9866263252434204,-0.6988930958298374,-0.4483906877477539,-0.05980962148872049,-0.38456976697432366,0.992455987165839,0.8644077420962393,-3.3499958614468555,0
0.11281229478848022,-3.245622968091833,0.43873545833444483,-2.6710619653697556,-2.7850854430715426,6.487666481135351,2.9566916332265496,3.42198670090752,-1.5704776429564273,0.4692318679129348,0
-1.791070305301295,-1.284783203542127,1.2426730158102506,0.04801781715807684,-0.6715796094157911,-0.49968096041030896,1.087318378658628,0.12445158180104277,-2.1357951780067195,-2.3549439670267227,0
-3.626948117810517,0.9160817448212377,0.3850587808541843,0.6325069760618053,-1.0449378758380132,-1.3769552724612533,0.6561204563686461,-0.20276465830526647,0.04119859826339711,-2.707154867073092,0
5.0505903071491804,-2.9926751913908687,2.257737337509232,-0.04200020796551447,2.2230622325860696,3.7943092858297987,-1.4891599781454952,-2.6070925389159303,-1.8451835744186276,-1.9346046555976497,1
1.813993248012415,3.821239582319991,-3.2640986718743363,-0.2251994291832055,1.9561408972504313,-2.74401224161519,-0.8433263532259674,-2.2369289913109225,1.2498321029747834,0.42892082211983373,1
-1.5619142955287355,-2.1134999585849945,1.6034796815430996,0.050447442774460144,-0.6519771219984065,3.5492488899094385,0.7520341591968671,3.3771364634965964,-2.031118069239499,-1.3726731485668806,0
0.20327529893599394,-0.3858843235627793,-1.4214129939377576,-0.8313481403013134,-1.748753538183938,-0.07804556574539356,-0.07970112643933606,-1.5309347616494737,-1.6625554238741675,-1.270637623827024,0
2.1127359467403304,-1.1372080306352483,1.435092149224224,-1.0819273652962986,1.6177068358226667,1.8724018948816181,1.0815593810130513,-0.5548459416374828,-0.34948621118081635,-0.6303495471853255,1
-1.9912709043783756,-0.7744954274228649,0.4908579920278813,-0.9559819161112457,-1.5269704280721967,2.850050944946535,0.9278136785720363,2.9304870164405608,0.1698563065821228,0.11274787344847415,0
2.410359376296435,0.007327102346662544,-1.5517097425990753,0.75687526546332,1.128634610036307,2.757682202630815,-0.9263374673136506,2.4463047896464296,-1.2212987787105478,1.5540270155778966,1
1.5238240967034158,-0.899334021417815,-0.9718241787954757,-0.022766671219229605,-1.8864268925480134,0.7506773326342093,-0.2920540302498895,-3.0315806278150035,-0.6515387061592954,-0.9665311205852778,0
1.7540437002393263,0.7152582987817249,-0.20899330163019658,-0.5899798682127707,2.5233323339002824,1.563928648934857,-0.10776900265862226,0.5248421904373652,-0.6901829405072497,-0.9708645458593349,1
-3.274166429334458,0.6232175256040059,0.9776562936056186,0.20132596762161362,-0.3136486185971076,0.5059924414996185,-0.3826523483115173,2.151625577124621,0.8414433546292375,-1.0649359112415464,0
-0.9055656133839224,1.9131468903340954,-2.0879794204088915,-2.151052682721887,-0.5881553694702679,-0.8768193220817988,-1.2172595369097443,-0.27221616390764547,0.22216817508014097,-0.5234657509223039,0
-1.3990520386367091,-1.0751474549776117,-0.22079509593837643,2.533710829130129,-2.134451938051144,0.6105494124944619,-0.04853252597824866,-0.11401291766922217,-1.7908142339645203,-1.7596825053407767,0
-1.9384977446751526,3.759668875563323,-1.6360864986848083,2.3556289690884733,0.9693134601191439,2.095955296207065,-0.04254028842578179,2.9590523063620124,3.479256906297779,0.5411060278906492,1
-0.34980279959823657,-0.18336586785400547,1.012037423957375,-0.3615904658640628,1.9645734597331819,2.112391205490635,-0.5056562781784717,3.080082447629907,-1.1502209889752326,-0.8432350513073827,0
-0.5504456225680053,-1.6100432391031685,0.9900635633934436,0.575834160204483,-0.7439432606075134,-2.5831175083326228,-0.9306495645577362,-1.3079625984824677,-2.113806135838135,-0.8616720361284886,1
1.262406911844122,-2.5845623820352195,0.08661751443470433,0.8378900949962763,-1.2590020889233846,3.1595080711684647,-0.799269724580413,0.8785653047769684,-2.810126283694397,-0.6118454813924998,0
-1.4668757169735702,-2.0833022314950145,1.085361117310595,-0.9492134807566824,-2.230229002454172,0.36800026166528366,0.22532517954050518,-0.4890162324127014,-1.6432605804319231,-1.6527819322245931,0
2.7769562666856378,-1.9685487991615582,-0.6534428706535244,-0.4067070153662121,-0.1209984711934935,2.4877264794734195,0.28889514356539353,1.6948187638864134,-2.112358060532715,1.9782524670602517,1
-1.0140329604292229,-0.9517434622732629,0.9479965243636403,0.6549244483515344,0.31646950944699914,2.8322672087431346,0.4461709444432463,3.2349532991223406,-1.2831346533154713,-0.7555486513573761,0
-0.03213325300431893,0.18677463232258032,-1.1888970018984384,-0.40258307110950714,-0.9708309832504262,0.5382625169703734,-1.0123799738276023,-0.5278937588956241,-0.8515392091892453,-0.976921433273674,0
-0.012976044394222933,-0.30062102522946765,-1.8681956909190887,0.8123429504513578,-1.8445368831164914,0.8003784233813227,-1.892113485905856,-0.3090185951367368,-2.0783135926804057,-1.1429121433807374,0
-1.8507953129843362,0.15614394851022925,-0.29924021410460155,-0.6110627145650674,-0.39693588202505603,3.833662325811348,1.619313979630682,3.2434873829666175,-1.1102900936334261,-2.003696537658536,0
-1.9865488679333656,-1.8823362001654231,2.291784026735167,-1.2055286046107376,-1.230475554611516,0.1428152571650837,1.817368329781848,0.82679362782099,-0.11555321552865361,-0.3005971157134443,0
-0.4026439169601394,-0.15134695471090817,-0.6619400672315818,-0.7324100363594926,-0.8295393006796221,-0.810954651163196,-0.754717836942107,-1.8234862811890156,-2.032346095080115,-2.6580678449611757,0
1.7972463179023879,0.3727310549788694,-1.1145195488451756,0.9680202747231439,0.8849597037799422,-0.8923583840187623,0.8572565366617309,-0.5448516840567499,-0.7768661131664232,0.7960119448114138,1
3.616798615628903,-2.513601163350938,-2.9394881404619206,2.862077893122814,-2.471773176533665,0.8011866574900566,-0.6931154268296172,0.10639250693621527,-3.915881769936796,2.796837850237401,0
-1.3542098280011798,-1.3004405390025666,0.9668169835236701,-1.2206001072268307,-1.407693319975623,-0.6531598615800962,0.2793844934006062,-0.060382322387976695,-0.7038899026538198,-0.40030466551624566,0
2.7958020022407224,-2.425988282967898,0.7463698706323396,-1.3678252976172942,0.44678158314033334,-0.8566325230968448,0.5895077558239288,-3.3287143513859467,-3.6660653985583065,-2.2063952184156026,1
-0.9117185249685785,3.186181656999753,-2.37485508028388,-0.6307448667635317,0.3204024731535813,-1.8417050368690746,0.4254256392388936,-1.1956584658032838,1.0122750497942028,-1.0889152726022406,0
-5.941475165305265,3.032958887777035,-0.35466970252926266,-0.6038936511457048,-0.6423386826295729,1.975223578993477,-0.7343205032739754,4.131556558150472,2.0341342225227335,-2.4275762405178956,0
-1.63777476803134,0.906034347023034,-0.29148954715235376,-0.16868866077056033,-0.03487399665690938,0.9304986333695414,-1.0400345278722052,0.8913386581800857,-0.2231810050347801,-1.8816671707078736,0
2.825301453449122,1.0308180184583746,-1.3749279188951942,-0.10685261008294912,1.8486641262919539,1.0979261945633005,-0.9512987964965197,-0.1625724527846073,0.1558898355334517,0.8388661416380931,1
-2.8543149839160775,0.17545697526835832,0.9309905787728203,1.08321774810704,-0.9881293690846229,-3.0102190436136187,0.8415502815234793,-0.7624003755745393,0.24209526923094837,-1.0165659629425885,0
-0.8552076095577178,-0.5654329148978562,0.6068845206690929,-0.4953244105437042,-0.17759681121165116,0.7493933912229387,0.14113489074529878,0.715788362073877,-0.8920342970623545,-1.1559076703977083,0
-3.5382259322366654,2.391879921644608,-0.874399361556194,-0.22228667368990282,0.3711502187510842,3.743449688551307,1.4184850326034728,4.481896958450465,0.564884663190965,-2.2877075612650426,0
-1.5029927689203704,0.37978025403373533,0.4143200203154338,-1.7073059417406735,0.9410626176277606,0.5863355367852416,-1.4443855144982707,1.7772119995833726,-1.2684694796996794,-1.9031910970509502,0
-2.6844145048999906,-2.2901827909756576,0.493887198930163,-1.32682713886702,-3.033175949986912,-2.833045600664186,1.155948936528601,1.5137516746551838,-2.3807467713094455,1.3016931313291358,0
-0.27526228933851093,1.7660622687202052,-2.4227978150734417,0.17466955573157403,-0.3238757610531978,-1.569064198574715,-1.535957298442066,-2.096630084932507,-1.584582961368691,-2.6887440300926846,0
3.4581774553289764,-0.6929858272597245,-2.050781133742026,-0.22040938321600484,0.13051134779967888,2.21491258783709,0.9294685612995917,1.04061301682163,-1.5453871680911122,2.228080110462979,1
-1.109913006688827,0.503344229686319,-0.21117089229870034,-1.4843264358857589,0.1391292958780309,-1.17842015657832,1.130831823162261,0.37491329185209477,-0.7266444549376936,-0.7600151839619271,1
-1.7301809118092983,-2.343314126418511,2.707847252323723,-1.2224792253175578,-0.8696278766865035,0.08803161379830726,0.5276965033001229,1.3933467661707852,-0.4412159718260035,0.21394596567932522,0
2.736551843576404,-0.7559951049934912,-1.2981468373602483,0.12729788372593367,-0.6957276755789485,1.9533394652018405,-0.5139359009630535,0.3389406031388039,0.32068363781409315,2.853821853842997,1
-1.745240695615478,1.77856963566666,-1.3898186561430341,0.8162597193826533,-0.7023189443574027,-2.1919058390829447,0.39821287842648395,-1.0926447876324588,0.13393232679655753,-1.323788212248905,0
-4.032982993020795,3.3410890621608536,-0.5252365913166785,-1.9805719675604068,0.26858617738053914,-4.352160875387046,-1.054985646936872,-0.9316135360758531,1.6517458419577609,-2.024414116067656,0
-2.868050001737989,0.39517373818405405,0.22859940297466996,0.4549055288446821,-1.6022561149822985,1.1571386268991533,0.4822293600551622,1.7438575781863013,1.2904794537704394,-0.24901892261412806,0
2.6707449509561103,-0.7753666597198081,1.3996409546290371,0.023579832834283734,2.3422355409884483,2.92011656266829,1.3302577791562278,-0.008496400455371145,0.22570433471919338,-0.3234979662700118,1
-1.9098610046971585,1.6642063796598145,-1.1673404143757549,-0.25027122500470794,-0.3272104050843624,-1.0319502060923287,0.3305598930351649,0.7869962384509461,0.2564339657132464,-0.5355027877215218,0
-5.966191513719955,1.2641310141959594,2.1993426309904884,-0.4503089934847631,-0.19194712590267304,-3.9679675821156253,0.49420452639453427,-0.07946714477604977,0.4913130710389295,-3.6532501703788203,0
0.4285930579021391,-2.9804031222974423,1.4100273944507458,-1.1824579472453334,-0.9292193751836474,2.90274906152365,1.4332821727201956,1.734211385066006,-2.1757097821940192,-0.13995709378129706,0
3.787084600154778,-0.5577128052453061,-3.3047122675699123,-0.12382510339204789,-0.8697496369031279,-0.13276521518036255,-0.922672776593468,-2.275861041490567,-3.315355118982423,0.17239801728803172,0
1.1256039836888974,0.1370919557285506,-2.461918768442902,0.37667828695457545,-2.2361187934945486,1.427930887860572,-1.3364209270040848,-1.8124490798064778,-0.5641283966252137,-0.5668145134017457,0
-1.9734222282850438,1.553016139575173,-0.41103457088386397,0.914945262528311,-0.1864432506390885,-1.0191421555759632,0.2561672168613118,-0.9078765708835468,0.39743705062666734,-2.2997336554316092,0
0.05871434736552345,-0.8776300792286095,-0.15322003738811918,-1.6128375260076357,-1.2462878610475028,-0.9561810174640857,-1.5453035409681082,0.36226417450721204,0.03927899537335722,2.1446978515716597,1
0.9525190519796662,-3.274274450015151,2.9211958222299277,-0.9434861788144033,0.45275530342705617,1.389922483851074,1.0773368872783697,1.749046395146165,-1.051477865321197,1.488139208235101,0
-1.5174067260576884,1.878160775300367,-1.9002434037062956,-1.4665115847458894,1.4354003609541086,-1.1194807062236705,0.02108763563267661,0.88102092919364,-3.9263098684585747,-4.272719982877762,1
0.12099525457140695,1.6816201468887886,-1.333031448142776,0.3854696291118207,0.10477720522871681,-0.40403943607940673,0.335486743165977,-2.5152508563912437,0.23121148039112116,-2.405281731203862,0
0.5874409203859631,-2.510048581868522,0.41272824778950823,1.1333479936032922,-1.283617880591051,3.310072526267522,-1.6859492010692505,0.7941834931021603,-2.896793960450598,-1.6079407048173184,0
-5.167238154069461,-2.5524715760712686,3.008778074020836,-0.26154715385343974,-4.466646882754439,-2.2160797446319473,1.8880602412458254,-0.4594357622449472,0.7959481670524238,-0.48917050571466136,0
-4.201845846693244,1.4841155777028698,-0.2717767574054393,2.30044997671826,-1.051647932703437,1.4316009336522555,-1.4439265298750363,2.3324963390378097,0.2808846309161517,-2.660198980072901,0
2.784834768813903,-0.9504456740319441,-2.600453986627243,0.9160944020171458,-0.9329981136803809,0.20775013870147574,-0.060237237691590756,-1.9726636425571902,-4.110933684882122,-1.3211282654203278,0
-1.7561599763107494,-1.3802676158751925,1.6382629392667363,1.9606914357403167,0.13236323512711645,-0.27892569154705416,1.3292556295800815,0.3536983590064635,-2.9500126908280597,-3.3546526272625083,0
0.9589830697353037,1.29564920213771,-2.5748861086483057,-2.0600194166787373,-0.8204438041347297,-1.135869125530711,-1.0975146701051686,-2.663825215612582,-0.7237520450131933,-1.1392843923233404,0
0.7346001615755169,4.148623110962738,-2.772258583642448,-0.19427080463596552,3.2010490288426183,0.028293691935964205,-1.680779276059283,1.5971156205202166,0.9959900959762789,0.12261153333876929,1
2.493639496107239,-1.776629666869253,-2.232979331527064,-0.4024800804668359,-2.2215237667481604,-0.3382992935885417,-0.017386888612843297,-0.5783039886609184,-2.5270654023863433,2.367281658812595,0
0.25079775029898166,-0.5097840469471595,-0.7386663987495448,-0.21111389571485958,-0.9527209326217644,-2.8653118305040577,1.2195012431978693,-0.9614595200284205,-1.1399388557676486,1.188638146330081,0
-1.6847530225817116,0.2840281894789583,-0.49403996357504953,-0.3262932244047908,-0.8904973022223034,-1.3653355090352999,0.023865018224493963,-1.021483850903593,-1.707608542910386,-2.678677383507349,0
1.1664019499836602,-0.6888048292372652,1.580562844049273,1.6412072166615346,0.8526986200940426,2.586042876169903,0.48280186450417817,0.1877500920324735,1.7601097529478618,0.5653744249673265,1
1.9714611434361182,-1.358871964393022,1.4171403365667956,0.7999524297161409,0.7425325970254726,1.8432951277787724,-0.4712030397799009,-1.155322125385863,0.1793402601170042,-0.3536288054661185,1
-1.948832703308453,-0.2205645149917936,0.576978436406085,-0.6092993945063785,-0.13601797659155268,2.4274269480613704,1.3162552162551524,2.449102288309326,-1.0166008819282433,-1.9600799422614974,0
2.7134211056003616,0.8155931275801107,-0.7446057138565219,0.5442568500417417,2.487205897384798,0.696758001888824,1.4896478422915818,-0.3087728938648502,-0.45653142174096406,0.01540680116346227,1
-1.6507932513388526,-2.033911552930038,1.2118744665563053,0.6752124304135045,-2.2187944598647036,0.1284273918094977,-1.005107500838015,-0.8532282751886555,-1.6867437016570515,-2.1085566581479016,0
-1.5950274318129865,-3.3524452031477114,2.029288262854236,-1.5069871846261038,-2.844939197350911,1.102219005886776,-1.1981609507468876,0.337654492280399,-1.6264579203573497,-0.768063982768274,0
3.6090771307488425,0.06387479754850153,-3.5367856722344664,-1.5546211237758736,-0.982473389768158,0.6076216181464082,0.0016913212856527618,-1.125243120282532,-1.4943019150231762,1.9230533415461424,0
-1.1768804937437198,-2.4723729772666236,3.313616797506705,-1.3446021996987705,0.5636872673296707,-1.5053846494654164,-0.30086244470927503,0.9055935967161846,-1.4540984482164667,-0.23911348793918275,1
-0.6344657628878021,-0.3813881844478452,-0.5601865323410858,-0.23059991204213479,-1.530149468952368,-0.28802042257494365,1.7242782491692652,-1.2059136311806398,-1.0868706065278642,-1.4320172542012823,0
1.4933625551353016,0.6462869934256333,-2.199384076738008,0.7591366223425597,-0.6399701039606396,0.5226595773889036,-0.8178087971443538,-1.2866758015764177,-0.6516198135378237,-0.23253261532679637,0
-0.03180098537641876,-1.4836154292118895,-0.3088962824567364,1.603965047869026,-1.786929150415728,-1.6812710586555253,0.351252629622269,-1.6972423574675721,-2.3375621117799756,-0.8183621054574164,0
-1.1562955729236193,-0.6260877961729471,-0.413884544797924,-0.804936367170773,-1.2528345922077144,3.7281355904195337,-1.799976570419055,2.2323359116417056,-1.4194605829514102,-1.6865439313357307,0
1.7342000334617165,-1.0747354289645545,0.31370221474678706,0.29452832500922926,1.4223648356820853,-1.0583714697921227,0.6456121462685421,-1.3126319950553131,-3.218224623762316,-1.792570156095688,1
-2.8914216200099894,-0.6118416084069223,0.9938939048340603,-0.025675260354486758,-1.5415535446644013,1.2671583808956501,-1.2779131065564704,1.5366219260954375,-0.128748874160171,-1.4372679566588296,0
-2.7183230183256515,0.6959523024820402,0.07766617153052979,-0.48068040997651684,-1.1331859184714148,-0.5565882998254503,0.9230148192330175,0.4608439312354975,0.5614989458253623,-1.1131317041160087,0
-1.3563690823840435,-1.8186467603884398,0.8742117432447055,-1.5314149822432306,-1.9692105843832697,2.137058995797638,-0.008076536478369603,1.3303966039329354,-0.9058837806595468,-0.5976181054361557,0
0.9610717407803818,-1.3310144892149394,-0.7171550168017562,0.7460579388855285,-0.49438656156871674,-1.7007212370115714,-1.5271610333780812,-2.279003005031317,-4.33246839415247,-2.678427404861627,0
-1.6547951427016037,-0.5644720955135641,0.5881627823791408,-0.18089045492608516,-0.41477967805551486,3.5564993517792405,-0.2422401590615062,3.5032689664364596,-0.489026489478659,-0.7005001786989219,0
-4.010475137283805,0.591885613028906,1.206443799014288,-0.15222325467982392,-0.7596473812350999,-1.0708882066937186,2.050940379798099,0.8051250724786922,0.4683251838778366,-2.1183252565025987,0
2.1279851427190764,0.09219690120847876,-1.3459077051807125,-1.4386370162357494,1.01118560036398,1.581211127136947,0.12710696497508725,1.575084679168714,-1.0154199709186689,1.3905048420314554,1
-1.8536878349238795,-1.4511471818636614,0.5113094219841015,-0.0483536552370048,-2.3287742126346584,4.087489941670379,0.05588563769205454,3.3403531202049965,0.14843818762335315,0.4817177234777801,0
-1.988773130019269,0.26680060260213084,-0.4839347903438499,2.208059077509089,-1.1615631167553075,-2.625886447182764,1.3023067107847297,-1.1428283536900272,-1.5491654447065795,-1.9570197913186496,0
-1.1691786612254178,-0.33916932345189216,0.2316892825477832,0.7556334826820653,-0.3196047179114627,1.71520148401973,0.284816215339809,1.0898876931005892,-1.2930720122980548,-2.0466304299524083,0
0.655986031176959,-2.6878860945834377,2.556273039369684,1.7167627491843505,0.8504682233078327,-1.2945076669609987,-0.6570436972729109,-0.566089042336978,-2.5221643054937877,-0.8050877960726215,0
6.478273712484072,-4.643080155705473,2.299748539762977,-0.04921975018821472,2.0579728145376013,0.2335270161376083,-1.2460537751704222,-4.864131239865653,-4.855736892768343,-1.9488994415685135,1
1.727890505134388,0.035260458499666816,0.852943077450646,0.776963359991937,1.5151250827270333,3.1749810470080697,2.415849787083634,0.39086772150538907,1.6810315143649768,0.3223782640686852,1
-1.942449379268627,0.8211559492217264,-0.589703838954456,-0.6423213996119603,-0.6746087025634211,-2.141062337928985,0.6119485672465433,-1.1431160699086913,-1.1607562640760956,-2.398884076082437,0
0.8256580685159334,1.3738900813924857,-2.1256444888737156,0.687049346723827,1.237534818081211,-1.0259358620457681,-0.753649710906341,-0.8590795379068885,-2.8133293427375277,-2.463506891068235,1
-1.3354484151599522,2.348778554238536,-1.8068761916232274,-0.8433718745595036,0.2447816453499856,-4.405177115123313,1.0689434369867896,-1.3477286604285168,-0.3278847062670226,-0.6874585319944739,0
-2.1321663420467574,1.621295602130556,-0.7555055418070713,-0.7834903416750496,0.48358889373802016,2.640895793007488,-0.8929905170802298,2.9623879826862938,-0.13746999054310782,-1.9478540775325026,0
4.645205845546659,-4.169826952394716,3.3747558846036267,0.8521340231464815,1.1788007514675791,2.813450909363914,0.8850433969165468,-3.1658792091330046,-1.2508035582066452,-0.8734788455854614,1
1.828233752098777,-4.205730189827754,-0.6064221826695941,-1.1653600998434215,-4.078343843712524,1.1485538930941792,-0.9961331556859193,-1.285974964657134,-3.61524277027393,0.834443954240905,0
-1.673379653395866,-0.5436761171890835,0.21343045999790822,0.7625106126926647,-0.5566568539048338,3.104163098928136,1.5619407371867822,2.387068478414229,-1.712734871857592,-2.3600929115908587,0
-3.1591826696213503,-0.009201515810243328,0.3885216062461364,-0.9614891990614646,-1.7859802738071866,1.2538533164697245,-1.0039220177014978,1.442668978784229,0.18136461193188547,-1.5565640493280724,0
-0.03781072117267322,-2.819750270624147,-0.5916678924787203,0.3111864967043543,-3.4511382517762756,-0.22052042741251598,1.1069790979677012,-0.005062156928374417,-2.7978983999546485,0.9289088595574477,0
-1.524357453752185,0.45401112610988187,-0.7963470428407604,0.4904698944501049,-1.339469911025025,-3.1520406439287116,-0.1108485103486127,-2.017814856720663,-1.0848160513993401,-1.5471900867084445,0
-3.5852270562493347,0.4696956032219631,0.5547508307924941,2.8671068171879743,-1.6415925910649949,-0.5858353542180064,0.37885122923497444,0.5226406439551956,0.7619987384684122,-1.4465934732022574,0
-1.7926450850700044,1.2480253622522532,-0.6722656625308885,-0.7246173885496873,-0.1976463747988435,2.977988420894893,0.18088362456584986,2.889723790347367,0.838483412322431,-0.6249690689847729,0
-2.263994302731779,1.8047874993954864,0.1585265215837135,0.2898399570570885,0.5840388524587303,-1.6531800934396053,-1.1919970065362928,-1.3899172067224674,0.3022792949947557,-3.3031969419559624,0
2.6966182833882657,-1.9767464281269733,-1.9690064367314473,-0.9650282075649214,-2.123652996763225,-0.788303794965376,-0.06810362457713282,-2.168081030831753,-3.233176121873427,0.7426482177261808,0
-4.634117918484618,-0.6217531561077979,1.5887035564574423,0.9658992644935801,-2.6676888141302064,-2.166949434935042,0.99277930009227,-0.21241784544326614,0.291732605152379,-1.6755999256086693,0
-2.518824344882044,-4.158058284111603,0.7171155481082059,-1.0544090477459183,-4.838025341421801,-2.8382505555006654,-1.6095380769790235,0.8011921505483166,-3.830372630300454,1.289352943426699,0
-3.337338519581584,0.8639402240649172,0.755665086547159,-0.6882282616389296,-0.5227214265205377,-2.4811160879065413,0.08059582402974991,-0.6650398223305609,0.08613360146492033,-2.3911334733938876,0
-2.2631314299381287,-0.16312451719415652,-0.25038388834119263,-1.1743529623173146,-2.147594399354838,0.429821756475505,0.87984592395689,0.14829421328707082,-0.32063564312150583,-1.4136386421043128,0
-3.9799209266281528,0.7515449855961569,0.5223195344636482,-1.0793725126406546,-0.7755073477662893,1.387987409364591,-1.5887503497280266,2.582357178952922,0.015459689673680055,-2.3526632727424657,0
2.4246412518396188,-2.6787005491730267,-0.7365755042414722,-0.9269881819745178,-1.4140905948654063,-0.5393595511350509,-1.5489752115779287,-2.00892742178627,-4.122849213742519,-0.5459596067427078,0
-1.747638546212163,-0.30242263506464573,1.282381793509051,-0.18166956961689104,0.45611858624515533,-0.1946879897445637,-1.3869704479307934,1.2171182097201763,-0.7469592111817304,-1.3388736452546335,0
-1.8513090214659085,-0.6377077297856024,0.2644015128326449,-0.468844654342496,-1.7329536422694756,-0.7834306010547437,-1.66579730275389,-0.9168475377041903,-1.1099925103602666,-1.9565564636011015,0
5.220105090514862,-4.522073002956919,-2.617845055661029,0.7271692217035421,-3.7988100888969107,1.5543630171026126,-0.5222008481316952,-2.695973440344831,-5.5590608985325805,1.2829760254850786,0
-2.9111105527388808,-0.2469237307929712,0.5475548037624769,1.2908858964911043,-1.3344598170521593,-0.33197773591109936,-1.1552903430592132,1.2911897374354178,-0.5261719967079181,-1.1072887881414453,0
-0.21286316223632198,-5.332217850233573,2.8412266149755396,0.48700925917353893,-3.3039302705009805,1.2262658652565177,-0.7995016584556943,-0.07859653612427331,-2.589288962240408,0.2611732179064099,0
-4.041806631988404,2.09905979188484,-0.44480271432368657,0.1953603967588828,-0.647461556590259,2.585320782703685,-0.06568047280698833,3.6596073196750165,1.7476607553378911,-1.2512843131309188,0
-1.739646529479192,1.1049296375306021,-1.7127343595387692,0.7015888492870094,-1.5917181959771605,-0.8957881266253092,-0.01217849865708979,-1.3273095469507181,-1.1775756585161101,-2.6970857448080077,0
0.262480338862626,4.39364131980952,-3.7280657386224716,1.6161774731748255,0.9315337480902661,-0.947628257850147,0.5766763115393011,-2.2246897782783277,1.1384632336536051,-2.0419478193427896,0
-2.5257369244632506,-2.4421529397769,1.8892861921453266,-0.6710017453111383,-2.304209669298511,2.0285167345557182,1.087791711437109,2.25386295901013,-0.8755638954262613,-0.48750493221725055,0
-2.1880004813163545,0.7790296708002894,-0.4696321950856286,-0.1759783314567708,-0.843692623195252,-1.718964476468922,-1.285439898508484,-0.428287607453824,-0.6650830738760143,-1.7465812898661812,0
0.02404741714763261,-4.20114575461403,3.256246208901465,0.692499714304585,-0.4661309485957946,0.9611482351609084,0.10280328501992952,0.9197975227688273,-3.0449092010780276,-0.7460696876046302,0
2.3055436715023525,4.99271016996315,-3.6422419359803473,-1.7741103122787536,3.4502605265305366,-3.202591312855201,0.893415956689334,-2.85279425956918,1.2044555924908606,-0.6170965434164706,1
-1.852907547963923,-1.7535937293173927,0.2329468443149767,-0.12366957158270403,-2.0099293279880484,-2.6120164067091176,0.6160556786311759,0.3561336366518839,-2.9313701611256286,-0.31941298104112326,0
-1.3657577777892147,-2.3502910520078206,1.9947530252567662,1.1847555034110568,-0.9191830483400043,0.9063748279413939,0.05197172671550086,1.540571421289092,-1.5905062123677973,-0.6262772839721529,0
1.2814382255470154,-3.740044489794431,-0.052531216443142625,-0.1708440037967807,-2.957577025628747,0.0902177105518367,-0.5666755899366115,-0.5902162540105385,-3.482110653263294,0.9321861002015726,0
-3.7844377555754694,0.9792503896875469,1.516476291692138,-0.4297466634439692,0.032730650677159856,-5.0975339593305,-0.14023994946474372,-1.0787092315746163,0.595706772286096,-1.4950151836095888,0
-5.807234604157206,3.5075472202232407,-1.6900046230695613,-0.3781245803695937,-2.0528728046992106,1.3053369434600341,-1.1492505191902824,2.570460662255546,2.4346795033720885,-2.27064518762964,0
-2.39498534643058,-0.3302863351243718,-0.7241066868866333,-0.41521264313204453,-2.026847730212837,-2.7751046417240346,-0.08404341192746666,1.4194188960001757,-1.234360689105774,1.2409191638221686,0
0.15179070816952986,0.5260694039863149,-1.1852757269826009,0.14490593433976803,-0.7664112059973691,-1.138352498671244,-0.8122128357486891,-2.5701119824459697,-0.9292572759009575,-1.9492304898722963,0
4.141984007567542,-3.108672452352849,2.7005059395984032,0.49461410193582,1.6145305807472834,2.1726659283356318,1.4551429352934444,-2.1950430637927667,-0.8036428775619469,-0.18192027110083775,1
-4.105803452094758,1.2647183527387689,0.4166134297995564,0.6678539132878224,-1.4942422344776145,-0.27944487211520386,-0.614981753410632,1.2853364727040433,2.064137809369745,-0.7599840849192172,0
-0.36756096508669756,-2.2249338511008196,0.47053281903305677,-3.0557089491442007,-1.7764972397389471,3.7516570195045804,-0.2823463723772995,1.9941794609521573,-1.76775589254324,-0.6414963300087513,0
-1.5483992310503458,0.42437263378848855,0.7589211466322103,-2.5711368531054113,0.8347709034366533,0.7830461628624886,-2.3393673198131673,1.580369366648047,-0.26597859770833465,-1.4838373679837984,0
-3.216739381304332,1.6189218213106087,-0.4211416358521125,0.20083983868110694,-1.3764603676628926,-2.5841984317442397,-0.012431352181799788,-1.7844077550997897,0.7247463163059504,-2.4482701627040173,0
-4.284978027785139,-0.4062325714426272,0.6588108933048868,0.7670307944845707,-2.321205750454554,-1.9386772646446797,-0.9991599434519759,0.6954616888293434,-1.0376322728517922,-1.7941364367712405,0
1.3921363230932033,-1.163159492192099,-1.796863757107364,0.15568525695762853,-1.2862610049438787,-0.6923376665531064,-0.9349478374679772,-1.6919583478327107,-3.9731829867337236,-1.5557563975444288,0
0.2870782122548172,1.8091960307053077,-0.8590090441194278,-2.815810494477294,2.993550313220588,0.5768912852355751,-0.04710170789354604,2.7464841455032403,-0.9312098884092969,-0.36785205411969124,1
-2.4012806492671364,0.8874214749780703,0.2564278861930882,-0.7279618647297909,-0.6890343009804638,-0.17619732067728222,-0.22527130811779836,-0.7816162094588961,0.36943616898771836,-2.770610506838283,0
-1.272327467071927,-1.7511165987501154,1.0223837258562498,-0.16374274729121518,-1.469037712678716,0.8946783105010685,0.24041121366865606,0.8469521119414882,-1.344649967229188,-0.8037917811738413,0
-0.9655771950585207,-0.7517926007332354,0.6058798721499177,-0.9591879620959133,-1.1348730629176436,-0.9399207417955605,-0.3918830296209511,-2.3359591878435397,-1.226750650859016,-2.774464369782393,0
-1.7443724689806992,2.601945370562676,-2.5022539418586,-0.03176132329018785,-0.6074387598643214,-2.3127147973013753,1.4552403021497493,-0.1625313509235593,0.20020405713927825,-0.4875061621637766,0
3.2765546128928977,-0.8127442691111387,-1.5458113284396453,0.19415959569499655,0.6462037749272457,1.4274805505764052,-0.9175529183419349,0.6000302342855728,-2.1629218664507883,1.3546969393671522,1
0.5256668560178422,-4.296789203765115,3.3307071901076033,-0.7837601693701695,-0.5720295472489303,0.4011251828372262,1.164034397248306,0.8689141404050176,-2.0439280358433405,0.9782773238638578,0
0.8202845872143227,-0.5509837890900209,-1.7182445194329705,-1.330987921569097,-1.7809737665818637,-0.12325191789400514,0.7525256631608443,-1.0561822723730432,-1.5309085647170462,0.07583298989593956,0
4.441294199817857,-4.154398130677427,3.1702277518139583,-0.2083660129166857,0.710395266456024,1.3380069505110952,2.0095396507971155,-3.1989025249195158,-0.8699956827376643,0.48636244341239054,1
-3.099504932192992,0.8571138714861906,-1.0826182274330756,0.7656303381716163,-1.5007143556454685,5.224485417333977,-0.4779282687772126,4.216291662297532,-0.32998689947632087,-2.19675612328008,0
-0.27139631871987635,3.5806220046028443,-3.3583665633118502,0.7987305121611646,0.5974277537013941,0.05799783540652581,0.5450042594676882,-1.4444351695573763,-0.2412751043513136,-3.1627780014595817,0
-2.1798892892083592,2.9036387776627715,-2.1053155817472256,0.09132092304193566,-0.49334473552433755,-1.3228918309995685,0.43747898928112494,-0.2219138332817291,0.9696348349974464,-1.2845282461999574,0
1.4615909453125262,-1.794647909923482,1.7703311553785674,0.5445184501466294,1.027723722001504,1.873170847738292,-0.31211252426939223,-1.0659849828883834,-1.6341704921567168,-2.2857612737278523,1
-2.5735693408391436,-1.3968606076823231,1.804653233167259,-0.4360208981807365,-1.2800918327199908,-0.1532831523110718,-0.4807565067270335,0.7890117593510386,-0.7186596061074508,-1.2990367777945198,0
-2.9814761769242573,2.272963697647878,-1.2072484726812647,0.5994875235681804,0.011153057542858225,-0.3966658235454805,-1.3167692510055098,1.7629290151219124,0.015315335445228229,-1.6997256394815206,1
-0.35243489724897353,-3.2191688033130696,2.6074956521544217,-0.0588698552423208,-1.471667416979723,-2.3730188674286627,-0.2781685735538712,-2.1112157257862623,-1.5608049381534794,-0.3615119464851394,0
-1.588028018012999,1.5203519831328878,0.15442144760898557,0.9064525405197977,0.257675372849802,0.35303163382879643,0.3986434717966514,-2.511911653473371,0.2468820157485745,-4.860007177621072,0
2.781773618169417,-1.195068974924235,-0.2775593458995076,-0.0002632012668430551,1.9494266004150904,2.897630294333527,-0.13339518883726725,2.5159637171326295,-2.7284029278426187,0.5334295088201204,1
-1.609003922462169,-1.5018315161213454,0.9776245725462576,-0.3277876896242152,-1.776664472075014,1.695157793958161,-0.5348428545247115,1.2199858881145138,-0.5086869088215836,-0.5809602618032138,0
0.7336524335901942,-1.8532462027889638,0.3822745621251139,-0.10816524653459693,-0.8268539089269926,1.6409380873093649,-1.844216703867239,0.41503663173029826,-1.6854540270776588,-0.21584323099968916,0
-0.7935623640612735,-0.5400709520079522,0.7222855050517238,-0.14688810390199103,-0.5571906531766216,-0.9442752152534832,0.47887497005245266,-0.7314534200813174,-0.24853992208003894,-0.6545729995221885,0
-1.4012374647385448,-1.1922720226190302,-0.2658838530623693,0.7646791754352351,-2.6858897084678297,3.805116364254088,0.36668677385507503,2.452663515057123,-0.030989382555312917,0.32018783106155424,0
-4.158280520460879,1.0968319584785626,-0.08165857584450431,0.4030248821827379,-1.315864147911276,-1.511973284769088,-0.9354007444451926,0.46370628575913386,-0.4716803696224462,-2.7610397012482233,0
2.619636186058844,-0.7024007105746519,-3.0118698501596683,-0.03472212770485495,-1.991253741797646,-0.19472078341286214,-0.18172249451237293,-0.5883311619568006,-1.550709997377039,2.7342502285134183,0
-3.322932080516491,2.141197209398501,-0.840970790754763,-0.6159813430848522,-0.3764624200638611,0.31540439897350414,0.39358065033571576,0.6030038375713636,-0.019599205933642727,-3.4888434394340195,0
-1.4955053158478973,-1.2921907124528773,-0.22312382243480877,0.36818319700727326,-2.7615206481424073,-0.5383891136363332,0.757872361932744,-0.29644293720328085,-1.2323462202478035,-0.37289675056862315,0
-1.1202671962773671,-0.9597169421180306,0.5451448141845397,0.05472642511002143,-0.44650642138381125,3.6020825514699295,0.09280454605642857,3.1231267395646127,-1.0815586435977034,-0.8645925310428454,0
0.2969305219787336,-0.6324777250349243,-1.1433652270397079,-0.0897648872738478,-1.5096868051750585,-0.8676479024523798,0.08609437179585895,-0.6544410249918565,-1.4022282174837744,0.36115891927162647,0
0.5899142557858278,-1.9367683182425866,-0.2404502258337522,-0.5664636491821228,-1.0762011120523671,0.4387874457461911,-1.601592514524967,-1.8283370300563782,-4.400438499146526,-3.6505105775190643,0
0.3756505957046929,2.053211589085164,-1.6940098995420634,1.3658704330648481,0.5741037365403299,-1.387598560378772,-0.8773425286979435,-2.2358813993695463,0.19611939679219703,-1.5753787037131293,0
3.718696697344401,-3.2956638160803453,1.5789064797918946,-0.31350668522774333,0.44979412235810246,0.3660749628831593,-0.5801174628460125,-3.8230436252072164,-3.1641972185069696,-1.9851414384515627,1
-2.776282425826887,3.1371491192131633,-0.5915668463603247,0.35730767603544816,0.8099634685767207,-1.3141637103772021,1.6700219883202245,-1.759828026016411,0.8407485140348374,-4.517784049309376,0
-4.300701553264724,1.5934419504355608,-0.07864490962997994,0.5309868293620021,-0.9616930330815577,1.4233734283781037,3.2153741962128324,2.529799031631966,0.8673459325935098,-2.210048740827424,0
0.6341807509911401,-4.204676838712191,2.3323623032799907,1.0656152597083106,-1.367978788383716,2.1478444104193066,-1.168720911568326,1.1548470730729237,-2.5251453552472922,0.32121365709234984,0
-0.051429382246399875,-1.4085306298390983,0.12645373569069185,-0.5317059539953605,-0.41183014421466624,4.818003920327878,-1.0907380577233479,3.272949755477475,-1.8978709572264023,-0.9171706648666803,0
-4.644464813462431,1.588437437146999,0.8237438153731012,1.1837769864841015,-0.20194597597239927,-5.652199313673977,1.0362281268530658,-0.3315568671260718,0.30166338375474977,-1.4906243445659344,0
-2.199500000345107,-0.9803965118843969,1.7155594052634828,-0.4564715159505109,-0.11503140881983598,1.3302058621511772,-0.3872540540989525,2.376606376474748,-0.7750535862215602,-1.2134206099159484,0
0.8540079441589158,0.003947200946231688,-0.7013487724588596,-0.38488237280071,-0.21931341875149601,-1.0364105246064568,0.8477612113436787,-2.680233411162888,-1.3591236763733379,-1.9290023805826262,0
-4.094719123127947,-1.0743976951187288,1.4621257504070027,-1.3293212819150324,-2.2992340315371727,-3.624347303311407,-1.248688327662228,-0.4537244915524754,-1.204727062972295,-1.5716944070471104,0
2.8639366510569806,-2.574970844183299,2.1912469716650653,0.46543309008077954,1.6470882803777238,2.9596275663024776,0.6654187002964168,-1.7760468311990532,-2.5139644462384747,-3.117489848841371,1
2.1759271671322176,-0.21601359628972522,-2.468136572784045,0.49928294084604374,-0.9617963180245509,-1.633296389425796,0.5462652450124685,-2.5517154180433783,-2.5750326133577963,-0.29548858850970794,0
0.1262231696904761,-0.3562294860589036,0.04826112544684413,2.366972660059023,1.406637095118665,-0.4917489321832884,-1.1032587225641184,-0.3888290001080248,-3.858315606915757,-3.636935145303859,1
1.6182290052604644,-0.7871492862426772,-2.3868186690761237,1.40151631323036,-1.8721794028007677,-0.8776559340070096,0.42881588760178246,-0.7964549204255714,-2.1525770322402593,1.3908026342727342,0
-1.1058362000553905,-0.8729450430120641,1.3355155048436185,-1.5740329630187886,-0.08613086842248019,-1.9854495657239193,1.0995834452105484,0.20565732127355374,-0.48397925700831834,0.2647062581579145,1
-5.602390255544418,3.0502490933979485,-0.15767942667203338,1.4791278884554424,-0.5082078774669665,-1.4722159739007958,0.7411558240849149,1.1417925157813418,1.5676324903537724,-3.1312309768076525,0
-2.4900400042422803,1.7521362240276965,-0.7711903460783913,-0.3281471030911709,-0.2813093149876671,-1.8030985141506801,2.6333835654016435,0.5639739329550804,0.4503053006493809,-0.767698605606663,1
-3.38425388136395,1.7978092973179396,-0.05927901259601964,-1.0848245709655016,0.07896987591286231,1.3886025176512573,-0.9171974456425503,2.913059399662812,1.097139470712266,-1.3535065779333832,0
5.053127184327453,-5.345816356033172,4.452429585126212,-0.8397175571153462,2.0030443718720554,2.088225217431874,-0.4960771723575772,-2.855024625376796,-2.8435039506210202,-1.0784002961388612,1
-4.912140265839721,0.14797616336618186,2.0165118003194378,1.6460188393686188,-0.7878937193155768,-2.1089711306024204,-0.07459358515516813,0.9578613648706944,-0.005587119305429544,-2.4672960715589833,0
-0.08616981158326073,-4.57145234444944,3.313755884399813,0.17732836314114375,-0.7693189612874933,0.2759360055685026,1.2305450052085505,0.6112379353624171,-3.647055834471919,-0.869415494179055,0
-3.9665560797949855,2.206305957233823,-0.49546398341946163,1.1956352431945556,-0.2188706336197136,-2.8260805570017924,-0.08282290882277982,1.0437969472765292,0.4000574715901124,-1.3674483720725104,0
2.2969017572854358,-1.3245693870711637,-0.3201477515442118,0.3560404439880864,1.1245966348885892,1.1710839012857928,-1.4138312917103495,1.4132565913295494,-2.7028410831331726,0.6768077500782188,1
-2.0497226274638582,-4.299544100790212,3.3918466298981627,0.8564135060057914,-2.60826710586659,0.2243956054245173,-0.18245000287426927,0.49645451629145565,-2.0669434182027504,-0.7723863050313258,0
2.1764162836131553,2.9637161881328726,-2.2820261395645494,-1.6517349437259554,2.4011820148831524,0.4938225853254551,-0.3586012152318079,-0.15481199985829464,1.5734187207703574,0.8205159514789542,1
0.10865176954303282,-0.16712038760806253,-0.39034558739332814,-1.1146434693531446,0.3478198527004124,3.7763028449469096,-0.797774878028373,2.68864933441143,-0.9794596721062794,-0.7011931487675471,0
3.067837729376338,-0.2305122716225935,-1.0699358886318517,0.3223950951269395,1.5114581925722608,1.6681095024758976,-0.006717666038303616,0.6571303110607205,-1.3657221003963367,0.9083005774652348,1
-0.5710789481153514,-4.783398976719977,3.054926987869902,-0.3501281715175616,-1.7867627809453337,1.751725434528851,0.6039309286803327,1.0297267469400448,-3.5730667984916833,-1.2288678106379405,0
2.8878656387252106,-2.6026410473704047,0.8193738727392621,-0.8199810553645547,1.336203713406267,4.365220692079646,-1.9337932803017448,3.1396528691773664,-2.595214273175697,1.0744378687284786,1
3.259309252551536,-1.0283363961688143,-1.3280997364167726,-0.9908276498598773,-0.36223687551545347,2.52520878768217,-0.01595862986449861,0.5764626341568077,-0.3582206378162637,2.6047036628697473,1
-1.6375142283244344,-2.8367828006658717,2.9670725620601943,0.5305956648893245,-0.9700680654019177,-0.6046497263800827,-1.0764820498948993,1.0754368553028557,-1.0024102632186471,0.23211192629051358,0
0.2892438086635106,2.0084057984332215,-1.9310110627169497,-0.18047423123801723,0.22135580752584905,-0.33854800249550376,0.9103838498109822,-2.071658153321123,0.001968232379446988,-2.13466662656998,0
-0.879069085244119,-0.84228093233993,-0.30257131929541004,-0.09098613803923626,-0.8922068987356158,5.618153116002816,0.305402681893426,3.8880064464634105,-1.372957662254794,-1.1734801938249706,0
0.921178238044469,2.6611365623547187,-2.275428653355384,0.5134361863480024,1.7572655281580658,-0.0074054628615631835,-0.9114736501237233,1.1221239544139812,0.8105670380502865,1.013520441908004,1
2.6432782952833604,-1.898020788100508,-1.2837981111964725,-0.8710031785224339,-1.6284521880400087,1.48072095869558,0.26768740232728816,-2.648760231439717,-3.0292917841450873,-1.5774634509347116,0
-1.3516579348118327,-0.4703270870210433,0.8770354963990212,-0.35412123567735054,0.4215723231169539,0.6942443931022666,0.3060332823635102,1.4251851645396232,-1.559525954588348,-1.856214077467024,0
-5.226771700740708,3.2793656174409493,-2.23264874336063,-0.12336810537690149,-2.1679798110684176,2.030718092410712,-0.4469183622860159,1.9191094082431825,1.0701275841070093,-3.688299019581729,0
2.195125465714668,-2.0239239601323313,1.018690765085874,-0.3261456472977434,1.328456661799296,0.5917545855437499,-0.7359259896700556,-2.117760627364187,-4.088640565591044,-3.630595823711947,1
1.6556473231973605,-0.5211615809135542,0.2739533638488453,-1.2576295233777415,1.393895761465124,0.29724007126217866,-0.8405797480802278,-0.8416626498637862,-1.635941483149694,-1.2697981236558555,1
-0.32750340821455604,-1.4415503320854801,1.0580244566469408,0.956128605741,-0.4960048171981828,0.8214405303081458,-1.1338191937539535,0.5427678516145058,-0.9788104897545579,-0.46452486541718174,0
-4.520623862662833,1.6518927772239205,1.2945391996647602,0.6960424110964861,0.42269357173986855,-1.4955577005513434,0.9856209133365973,1.1268531785636886,0.8299965032709864,-2.802058935202088,0
1.3433418043189618,3.762255258225463,-2.7756650167495884,0.20540077260191011,2.6397972909132057,-1.3567937673732708,0.7927651436443759,-0.41834569330443583,0.9874435537084798,0.15822769334179398,1
0.7637358409894967,-0.9264854915692138,-1.7742236183175293,0.27911842475073945,-1.6095817227543128,-0.3708512049608439,-0.08772811629862198,-0.6950022725748377,-3.001919786875043,-0.5723550110790624,0
1.6108210479548613,-0.6179253619606577,0.03597533204448289,1.7524287883872727,1.472556745164229,-0.44787485447412023,-0.2915200537064307,-1.1734296629831538,-2.8555140854711807,-2.0750320122361394,1
-0.6358032261909393,0.6082515045823542,-2.1546152817431365,0.10022522956956723,-2.1446058113123954,-0.32391563568941806,0.4421599888517731,-0.21633586297407648,-0.22619736410056368,0.42743702716369825,0
-2.7287299984939652,1.6497967600572419,-0.3449739428933717,0.02802090072679107,-0.08165271716777434,-4.201872122794082,0.8787723785828048,-1.648247611171298,-0.5752889829609807,-2.4791449980815843,0
0.24711332733007343,-1.4680743538066368,0.21719079424955634,-1.375940323415281,-0.902271470466108,1.9974182099876603,-0.3160629716374493,0.4156296554871739,-1.635270176402118,-0.9945282541041929,0
0.7209957938997389,-2.8942906687430248,0.9589894626957502,0.221025231151047,-1.1479304032839768,3.1783854610489257,-6.124562755371822e-05,1.6980174277402416,-2.176187563477306,0.07820659093082227,0
3.103966275568015,-1.17006132067759,-3.2852410560788115,1.4507600210860958,-2.7602574662971704,1.8668176393353901,-0.5252618994803853,-1.5070334214123124,-2.1102842609590384,1.093369331391965,0
-1.0602751533826995,-1.4848240464462366,1.6211019948885488,-0.7817391430916868,-0.39206915767601136,-1.4109416273814004,-0.6726458449635592,-0.3374100236668114,-1.3109428395767606,-0.9153278889225651,1
-0.08220627599641193,-2.9676101705521405,1.6200642968601378,0.46461996034513564,-1.543083783349687,0.6200730659712714,-1.2644552589258438,0.25251311868024306,-1.7146539501948315,0.13015694159360858,0
3.3789735018791616,1.1399549992998856,-1.0012860822325766,-1.7473631486709842,2.103974051330409,4.720373777291397,-0.9093693167108169,-0.8745811779624906,0.8239133145623478,-1.4944774773351588,1
0.2897554490977509,0.06777260198560749,-2.160560821169647,-1.9244545968629527,-1.7460937327337254,1.6493255342902664,0.031079518237261926,-0.7845165761642281,-1.827938101232811,-1.8439758105197166,0
2.6947013363875922,-6.635840608097066,4.831840301152655,-0.5324653940071872,0.2567405673983656,0.24199224464977676,0.9451547356668297,0.2679938607417628,-3.828720405095012,1.49527450229869,0
0.23086468816627123,-2.134718380139043,-0.10790113056588779,2.05420183359104,-2.2009179610752514,0.19363812354800314,-0.5991619175459322,-0.6852603060794991,-2.165330676574123,-0.26283478805134186,0
1.1580013789304953,-2.277292969906768,1.6709627695347153,0.30257033493578345,1.3187614241985517,1.4804608018254666,0.013004763983309435,1.6951632292498542,-2.7180139817262203,-0.43466795692729,0
0.13974948791841427,-4.720897915001806,3.4089859774282996,1.3060987127657413,-1.064024723322682,1.3095730417074538,2.0704583153540717,1.414126873647961,-2.537171216428132,0.5276590659008447,0
-5.466187317710905,2.248903942941101,0.15969965264004582,-1.5270406324123211,-0.3838402843860117,-2.9804580201742463,-0.9517788172640964,1.158081265277021,0.1496516294938952,-2.876805441713169,0
-1.321504245713136,-2.1097829746311487,1.9031507093893199,0.6401534423571412,-1.072746421057358,0.020666583326523602,-0.8119732927283112,0.6224112856161894,-1.1233251951883114,-0.4970155863558826,0
5.516680055217425,-0.5673705250977236,-3.7981518198437936,0.11280738792146285,-1.4585529799395793,2.5636306254936585,0.09954158189574805,-3.886627180389034,-1.8900735313127264,0.0104490781489186,0
-5.131342633553464,-1.3486955566451464,2.139537456297366,-1.799155824032461,-1.6817374234233542,-5.653384684135462,0.050504890486286605,-0.1737672257057159,-2.850795589841007,-2.586191898573689,0
-1.3479001660392962,-1.4190714605378598,0.7957237974709401,-1.1055541943978062,-1.7395186319628717,-0.37637895753717343,-0.6760745069742347,-0.36220867187537353,-1.011922972391821,-0.8758946599480054,0
4.207076975507276,-3.5533466552108766,-2.0388093428993934,-1.0474080504160517,-3.2127555450324734,1.8211544510590638,1.03814669602009,-1.8461712041575906,-3.5967220587218676,1.7071667415740404,0
-1.5213871141976247,-0.04939617247606907,-0.26848758017797403,-1.6930728538314095,-0.932320550323913,3.4679048724983437,-0.03156171263228887,2.3380977997782773,-0.4817264794321827,-1.439926803800752,0
0.8621959001351243,3.440425206269284,-2.04204622160557,0.8515481352645246,3.3854652142120876,-0.7905811616706022,0.6091596117483914,0.8756988010914426,0.20818035040861838,-0.45315413477573174,1
0.8232969184763554,-3.1803267191207114,-0.9615559315972495,2.1190167281423116,-3.18726260462529,-2.8672718813857916,-1.5559857033323108,-0.9126272634360643,-4.104969575275772,1.727396988101125,0
-1.6383175035937882,-1.5092177083444953,1.4742690405446597,1.3242777631296714,-0.8703731285853684,0.568709944830551,-1.2199308999902159,1.136266141107981,-1.1087199177627998,-0.9589499122916838,0
1.338150675595308,0.2784197913815321,-3.1749006142505274,-0.5536614486187944,-1.344770816380358,-1.1331910884910639,-0.9129633663053826,-0.34696351071154563,-2.1784610819033334,1.1162480107104185,0
-1.1151090851076406,-3.342543541087411,2.3988303237446806,0.03207432755718716,-2.024236992560431,-1.092112204832711,-0.012993678683590195,-1.1749652549442473,-2.181951398217417,-1.2086434909041295,0
-4.39189516142481,1.2721082489910833,0.4158492908304251,0.5265031181081061,-1.1514659836270473,-0.9703402049866012,-1.542681989972529,0.9377443835378192,0.7879506123190223,-2.1237960504946582,0
-2.5946058005679444,-1.1579234301365204,2.0590187134207927,-1.9901167372489352,-0.5734316616642462,-1.6373817648195446,-0.8854203560949772,-0.0776645114663379,-1.1742833326051478,-2.0283212870925653,0
0.8733178517716089,1.2624171397923372,-0.6800971426707785,0.5378871095905987,1.9091427064938848,0.31250488804146115,-0.41480762717087216,1.1624003088319803,0.18817872338327613,0.5212893123592881,1
1.2962816096534215,-0.9816191054282989,1.7830246969669492,-0.9624303723154463,1.1784633409275351,1.3502344498665952,1.5483177053834132,0.1563848399988057,1.084824725827465,0.8825103837492214,1
-1.8349441865723326,2.575371776765359,-2.2451744218176826,1.4538844885481361,-0.5943996403127942,1.4391079152460535,2.061934956003614,0.8506151692751466,0.6388738373042073,-1.8465827232054761,0
-0.13941308024432925,-0.9818721243399744,-1.009425896528683,-0.5619298595106359,-1.5532834282648607,-2.3817355407086422,-0.7675366433534065,-0.6057811306379844,-2.4881032818846607,0.28332801255452367,0
-2.4370832983485298,-0.7150956274444764,1.359058367281229,0.32822033198098743,-0.9447470289402236,-0.004873265142341099,-0.7000202929355765,0.9439688440087294,-0.1907645008128418,-1.0736870856989345,0
-0.10311393453380484,2.0262682322171437,-2.3117267507212236,-1.227162998703048,0.15816771581810296,-2.436243979050089,0.3161049936893784,-2.426111150614921,-1.3153494973839763,-2.4066502216168555,0
-0.36671054821795435,-1.4012645826995873,-0.0379616694847007,0.07332992825063586,-1.8044040316705818,2.405638979422835,0.8686572407355625,0.8653838708471455,-0.9841317897260273,-0.4287095530400077,0
1.1845295410028447,-1.4003024398324029,-0.9975038855310072,0.33623308640038635,-2.01108753508535,-0.6656095115676794,0.09976216876739895,-1.7327642584226142,-1.5240196222024847,0.5093176377675335,0
-1.1758550668410628,-2.105462613646194,2.558885681308312,0.025755350923262824,0.7562681577705626,1.0952439168036303,-0.47099942075297796,2.8111809412063806,-1.8886712449526555,-0.64396732043112,0
-3.103765049453894,-1.5396695782949399,1.531569873689811,-1.574729373342093,-2.1771612456230973,0.8514721290146224,-1.1185509595418555,1.183415501186226,-0.7423304538510442,-1.5722216990747997,0
-0.80833835432101,2.935338318544431,-1.8485254872372687,1.2132671920084979,0.44799359514884785,-0.5371390766294778,0.6071273038496771,-1.7499243742474175,0.9509538425552542,-2.5218848724014604,0
0.49931348829778927,-4.73562878252994,0.9804481497141357,-0.12220095311596485,-3.4151014507570263,-0.42367287286474276,-1.2208875198140117,-1.8292789004334007,-4.8859341176374045,-1.350545402582678,0
-2.381318958099499,-0.0579944071270525,0.4385680648528216,-0.32904429524238493,-1.5469266988745445,-0.3120331367909426,-1.1472519911746517,0.22890154772478466,0.4401967416949597,-0.8002904315795378,0
0.10805428872303464,-0.6079589847143289,-2.191220514797574,0.16492143792507125,-2.170520609257495,-1.7635374675219484,0.7061143306804705,0.643877859682837,-1.971751685398154,2.105089685710213,0
1.891739536750294,0.12366583699976405,-2.588039876872985,0.06436382686707809,-1.2079602332484947,0.7401263345897608,0.9261708048199818,-0.5114496236434194,-0.9245366932037574,1.1284157044297571,0
1.1589755635928394,0.3203962719735082,-1.6526862199051813,-0.05923175154200424,-1.0187873977204478,2.0605747837723776,2.227139060535686,-1.4662773842244745,-0.35477674619672717,-1.3099149244465542,0
-0.4809872254778485,-1.780593842577564,0.7697069390104649,0.8622857168015928,-0.9438475543121901,-0.5972890522289582,1.047588422250938,-1.3109137853242412,-2.952687082473502,-2.62495172203083,0
-0.06539488032079692,1.066315306625677,-0.560535298794236,-2.0769735223943804,-0.18739669153284466,-0.5062226785861834,-0.46403576074681513,-3.1831034818177266,0.23729255061644738,-2.8846132106130034,0
-0.3103256917976018,-3.8407795124484547,2.9556246730931415,-1.3730475446650445,-1.3261869446509233,-0.8343324535708794,0.6597747586417776,-0.37239415182994806,-1.9736227825824026,0.11199037273810486,0
4.8649408368076585,-0.9024244950753311,-3.741552856710415,-0.7698459035736699,-1.3490823007370627,2.4367359850065804,-1.2855551671918546,-3.5684726210756996,-3.8497369608030665,-1.7501813117027547,0
-0.20108255123946672,3.6618382148129873,-2.6219557024329396,0.6197061801791115,0.6604540988308718,0.7522384275803646,0.46416953439415226,-2.2181804277274746,1.269800963614872,-3.2906747999775097,0
-0.32286270788179505,1.4866128545245145,-0.38510325844038107,0.7926650668400846,1.6426440662102224,-0.29582536787657454,0.3023227474312732,1.6478748729725186,0.5845406803791429,0.546677402434597,1
1.306351513775628,-0.8390743926162734,-2.090004446280422,1.3187609748391393,-1.2848586918277782,-2.5397830412322993,-0.07682770101146585,-0.9323115741940812,-3.1377296263833654,0.9572163209158355,0
2.0991145788343206,-0.9126809271719224,0.14174743523846345,1.0058286206592073,1.655152697164207,-0.6968964945356162,-0.5264848226902434,-1.3450644558970444,-3.1241934653419015,-1.7961702546724807,1
-1.763422846104661,-3.93236982071048,3.2959626456791664,0.4788211889798271,-2.5652830912082236,-1.0567084221505954,-0.47105357038489465,-0.11769390937271873,-0.9975958811838911,0.4965492596257861,0
-2.658883444367671,-1.0245170772998917,1.3645007973996324,0.7585225407647307,-1.332643242469238,1.780873289210165,0.44532816217557747,2.637439915266593,0.0944459089269063,-0.3038334687235864,0
-1.9954343053901535,-0.23656329862168937,0.31824748992491747,0.2556586540972739,-0.8942856310272757,1.7075691196158218,-0.6462482379073551,1.8611846890288446,-0.4511150721573869,-1.1808775093965707,0
2.3416405015488992,-1.4063656386113454,-2.2631124308485124,-0.05842975344279702,-1.7880377841505055,0.8084148209498139,-0.4579530002033566,-0.3203239934655918,-2.661644471984568,1.1959247042946832,0
0.25362015782429803,-4.619485014500004,2.2712299758398595,0.4152954812539195,-2.1466089378297513,3.608290934081362,-0.6852633084704479,1.944846316134882,-2.6666621527682413,0.19019979507891005,0
-0.42713969988948364,-2.4831470963124045,0.4288989795418011,0.43052961167703435,-1.8956223304666344,4.662014544618949,-0.35835093235555227,3.083851400900501,-1.9772004839496962,-0.2543802153122675,0
-0.7108039223717748,-4.284227786345319,1.799241776155752,-0.11321729762476908,-4.095961166596707,2.9866914028019793,0.6870410918886385,0.8241469415093162,-0.9292227735027363,0.9358490160947466,0
3.9174623845505057,-2.4561705864296113,1.0823428482486248,-0.6925663948070852,0.8423288785857803,0.9208319858507457,-1.9173550088067448,-3.461281573094032,-2.241971027464759,-1.5433951487925097,1
0.9613253746961733,0.23978355958022587,-1.030512133683547,1.34729690018783,0.17574543530960351,-2.254613744734233,0.024047769119065886,-0.8860678691354835,-0.8563061194219678,0.9197823808137582,1
3.262247912629501,0.9975455662683625,-2.020325159274468,-1.3177700445462432,2.402739838180878,1.9386100353144262,0.8649821850662238,1.165197719328402,-1.3361539766210833,0.6127059308997957,1
0.691515258328069,0.5408007228805752,-1.5549194833556867,-1.3726790997110696,-0.9010059201917325,1.2570317872679593,0.6868381332651379,-2.263250995525973,-0.8216577713599995,-2.546576982397859,1
-2.2678754346309598,0.5683110237491676,-0.17361590196693433,-0.918694360920061,-1.1180725907038926,1.2755946782279923,1.0959361476075746,1.2005037264018739,0.4242987025009024,-1.2269573252933932,0
2.7723030344273587,1.2035894694762566,-1.8946662599043713,-1.2577036658592413,2.03511361451827,1.5294998474571957,-0.9700205758003195,-1.42003197571978,-1.939323841238826,-2.51607846399979,1
1.4735732718215753,-2.582874221395783,1.0953208441119004,-0.8441377236941674,-0.29267773491885785,3.5688525770862864,0.5676219751158847,2.908757427901511,-0.7715173414127512,2.272223107703704,1
6.574194118216344,-1.3441470337342043,-1.2445385207703215,0.10172844454223381,2.8107194030223086,1.1320174803855272,0.4000507572772094,-4.611825243508139,-5.234981357320965,-3.7141471206977323,1
2.1095279581797026,-0.8859816392249232,-1.8044586970221324,-2.354651287593866,-0.9013879186873324,-0.9075489591758196,-0.2058450363787221,-1.5866636974643837,-2.684989226466958,0.13106132686723648,0
3.3549139475261627,-0.6749100096429167,-1.015834030882154,1.4287244671265882,1.093096818402125,1.3698063229486022,0.46912035486475423,0.048571151216330044,-1.5448083207087466,1.0542166781765674,1
-0.6563418453394371,-3.7005775695703003,3.08286555977391,-0.8333390725422531,-0.973192790435775,-0.6172412234855245,0.7446330465989972,0.30079088479165894,-2.1642539097777425,-0.1416184773895559,0
-0.4998179350008465,-3.4621739020258744,2.867654922440644,0.10288267613677246,-0.8542747493636639,1.0958798218265775,-0.9686084954537172,2.098945523159824,-1.1469461345289687,1.2894505143350972,0
-0.052100311045041925,-0.20460828608835074,-1.4507859684378939,-2.279789822963933,-1.5235501175449926,-3.7368192574578605,0.19089274350946914,-1.0171957382404495,-1.2172948140336606,1.66016597645605,0
5.709307753437933,-2.3663578186636665,-1.495762135847898,-0.7786713476398819,1.4340687233464733,4.0368074798351525,-0.49076982400303953,1.3244462002784134,-4.32926145572321,1.1518238521806095,1
1.8676101535732077,2.4431911956982324,-3.977356367844304,0.9021171633115351,-0.16876493329319742,1.944669697832751,-0.9636702924475558,-1.0531861049284776,-0.15437019086708703,-0.9093871258701087,0
2.973293135360141,1.015162898413499,-1.6956992647783666,0.12194697347162145,1.4259711825645098,-0.963354952142264,0.11854589159173604,-1.8815995057053954,-0.3008262765901114,0.6343577773248895,1
-2.2800604150949026,-0.4795751266485077,0.29738574155820385,2.199190148394691,-1.6569761231563023,1.3111918147304253,0.13690999075339472,1.1336065787239946,-0.4876783025110625,-1.4252256916702635,0
-2.9756390811335094,-0.19214113355823648,-0.17405556383160958,1.4578588396606011,-2.6016659971964824,1.7952408202049104,1.604278036822457,1.8009557878075615,0.3594653703383064,-0.6552286688949706,0
1.3091029718247758,-3.7236822550270654,-0.2337149168690511,0.8037743227471926,-2.3125223422667043,-1.0039989603419046,-1.3194032195014225,-0.22132448858739862,-4.807853211585712,0.6823051323999068,0
-2.631026016067527,0.5130878440997483,-0.9453316616884426,0.33280712525074635,-2.810988096892202,3.183406992242331,0.08144723446283578,2.2073790069309966,1.5874741302248374,0.06726422716634683,0
-1.235835084295658,-0.48391337474480883,0.9645627120118285,2.0495073181835366,0.3179547129090514,1.5653341853569454,-0.9686672777067142,2.5158740234487666,-0.44184232988421845,-0.325048156902884,0
2.94678877936951,-0.0687628121501238,-1.636752170511294,-0.050453489217317314,1.3228173258203118,1.473188182992999,-1.4142531160286418,1.0493890093397111,-1.842596744631732,1.0445443035818922,1
1.2879762905738088,-0.40598143347293203,-1.8028244949521794,1.285077588996811,-1.7433941757616471,-1.5146345664736294,-0.03586165333830044,-3.184485220889222,-1.695699979104595,-0.78264923321497,0
-4.3026467180168195,0.9962541483764988,0.5184995886316717,-1.2026482651361439,-1.1970673414760942,-0.7331686268733218,2.1526590903618907,0.05577614162006328,-0.11441704906825001,-3.667160954342695,0
0.4620704443157933,-0.5803144529551252,-1.6582404593237199,-0.054462182730319546,-1.8146819208133365,0.041966961211743925,1.274118092607574,-0.3978561934014069,-1.612990609608314,0.203796854053939,0
1.7922623458965803,2.165433151300319,-2.8118887730215882,-1.1045766287676533,0.2629776669552246,2.51119185216357,0.2795391689428111,-1.7066983282832218,0.43349460782237226,-1.838527109834813,0
3.315527582231845,-0.5969161676570262,0.6004867902057742,0.09017849669256522,2.139068294690313,2.9332499902529765,-1.954922641123551,-0.9781779647306994,-0.35256171005687187,-0.9438179705577789,1
2.095204080843472,1.1315520032668935,-1.3731407737847419,0.6371597435509948,1.6251481314781442,0.30812998264929314,-0.42633981766531753,-0.006431195562711878,-0.054732289436076664,0.7150655073436045,1
-2.311598429757729,0.804645637506269,-0.5251033086995818,-0.9488588071031127,-1.179360008473314,-2.0428023244155136,-0.4685157153855137,-1.5447866600673563,-0.855337352859736,-2.7154853511082724,0
4.150259222439563,-3.49432962438,-1.8000288357644973,1.125289774298553,-2.895346292408575,4.909837523482214,-1.8392752138161772,-0.8009625291706236,-3.40893246507389,0.4724927729623425,0
0.8210587301231502,-1.0080973351555045,-1.9114006495946445,0.7263360742393737,-1.984114654858669,-2.648012481821249,-0.9291166048016984,-1.7221514760737142,-2.9928693037477743,0.3053896243655474,0
-1.2424416385780488,-1.144412888500446,-0.08389515916083279,0.7250968551153418,-1.9886649511798196,-0.6240737381848867,-0.36010781725437485,-0.815471873963344,-1.941547209332056,-1.6341565111648801,0
0.22386038600876637,-1.4796879911599892,-1.3776232304118265,-1.9055735788637773,-2.541167419159497,-0.5236621853446809,-2.1528509018422097,-0.43800555675143493,-2.4281290578365207,0.36690821951362396,0
-3.5081468835806033,-0.5788119532323754,0.5682917812733803,-0.1622191490215529,-2.7051503722683403,1.747168950455234,1.8289096324371783,2.0355836535386844,0.553356742365273,-0.6710042990897793,0
-1.2680682309427591,-0.6355259422478001,0.6030778792376026,-0.7767855324165115,-1.0158770026338941,-1.0485650701717866,-1.086728551873672,-1.922010508617654,-1.3629784256676247,-2.8160888368531216,0
-0.6076110874128878,-0.9181536514674596,-0.2723359798343691,-2.059803972620879,-1.0334344616153792,-0.27664024813989496,-1.3737292724646786,-0.3551522712312495,-2.4651796903413183,-1.7830604748042225,0
-0.606582403456774,-2.882963677927459,1.6053792434682124,0.5224798230941273,-1.6801049429708028,1.5652784932456136,0.4229286085112854,1.1239902942531028,-1.686462708382499,-0.12532083344729095,0
3.9001232410118942,-3.981361279199805,3.4657877432848796,-1.2989482605353901,1.2451286219604643,0.9980950883379471,-0.40814452268976165,-2.1818110912861184,-0.9468770216347918,0.7125202766493777,1
4.517650407723431,-4.9165290926818805,3.2724806293136535,-0.21396572322661914,1.1929182061443777,0.7605937208915619,-0.46739059903916114,-3.8882187341024457,-4.130642748458011,-2.3055668659564805,1
-3.0648246655223352,0.13141786974371644,0.6513074296522607,0.36526920005909214,-0.9037071858055975,-0.35037288887167517,-1.4507446544685365,1.0651890764179202,-0.413309991752265,-1.7769203065981545,0
-2.6814244964853904,-0.441797878840892,0.5992897344964772,0.1534409530919999,-0.9619539554874413,1.1302005959959935,-2.6343182480089293,1.2577002761402671,-1.628737020734302,-2.931073866762365,0
2.8164332124145672,-0.15668759990653236,-0.3554802609807327,0.7666069111642105,3.3108908346218358,3.188862836682891,0.18534310336691354,2.737308451989823,-2.4983199707318633,-0.3642097721499211,1
-3.002766952142097,-0.8985922942494218,1.0302757361145338,-0.34494931521447475,-2.460841012617619,-1.052651058120094,-1.8269103039659818,-0.6367386182347798,-0.12540278892148782,-1.4777006977825897,0
-0.44381801643569785,-0.8675521227554183,0.18827698841945373,1.4804921526690804,0.1302639227730762,5.062245675382828,0.6407463809986538,4.34748676515129,-1.2770300233965057,-0.4424305017708744,0
-0.5005766165089396,-1.5340093394909757,2.3968212758878584,0.30390180209508344,0.9110159261339765,-1.7917895918015274,0.3168523387332896,-0.22868741283425753,-1.1919743369999782,-0.6893036712599924,0
-1.8914642988171209,0.6880266172730098,-0.23441663453585382,1.4736031101628766,-0.6115278654638168,-3.1531813077750868,0.6883339338410507,-2.0237419820985907,-1.0964989835564962,-2.497614759063011,0
-3.456679733296395,2.9269639411130806,-2.468255449831808,0.26098385001607055,-1.8854947603193835,2.836150167003739,0.32187038238305715,1.7536418235669107,1.5122950617024777,-2.2547937523060377,0
-1.1617724528028794,1.2405630742915206,-0.7722083602695902,0.49883432827829455,-0.3668895175449457,-1.4107499887774881,0.775414363493875,-2.4157974708493173,-0.5969708489720488,-3.2189500715133677,0
1.8541512084915688,0.07613559360050833,-0.5672677110022433,0.7131732421256012,2.329642611647843,3.162158024236725,-0.022411242903762993,3.4110472336879036,-1.4428201753429004,0.6660679236467028,1
5.389992622906069,-4.971068097609057,3.7599955811642705,0.7568359119918517,0.7069188211503188,3.2856865304897545,-0.24007846117890985,-4.214503807000493,-1.1899132802200252,-0.9165071353720818,1
0.2244399169619776,-2.6776952000900938,1.7891809200913968,1.0447112417646005,0.14972870943523575,3.239662328371306,-0.967940214272983,2.4074794472848984,-2.5478685764377786,-0.9725619756244666,0
1.3254083584889471,1.2981236591271677,-2.165769175269947,0.5217918749091581,-0.31239707043816256,0.43860116840861174,-1.3149457146428938,-1.9121523775533276,0.07076735374253329,-0.8159824574659336,0
-1.3990196252677158,-1.6970624801580614,1.6567770861528959,-0.36091837300925717,-0.8554783291784807,0.27956109965815845,-1.1247310580275538,0.48491856671502775,-1.2043277211949959,-1.1963446036452037,0
3.2100692590703073,0.9916239861304221,-1.6473967816453583,1.1619176712128934,2.7351812198153906,2.0183267390656945,0.6741604622479136,1.0931760191037818,-1.252849273527227,0.269746215803923,1
-3.2101761180914137,3.7169307554224216,-1.601432077297353,1.198166668123079,0.6601062309879582,1.374116297814287,1.1597719623776943,2.0229120040543274,1.533295182728497,-2.5362688653495775,0
3.5136344659786802,-0.5390592853652794,-2.0988869384910953,-1.02692237528325,-0.5893311744995204,1.8845459612684694,-0.7516627543050256,-0.09328151172444343,-0.23845904207274504,2.7823980513053077,1
0.2995518640747742,-1.268413193392277,-0.9457783211231016,-1.129258364821194,-2.169556496172204,-0.3103195767019583,-0.38381391265042936,-1.673931241541476,-2.1383701771393326,-1.0306667480091933,0
-3.5769120154159926,-2.3360037267911102,2.636021447082761,-1.8138824704695111,-3.5039365605574315,-2.7095330974568665,2.082809990208515,-1.5102797256044997,0.5462808800656769,-0.337371666636056,0
0.745143908245045,-0.7530465077190883,-0.2600521738177536,0.8767068347612461,-1.0434652495290366,0.10647712490956551,-1.2320084539731764,-1.6859893141432938,-0.5522360209248761,-0.5230627628005309,0
3.7118164782929584,0.05378579025295678,-3.4131766716480376,-0.15229887329644648,-0.5405707610712944,-1.69556459929098,1.3543400469918383,-1.633790669332144,-1.9311379734456433,2.5074264714207404,0
-2.91890574657943,-1.6088138222136388,1.9816242380571576,0.8650344806320929,-2.186121349175359,-1.2528516821999789,-0.21782581483173696,-0.4655980268445541,-0.17533760903345696,-1.1364206686849072,1
-2.832361289059799,2.8891147271327013,-0.9097730886772263,1.0371413599141255,0.3294528417015177,-0.9370218956299285,-1.0029088407802316,-0.6623065666601377,0.813991585261298,-3.374593939125123,0
0.27814416768041356,-2.7388518009534693,1.3065268851421008,0.5935389863983155,-1.1021411693595056,0.947290833670793,0.2601485767784419,0.528055577064501,-2.0283408793130975,0.0025494297630610507,0
3.3560437691163645,2.1753363683919,-3.4291831273612434,0.13318577249500724,2.5877302568331757,1.7677251104251157,-0.3784015279620916,1.5324947445960981,-1.3169824280107811,0.8421308710221743,1
-0.9057537672742342,-0.7173868835149894,-0.2087085167603807,0.14160101258013216,-1.4191358435907229,-0.33611207475015803,-1.115434253528776,-0.9343624907829203,-1.722835367889866,-1.8936582400372481,0
-0.2652087868901724,-1.114182279443144,-0.8242479483981661,-0.7102213308649403,-1.9451166253944256,-0.7503603319168424,0.540136321844865,0.0038437513857474404,-1.6827891481736037,0.5159139167260522,0
-2.011082522091132,-1.1916961798970844,1.0504876671728107,-0.6666113122075713,-1.6755510727249394,-1.8374790810318193,-0.4420809858037619,-2.2086726080574763,-1.808587404656072,-3.146682006615139,0
-3.0171346986504686,1.1622085766109638,-0.23921719207981673,-1.8973773305228165,-0.4522725974965296,1.3453474963057945,0.4935884858741925,2.3360007621234926,0.09983015291839625,-1.757100435508931,0
0.12094772928723006,-4.061381643249937,2.4569563906378766,0.8952352166635325,-1.7029547193852068,-5.234298181644448e-05,1.25353405777955,0.05445672046159422,-2.263585932453502,0.520483382512875,0
2.960157550823518,-2.4328610959131827,-1.0074908095734465,-0.12811209511746938,-1.4123504960579814,-1.101063358234911,-0.1342273839339406,-1.4643582474450936,-2.770079237440252,1.9372124639169832,1
-0.5816328770433602,-0.2824109076137786,-0.48655379425901546,-1.0651268965025706,-0.8795422493867457,-0.9372350386308306,1.2581831082516959,-0.3094787584613925,-1.238187286271139,-0.576750208531202,0
-0.38442183092888565,-0.8146910379181674,1.2546717750749388,-0.23686286681924823,0.4325328147773425,-0.9322041567458559,1.4686470145390538,0.25859663282013035,-0.53908205617291,-0.01993792941405581,1
2.0408938144117417,4.040588147213352,-3.138765053725214,1.3089183093561854,3.627964752959044,0.19428575635046264,0.5655960797508497,0.691709249798237,0.4270196830799604,-0.16041473624508673,1
0.07990231270011183,-2.5592968816903032,1.4724247133334964,0.14714181929870035,-0.5414735311056438,1.5757710324701417,0.4295913033140909,1.6880647784532286,-1.9618642254470147,0.16423193714479956,0
0.7161408646667582,-0.4135148140807219,-1.8710397336804119,2.192968976061738,-1.5702102245331497,0.3468599429980601,0.3031822542833061,-1.310007318657432,-2.3397768427582397,-1.3947035438590556,0
-2.7760186259464557,2.255841943509357,-0.3251177229145248,1.6931374915640562,-0.12242508020875598,-1.7230661531368234,1.4151127269680543,-0.7122471439825144,1.5052498979358093,-1.8645186061387262,0
0.5837065841095898,2.7228171177723017,-1.8035756971915546,0.9941680463013193,1.727372690108397,-1.1646497782709195,-0.969557343316222,0.04819907578515603,1.2169207534285427,0.666355686919387,1
1.4960145288472697,-5.262058674512008,3.2846590160486775,2.5872491354044875,-1.0452096150587402,1.9841274316007742,1.3318803042753538,1.1665585524252953,-2.5427584574662028,1.3974747050088698,0
-2.5804072076142144,2.594653250541048,-1.9499594652775318,-1.4517209580135524,-0.8497951805917758,1.3785023190223344,-1.0804177358283704,0.7113799031870294,0.6742260229915029,-2.573096361962743,0
-3.1499179655665674,4.06296000299308,-0.8046645365639291,-0.2412037034756634,1.4779610056710366,-0.7825459260683127,-0.6184956850543406,0.013769358836692946,2.0777858934822677,-3.2218256988466907,0
-1.185064004837567,-0.4191569371242402,-1.0957246103157998,1.7129026503108034,-1.5692665932081835,0.10138795849278659,-1.392370782310297,1.800528635695657,-1.6108204666078387,0.39034398534754944,0
-4.303405189780635,0.043463319762373,0.44737165867879103,-1.1559097824245792,-2.9134110251911043,0.6070013128712042,-0.26765577000555346,0.8157249227298602,0.687005535083955,-1.8880087963872438,0
1.3495917740143906,1.680538811678764,-1.3280133005012742,-1.4903110221541578,2.23947158220939,-1.136195477884177,0.8641571122840536,-0.00468933163096108,-0.580462463740284,-0.014221484464380652,1
-0.3413656758179879,-3.9059236126989454,4.18199607177152,0.8540702507119534,0.7330909620577826,-0.7028530041940568,0.2794155346036323,1.530109719104833,-2.315052025387444,0.3146658994156779,0
3.0116904282755828,-0.2669296299201866,-2.690562782015477,-0.6738220777596537,-0.980419287404171,-0.9701764450944856,0.773266214763601,-3.700816987747338,-2.671536263897729,-1.0547840840025529,0
-4.4057742181562105,3.001002362169201,-1.59072631213244,-0.9598596051532643,-0.9073769977234286,2.7377057521273978,-0.8561078403939216,3.3910158704095075,1.3416819052855051,-2.3565106181035977,0
4.028882458972249,-0.5399768239223995,-2.7314530621950053,0.1509413542027429,-0.8851037607514518,1.3088468716961863,0.6200135746549539,-2.6272194610374395,-1.8172499165264195,0.19764206080140556,0
2.263040862856011,-0.4369535586183435,1.422033253906022,0.5908917258760729,1.413046697235255,1.9237707991933308,-1.8537327448341785,0.20701719308393063,2.8631511429700174,2.6441019372757855,1
-3.2947500160917507,-0.05989356353594493,0.47085395271788744,0.779922164828575,-1.7651220399976366,-2.1727152389510636,0.5200022806751929,-0.3028283273604049,-0.5718387681253834,-1.6555009396082323,0
-0.3188327546498131,-2.0144110029937408,1.5554415183872905,-0.10004103773060016,-1.0092094013942567,-0.8065039019530018,1.0703518353637607,-0.6625543192275223,-0.8485437529075102,0.016173150979263085,1
-1.3667519624996125,-1.6575429585651122,1.5713214108852616,0.5001834215349241,-0.6965224000326028,0.34935539991755604,0.8531668196841885,1.2986548694842246,-1.0976732346815181,-0.417678255669235,0
-2.1682684145534514,0.6629458831561865,-0.22325891661218455,-1.0686280306465419,-0.7871482602994913,-1.3891442643787706,-1.3780473227538503,-0.6172772434111884,-0.6450657431343703,-2.143696993701638,0
2.7908801997367174,3.3108991743988425,-3.760431425422055,0.6344981507279047,3.1309014077090347,-1.2688723940733917,-0.6989454082348998,-0.3848491730879371,-1.4975613545016,-0.3539571783474653,1
-0.7450671474801048,-0.5696164035056692,1.1122521420749816,-0.1938551562972839,0.8183886544539536,0.06489573276744065,0.5322377368515171,1.0276707777357181,-1.2457515042950864,-1.163630445497674,0
-3.231403364821149,0.3489278228628917,0.5439187960669767,-0.8240676674105768,-1.0682848414385382,-1.522969684753872,1.8552641095763638,0.27903142813149406,-0.25599650478014047,-1.7634544475212066,0
-1.9133027393345032,0.7597367203535391,-0.19694305541425594,1.0230098842164372,-0.7483625963853147,-1.3101124717576424,0.2572858880741008,0.41458363878383864,0.6660601718793075,0.057304456046627816,1
-2.3141321707832803,1.8808372177059884,-1.6312877850328291,0.028348207458837392,-1.070795304640961,-0.8206780754343883,1.3121232091756625,0.41523399496907754,0.37742653501339696,-0.9687940590318125,0
0.7216255131294756,0.6277794108224728,-0.211655898725694,0.23743765731826044,0.14843897777879356,2.070224997675213,-1.1859422031681344,-2.880220163210151,0.17848666140658498,-3.6768979497271586,0
-1.5214318660774047,-1.9947378092218988,2.0894444907594663,0.06337886886532448,-0.7312076693609244,1.6877188063275717,-0.1481704047542305,2.499893815760651,-0.4651081244153098,0.2677356993649609,0
2.5959287641929234,-2.068233258787922,-0.30807931844886216,0.4443729644177974,-0.4374540017856601,2.2393381260642684,1.9425575890353923,1.2065909820835463,-1.435493048044819,2.1912474892933713,1
-3.2449197695343264,-0.17078313988388527,1.011921417440763,-1.9259679459071828,-1.5764725504016917,-1.2973064753181327,0.24330822528875026,-0.18428403404570481,0.08335086502211864,-1.7034276244556668,0
1.8005114681708414,-1.5693159402384977,-0.12241395813798062,1.1570066978156122,1.0502829345196687,-0.5608860719251219,-2.029348130065603,-2.6878115560966997,-5.8308194927725605,-5.050831847396227,1
0.05489391920345284,-1.289098415945601,0.6735162400510166,0.8348171586675873,0.41691550377102815,3.4331847564801965,-0.2356062433638822,2.3152946254878755,-2.0929422426821693,-1.5291708328185996,0
1.9326544053343115,-4.338897828221227,2.9989609136923128,-1.746093664567248,0.880268380016954,-1.609916728912733,-0.5460144969849473,-2.5628811646867247,-5.514773780366106,-3.0959110186245105,1
1.7314032032403313,-1.912592914772316,1.3190994945518866,-1.5899306717542343,0.7664898302987826,1.58280899219451,-0.3704449349966743,-1.946283140618403,-2.625734237410383,-3.219849212941894,1
-1.2735428930856512,-2.777287464930497,2.901917216076167,1.7601610751553105,-0.39854581378230436,-1.0571264223049752,1.4450673288737685,-0.039503733892048976,-2.194515035466825,-1.4636315571906737,0
-3.944821620368324,1.4925996455732324,0.6518808030183307,1.7318259267219165,-0.5116145874966761,-0.9901481278193075,0.533302173403151,-1.2093091853179037,0.14326400235999093,-4.751168613498941,0
-1.9836498408252305,3.081165835016616,-1.978647549619411,-0.26929522586829435,0.2264950589227055,-2.077532518331564,-1.7227433246542718,-0.5710602039451398,0.5404453864352594,-1.7331002927128976,0
3.018286945995013,-2.6539208693656757,2.8214955537677593,-0.9590446774119618,1.6304449311781442,3.514228963543008,-0.7247923193638015,-1.2201748847823841,-0.6209036867167614,-1.3336816596667411,1
-0.05679572757598906,-3.625819265892288,2.934440486946607,-1.0167009527519517,0.023892513266664972,1.0860061269366168,-0.29804417419648666,1.8725122511322425,-2.721141874576721,-0.16373761309237334,0
-0.7881290469937974,1.8427585651692076,-1.7548364798571159,-0.16279168174956857,1.1080805195387597,4.943405250058849,-0.1822867064294734,4.164118766584702,-0.704178182661904,-1.7379341921017746,0
-2.5850522947871064,-2.7512895472035988,2.6129527616396713,0.9382808984597072,-2.3154248053334188,0.1676856693019393,0.7353608266420265,1.2783094536206523,-0.3689971083326232,0.2036416223903006,0
-1.6556958092929726,-0.1652513828214347,-0.01028332094548956,0.8407965238326931,-1.2431931859546217,-1.1197376039695712,-0.958266616030113,-0.5864593949450807,-0.8299987738267259,-1.3915644117407517,0
1.8104226135057073,-1.7338471479597701,-0.8364958192264461,0.3175427570190096,-1.0304711261341293,0.21133985877975237,-0.6840576405813916,0.6216224005999589,-1.8558731226410174,2.153717689754041,1
4.053890359017874,-0.9886280873406817,-1.573551457790217,0.7608292115225166,2.1510662757962544,4.167684449254877,1.2816054414959426,3.1411524466051994,-3.513443886322559,0.918684336904908,1
-1.9786251790802385,-0.9076061765964158,1.395329729319378,-0.5593219774756829,-0.1335143988725228,0.576291287333562,-1.5076808381562004,1.6698773020598128,-1.2748613873030008,-1.5390921562025672,0
-0.5952862594825388,0.8790670564854788,-1.7808425666175884,2.6948223321955105,-1.185261349380021,-0.9438791459335445,0.6353117835820689,-0.36338518418349885,-0.4073382765731095,-0.07525177895831159,0
-2.689760061531139,1.2413763011881904,-0.5926074013867311,-0.1897867459048128,-0.40178750198716573,1.4756461747194514,-0.9816907161570776,1.880236501263595,-0.41508917935478684,-2.3848335263386025,0
-0.15371610893809565,-3.992320462242283,2.7156059898802902,0.1530317527811502,-1.2882864329440782,0.7914166455911723,-1.6305128776410573,0.4048926832742462,-2.632233004677019,-0.5401305014031721,0
0.8140582172121197,-1.7224933972142,-0.8053754999065269,-0.08399022332230492,-2.065979470855969,-0.3590002708083735,0.4767776914387287,-2.272336807069702,-2.881059419480702,-1.5612373845610217,0
-1.2314586556117446,0.6127010821228808,-1.4152033437379343,-0.006119004587748654,-1.227683805572036,-1.3958397226500217,0.40334496767854056,-0.23446182184552078,-1.101822323849891,-0.7583217426526407,0
0.25298766601886036,2.122382644741003,-2.1576588617457872,-0.049923946869495056,1.012751521739389,1.5507421942932347,1.448754116136872,-0.3283546489973188,-1.173314152094524,-3.1422958450207195,1
1.781941648934942,2.7713831428571574,-1.8003480224092545,-0.4142426559019541,2.8717166569254644,1.3189017690827385,-0.5228728133739438,1.0498272008425813,1.1764569622865806,0.47154015773577185,1
-5.269480720876415,0.8988199204470139,0.9751913093996115,0.3599005576782514,-1.711038245773783,0.21158423542206573,-1.929509689541672,2.6430629816519877,1.6555194059129477,-1.080936607160737,0
0.8181837416887443,-0.4978250431940589,0.47661418070611516,0.6081375537713583,0.5449283144610334,0.4485669401190505,0.11994831716388846,-0.627197211727474,-0.5455183529674467,-0.7087744462391976,1
2.458366804247396,0.43040490074306964,-3.6895848027741045,-0.4846759649386037,-1.5256100306543168,0.22838738125778502,1.2274590311548499,-2.1856234871398277,-2.1144032076998998,-0.33476066583512276,0
-0.7601380626867652,2.271699745517824,-0.44793525339795126,1.3170219744805909,1.5114539095551938,2.7921472151296824,-0.1736933755109449,2.4099026345851575,2.3469801007889384,-0.08344440774938877,1
-1.2677213175877164,0.09043132219466286,-0.35489418345794277,-1.876417847406518,-1.188292259259007,-1.5847573581213825,-2.3417974438690883,-1.5364532313339818,-0.9090888905103265,-1.757687437889409,0
1.5856125047867569,-0.6312145429647594,-1.7520067066251293,0.056243745622817504,-0.8545417969167602,-0.8807418466239822,1.2840533990474368,-2.040032884421362,-3.02365439097305,-1.2618633620537336,0
0.2692360350077836,-1.5884152322737228,-1.319488482427606,0.8939292814307211,-2.6098622202483477,-1.506201607373739,0.3610374198447618,-0.8373593240678492,-2.4846978596367144,0.7223612187543511,0
3.8301994823749044,-0.2550784929804921,-1.4279972512561716,-0.045560756575410574,1.2086448226182274,2.3027028126882247,-0.20913110473164398,0.20804111293806116,-0.8203783649295169,1.4590019388443343,1
-3.258991360484781,2.9638427333767146,-1.595693830703857,0.9066790317028058,-0.28815955704633467,1.18210374889673,-0.4021691573943628,1.2578278590485719,0.747665236238479,-3.0246462332611594,0
-3.1965611072403304,-1.0219035701611119,1.3855221181440425,1.7057177613781362,-2.4432704525285036,-1.9107577439960512,0.9230969470625273,-1.015037268709524,-0.05779083396322715,-1.4117507782536602,0
-0.8729856327234463,0.16441341773664014,0.45511982059206013,0.6523733807597761,1.280721562559009,1.102104278070218,0.4771231706295671,1.6337618798902085,-1.6559184545677215,-2.1822374113674625,0
3.2935292678647103,1.1832701709411644,-1.7969385112659764,1.2202997830050863,3.0139427763456896,2.1522606408634575,-0.4223210581102033,1.333634672027193,-1.372941566662446,0.19652426394297973,1
1.754696801686109,-4.577285042761494,2.824118427775139,0.10087906461359576,-0.7684729642801066,0.044977393931968646,2.4826777621743212,-0.6886747233994666,-2.623068238148135,0.7546338965752215,0
1.9466273779952192,0.22945991459402793,-0.30070509839456094,1.3176223293096179,1.7615822316036982,-0.16624433317491105,-2.2651092188993975,-0.38462082510442774,-0.7631773686951561,0.07795772596906003,1
-3.6074848591405098,1.153400300283566,0.32984840146881744,0.4987918734043764,-0.41982626137701684,-3.3852286543914185,-0.512730556401243,-0.3457403465003537,-0.44376139338356724,-2.259454699908562,0
1.5563788710665456,1.9482205024550807,-1.7339341035898344,-1.210348650997107,1.7924052367687766,0.6080105722737814,1.1494180762720203,0.840166147007502,0.7314702685307446,1.069841219736742,1
-3.4189160958520417,-1.321690629050549,0.2785211248792754,1.1290829682869186,-2.7958751335719816,-3.1551669237554028,-0.5461208297493778,0.32699307284434087,-2.378118051854698,-0.8527327156678781,0
1.759018240598973,0.11318997771956316,-1.176358937491468,-1.7392556459175217,0.3578751050772637,1.6544927955574606,0.8370230063709317,1.3714161795046163,0.10366472656127179,1.987826104912198,1
-0.7125045747813785,-0.09958120245681527,-0.6493079025642814,0.35504860659615634,-1.4602637961168086,-0.2591508449709794,0.41077033919289613,-1.0874251366932024,-0.6682950106932826,-1.214093076394213,0
0.24774007135862558,-2.235483107981672,1.4432575960686638,1.931507734726779,-0.3772650207466609,1.273517990096582,0.13930840923593518,0.6301246680025667,-1.7218577034173697,-0.5166060801944958,0
-2.340190992233911,2.153086072245063,-1.2910938639735927,1.161742300505766,0.4666920097479581,2.4108494010453576,0.2519788109060436,2.816923529985205,-0.2427332766834922,-2.3471030150013954,0
1.3954200785313904,-3.3204163811807788,3.081592217190388,-0.06913356488805313,2.596348888832281,2.712670807263402,0.6686385705110801,3.248059471832903,-3.8444047539819364,-0.9107287930223915,0
-0.3194610348082698,-0.8193273280572,0.6383599912543422,1.469344293316209,1.10046276417907,3.432448632549032,0.1228323195963367,3.260053826134873,-2.24032424256228,-1.645261080222642,0
2.9228105502506634,0.2727997508879568,-0.36080608111888557,-0.04723481656308301,1.4537062947461301,4.150419165797766,-0.25028439077208625,-1.3642049512348637,0.22252091977698552,-1.922792941089781,1
1.622488562622796,1.2794813203244557,-1.0179913308878117,-0.5640520417461797,2.3967057651541763,1.9856932610102507,-0.5647634388006485,2.0979083972811274,-0.08676459573209527,0.5980456410455663,1
0.2503228490281086,-0.17194092213193352,-1.486831944874334,1.8233829527602974,-2.1034478169770585,0.807815077457414,1.16493678372679,-1.5096186385421222,-0.481020977403928,-0.7472563179477604,0
-1.0277385946704467,-0.8102533753391912,-0.4829883393878981,0.47968494054761335,-2.1109849884939766,-0.5896202635089001,-0.571904892245483,-1.2395207257293523,-1.591098781941359,-1.5844416439008036,0
-0.1904595561410236,1.6303534836746691,-2.8496784851337558,-0.3379333156022741,-1.0272340201412988,-0.6776470835538797,1.6899198345068216,-2.034286053944262,-1.5524599326194255,-2.6333697764008477,0
2.451480789282155,0.9943860422759117,-3.420970825012294,-2.2398270305779686,-1.076794155065426,0.6228513976901402,0.19089509761622744,-1.987040752667027,-0.6263413053155924,0.2706467628311664,0
2.9803979452454326,-4.923806822812407,3.8291119726614906,-1.0477990436021298,-0.5540747250244893,0.1571774559754442,0.11493605439387525,-3.703876506835836,-1.4129347887040373,-0.20649606876760984,1
1.211035048629139,-5.849260463778643,3.67358077806858,-0.5992217945308487,-2.0822349126568835,-1.200817560999686,-0.13208215153889175,-1.7579480905307423,-2.9215509442102348,0.8652703470425669,0
1.8144566146619217,-0.8331569143724146,-1.6893568908172845,0.8072554279353683,-1.667988028648727,0.9604621085709355,2.2555169829365216,-1.2650561463785053,-1.2004735661342538,0.43337860946980844,0
-1.0810590253472911,-1.7439438372830072,2.3857725913497703,1.9798046031694567,-0.08162350368425586,-0.9310387688738135,-0.09073228229111252,0.4782555624863061,-0.4286264229113732,0.06314290196380234,0
-3.5019427953398443,0.7336785711004256,0.26726766693256243,0.20001123994446707,-1.0072251945658963,-1.5242516103371506,0.9186176053897422,-1.399718574036278,-1.3836211060239603,-4.727589230749571,0
-2.8828028869975144,3.3710918632086018,-1.2811482777850633,-0.4809527296884268,1.6416455266771828,2.3274059462948578,2.438399345170654,2.7027063947381005,0.04492822583111655,-3.8314531283332682,0
1.0025873360662834,-1.517384249056941,1.3130762061123844,2.0123285817551695,-0.3858394365817974,0.21778842838063783,0.38599081101934346,-1.4972381388937415,0.24826690822103203,0.20031670703834537,1
-1.729988364840526,-1.8568911592151072,1.387496219222291,-0.9802092620721439,-1.755519883553812,0.6035457961399959,0.4865899812466025,0.582462540484627,-1.0126206555750386,-0.9124950894437431,0
-1.0731336384694052,-0.3492187260345795,0.8646711880727029,-0.44131900440009764,0.21907336809830413,0.9303719560664396,0.9294790620935388,1.9376131446064502,-0.06641758396207975,0.02358948765726554,0
2.2858431561674024,-2.278288294995738,0.8115563413568541,0.18307011011359745,1.1181658253589195,-1.764732480263997,-0.7975578928734657,-2.5029621845327124,-4.665679192348646,-2.515831435870212,1
0.5064276401438874,1.5778728349074218,-2.2086774679008627,-0.2883472677576647,-0.5474900091572232,1.669064639291646,-0.657355341661313,-1.1271246550810006,0.24187903795146548,-1.5527257779379715,0
0.10805715902544005,-0.7990429957908181,-1.3874042465703744,0.02254526705804166,-1.8689007497838213,-1.990795058958751,-0.08288780876602542,-0.8546527569451263,-2.0295280244625338,0.5402801891515276,0
2.6283449442340254,0.11945408650154851,-2.851090537991676,1.5430008652573897,-0.7568937934735872,1.185871917371422,-1.196871085509681,-1.563510663670241,-2.0392847942406975,-0.5683717147112047,0
-1.6539882952541796,-1.2610129555940757,0.17080363277938382,0.15927197216700772,-1.7432472026395556,3.7702570948058796,-0.24594978454560504,2.141094878743615,-1.7149439861670754,-2.1111425450132533,0
1.5698514261606782,1.1715815148964184,-0.806502875719048,-0.55063491515459,2.6534262414014567,1.5448808963056633,-1.0140248941583359,0.6099064836913595,-1.3405850510811332,-1.7429408640349613,1
-0.009372660118029865,-1.0140833902734638,0.2677631803267563,0.09728466512625855,-0.27238534819887394,1.8779211405643494,-0.8727834278536748,1.0566980360625804,-1.473757939490135,-0.9382747479909892,0
0.08160502429243217,-1.204792347117714,1.8077482522464625,0.44391679585482646,1.5206123004470693,0.3799905314792509,-0.07218341453010418,0.5775945692034243,-1.8424822144844342,-1.702560212760131,1
-1.2354902504059178,0.31649221488640483,-0.9970138476859796,0.4799328107989457,-1.1233417141459625,2.643052023642141,0.3984108241501123,1.540966402602419,-0.7010734466992457,-1.4778051892369668,0
0.5090634728375275,2.829637958359333,-2.4863736574703075,0.02943669074238712,0.29630687990757587,1.0873704007450464,-0.4093018882339617,-0.6144861888655764,1.9544775998835546,-0.18327909960809785,0
2.1308636703272508,0.6764347027257792,-1.4613498475281943,-0.3515484758043823,2.2704182381673594,1.8447787754872045,-1.0993892277293233,2.2924216389417778,-1.7839557861363553,0.4053901593284087,1
-2.4630273058973406,-0.22712694510252265,0.7505350499614694,-1.5681185898807923,-0.9863275031412528,-2.6862439797576605,-0.35695820222632485,-1.339747085062501,-1.1870591596884716,-2.3747286684127467,0
2.43069203766191,-2.863685696824578,-2.107182520594966,0.21216953886411957,-2.949621370553455,-2.4718541903694176,-0.8692203786518473,-1.3401389981507754,-4.2079144363903636,2.4797991403169646,0
-1.0692654912986723,0.5421971292913047,-0.07143293271245499,-0.6836923396092914,0.7188043220951059,1.7349000285812672,0.7065864452922617,1.1810513093378456,-1.3576182425831904,-2.786536198024464,0
1.7941760355573348,-1.2870825346056556,-0.15113585031242982,-0.5328453764695744,0.6900759549850206,-0.8677933930260799,0.8762458637057208,-2.423909303979025,-4.099380934010268,-3.1116866183996947,1
-1.6384961641443672,-0.185353481477999,0.08851942351307196,-0.9225463284480828,-1.456083170005393,-1.1827572266642077,-2.454090251064134,-1.809428121317476,-0.8990561025846429,-2.476816056272015,0
1.774188284680954,-1.4685773676033036,-0.3093919184092727,-0.5044630835470667,-0.5061410477782358,1.334698055836922,-0.2880494720050658,1.008113198761797,-0.8209847028667703,2.0885646328657437,1
-1.0903612374638796,-0.5349343046325319,-0.14964190139754052,0.012341950638256983,-0.9574797635170962,3.4983486891774516,-2.449367245746461,2.809348124919154,-0.6042314668973163,-0.4775600443596384,0
-3.301468456461445,-0.8786974410282133,-0.2958351755766506,-0.7461724066718001,-3.349010383958709,-1.6566609002073527,0.5390503287620642,0.9569662185536849,-0.9793427473071079,0.18258787337169347,0
-1.730010808673431,-1.587928593732184,0.6805732499736266,-0.03931393849983351,-1.980319533970175,2.73137802784429,-0.16177138463883597,2.5482702445144225,-0.6405351437447911,-0.03047134881222391,0
-1.471454354997382,1.1445194806602321,-0.06603252928421877,1.452043595199184,-0.09171748001138602,-0.23876503129699345,-0.23071089414176998,-0.839786162694475,0.5850919203361857,-2.056662374628197,0
2.969116861396715,1.4489587318630857,-3.321371268767165,0.3328892293637407,0.023209759023057996,0.34998719965499725,1.069144864013238,-1.8428950818785221,-0.32909879936558606,0.5683472850192239,0
1.5669257229702984,-1.7414947238911667,-1.1681776867756297,0.09439390749607787,-1.7024804337410475,-1.5930048444770497,1.124582628448704,-1.6196970426564126,-2.7933175119840232,0.6159727705912779,0
-3.6439618848963273,2.043296511826404,-0.761783244192276,0.5492170846651478,-0.17736761068856477,2.0585722235956685,0.1953655756486076,2.95066452671586,0.09872585456017924,-2.6930757665646166,0
-5.299799185646644,1.7005119952775845,-0.1974596250783054,0.3842581368216289,-2.4990106184638363,0.6398883489227929,1.133942553639173,1.5154931744292506,1.9738203174696518,-1.9740080022007276,0
-5.653371389938726,2.8982398296117142,0.7994547168365578,-0.1264894569225528,0.4444728912530531,-4.613319387795041,1.7072211849538592,0.23676126536843234,1.365352509389754,-2.667997955676935,0
-1.8074304235009901,-3.272515697080121,3.43174976188467,-0.49562767381072753,-0.8741911623161338,-0.13167782748785828,0.7934296597024786,1.787806001060151,-1.2667929081868101,0.27484698736376667,0
-1.0486674232677573,-1.5235285368882456,1.3865523015745782,-0.46728062016821964,-0.45824295926969993,3.416840965309596,0.6037890707317585,3.814777250081786,-0.07239600025562387,0.9267576670972195,0
1.4086710717672124,-0.3365312390625204,0.05776450023098767,-1.700064946917969,3.4032710145121103,2.7386177849707627,0.18423808059768376,4.272130460654235,-3.5123428557595826,-0.8136482492946329,1
4.776911115618427,-3.2229902913109667,1.7665738050441342,1.6267210522465816,1.5306619325296102,1.3557024947422822,-0.021834076174770664,-3.472856325603579,-2.933564048786959,-1.7169342116749269,1
1.461835561269655,-0.7203363011490591,-0.9161844269183216,0.10597227825956841,-0.8139842444455556,-1.7753762998186122,-0.08203006727640945,-1.1549698435526286,-0.8021575727303423,1.76834812434107,1
-0.3566378267520161,-2.9914079131673708,0.7980212405652654,0.7470622500906786,-2.5103456826536052,4.254650543496471,0.9159955631528404,1.9236458255854783,-1.817771992378659,-0.4348808948654336,0
-0.181889276091513,-2.742424635335974,2.358892505051822,1.105089086835444,0.399195912611495,0.4421365294314873,-0.5677482161141986,1.395526771475402,-2.690240776326822,-0.7559355458786072,0
-1.1446354994968018,-1.1702794944325816,1.0816376169852167,0.648940416207971,-0.12398195298079573,1.9139715561412085,1.244789386099596,2.1614765959688342,-1.4095031855745788,-1.1043405097426184,0
-1.366693901882616,-0.5297022212067678,-0.619451398471164,0.26701033343017444,-2.119304893184059,3.3820505312827582,1.7899364863062825,1.1388524592465135,-0.7865895122093303,-1.763649108696447,0
-0.030892794611024618,-2.3638116815617862,-0.5269283676705614,-0.1592956025618743,-2.6448601351110046,6.7068305617941135,-0.60663456622261,3.723552894604333,-1.723647133692215,0.0657253501787145,0
0.4316152480224456,-4.549402517536128,2.827934403555382,-0.11891565147659144,-1.4982296986095363,-0.12158159450501826,-1.3186559092178678,-0.6776964097504365,-3.1454055374595455,-0.4820915030115175,0
3.522690755813947,-2.0083890580168586,-0.5497664208018359,-0.8071918640359144,0.3360105707810527,1.4285395884511596,0.3282670454571502,0.11893408769529668,-2.4977077161839887,1.3533692144177607,1
-1.094529326919033,0.6751562512385015,-1.12653482072186,-1.3161199537199544,-1.4346649624968533,-0.10581488533028738,0.07431289044895895,-1.5098411149928623,-0.49455114304993897,-2.226363605784506,0
-0.7441043104691993,-2.7173596200874504,1.921252928135082,0.5498876819020168,-1.1384150798219181,1.1386457275732291,-0.6557973114697923,0.7808511932853588,-1.896502683794286,-0.8790577589974751,0
-0.8363134739854455,1.884205083226429,-1.4757444096853194,-0.03396062190125185,-0.03676715431427491,-3.2187255483770594,0.8168448965985797,-1.8897729925159066,0.008603544309365718,-0.9776725778738609,0
1.6458141951143785,-1.4528320642549264,1.154617419167035,-0.8447591476159557,0.3694524668621032,0.6183574520498742,0.7900325675403224,-1.4365037354875683,-0.5052180142650747,-0.3853143017451278,1
1.7922507585319334,-1.1604161757663984,-0.13906789287841947,1.389608553768826,0.7725204526062298,2.2700024631334426,-0.9358672017464603,2.250754996648535,-1.501271381978524,1.2990446281659886,1
-0.02203312959793404,-3.351227227866236,1.9251717379314859,0.6907699895852868,-1.1779253783754497,2.5170540487584665,0.3788620827423358,1.5137729673494265,-2.2923282163925807,-0.43108544711491337,0
2.42628609875038,-2.474215930622779,-1.9703456448610406,0.5070833628304308,-3.0034551787209027,0.13053668398843432,-0.9132069012238125,-1.0644554623340576,-2.8076050411578812,1.935006863975711,0
2.8970886875466144,-1.6303199768142136,0.20143708747687228,0.2978971754604735,1.8667123317478165,3.366181919010104,-0.8294737988777039,2.4819332647505687,-2.563006615040469,0.5721494852879886,1
1.4902536019563475,1.0766599625368858,-0.794669352129533,-2.077961258172137,3.0462648561223076,1.6774686845221503,-0.306985241924994,2.605516565828921,-1.3619284195165027,-0.151224001330017,1
-2.674366623650517,0.877611887961222,0.001614946844697318,-0.43469985946125794,-0.6989670329899729,-1.7595624503590706,-0.4951576480879254,-0.41158625733467424,-0.26758030066428495,-2.0572777475464674,0
0.8137823410169762,-4.06627828488776,3.2918695012242516,-1.0708302602147548,1.1255420478583327,1.5101637062545956,0.6091429242105775,2.1132371728304267,-3.9453074418531577,-0.802468889388213,0
2.9769852659572242,-0.9464338579411851,-0.8333428242492951,-1.298192015053023,0.9555864410169279,0.03452060578393712,0.8123211911459796,-0.42978569083871365,-2.3267034333757617,0.6520243089558202,1
1.634265681059418,-1.1865368550755488,-1.972406679059292,0.18023638545931456,-2.4383954012352396,-0.4471994274131569,-0.11330890361580295,-1.250007300078147,-1.4396971782228116,1.6405252391660663,0
-0.10928289320932984,-2.7052137875764117,1.8747920969097704,0.2552379560389313,0.08832213157632918,1.65193874566145,0.2943330451365102,1.982151753096102,-2.8537888827585585,-0.846421408419229,0
2.474833236391093,-0.7084628806568627,-3.2797993053835066,0.9831371013056566,-2.1643678709402923,0.8370522077189622,-1.1343716033195033,-1.2921097259031908,-2.702805450343093,0.40153181966342655,0
-0.6217480215273898,-2.7825823278679693,1.5951646962055803,0.07074222179101906,-1.758583483932836,-2.5080361571221363,-3.339356662603585,-1.6606475701537782,-2.3427825343594577,-0.5923393994671463,0
-0.3965314817374522,1.130885270491728,0.07715870340438613,1.6387612469500321,1.3927826083954318,0.6674069470153765,-0.18966152512419504,1.5061277448121015,0.8471160920914473,0.08971526444486844,1
-4.768536979969293,1.782017875109949,-0.5744406449695185,0.9545898405103357,-1.9078163751478732,1.496661293597194,-0.8477342298262288,2.423463383728969,1.3254171965687425,-1.9565463762236726,0
-4.152019845268379,0.9236347177131914,1.2684045102089918,-0.6319317183544417,-0.7650665012886264,-3.3656097032227303,-0.7096502051768208,-1.5681586300919688,0.31175389345323024,-3.27191094736477,0
2.8250934155536944,-3.2399902346811014,2.4140018191031585,0.2866572685671504,0.2877329861028217,1.2958384160208487,-0.9565790247845786,-2.8099815712531324,-1.5482875201944186,-1.2880426847608948,1
3.7200667314796187,0.9523216207301963,-2.1474275792853774,0.6142169154838291,1.2829591610939832,0.37525318935760865,0.23423541081056018,-1.5312326348624423,-0.08957260885208473,1.143856614876631,0
3.7020978173474246,-1.4962309958298827,-1.1440452753822226,-0.034381930295863034,1.079961574834537,3.6143508823281723,2.2203517941264916,2.2651578703973057,-2.7433576374719717,1.4210282978852486,1
2.557996201306524,1.053178774007967,-2.056414764853905,-0.22167347212510063,1.1391669887501192,0.23933045114420304,-0.2489131174329344,-0.1692579840664954,-0.3208415159704531,1.2470004689168008,1
1.127259997944433,-2.973207047099708,2.0062953261547074,-0.8913596807520631,0.6340013565481901,3.163915916174992,-0.4380673661304643,2.94626437360185,-2.083546713957634,0.7077010707407061,0
-2.564996806325698,-0.8495937288728634,0.7941987201273466,0.05351465257966726,-1.9219511264628606,0.5061023308727982,0.930085804791365,0.9427267614031488,-0.25974414458468686,-0.945623167501779,0
-1.4236303352018653,1.149471956672816,-1.704192312805545,-0.2876125498149928,-0.9820103998774752,-2.9257040051877774,1.3094397974459575,-1.7573078852058643,-1.734033872771275,-2.201041336318987,0
-3.4495959182652483,-0.5057032806023691,1.3570390294378902,0.9622177013994835,-2.0320580749031505,-2.3913362624371537,0.9526867549081701,-0.7811173681474,0.3642500765329839,-1.1888416448333181,0
-0.863499043862818,-2.0621722342189894,-1.1594275301867034,0.5574710623736896,-3.1795968249445776,-0.9268259911589682,-1.2473629726900455,1.3240441724746645,-2.9582102628999216,1.3992708205617217,0
0.2994042595387072,-2.5152761993334756,1.6156595471972677,1.2987319394132422,0.0793979067188042,3.2637822199910254,-0.23658408400384975,3.041750963923021,-1.8428395882303272,0.27249838471284615,0
2.095823326872048,-2.128842741723942,2.097898588214431,-0.3865748763290467,1.1016031927157752,-0.01802408402211153,1.5648304050350645,-1.0486390248094726,-0.6313671242441754,0.5145962293051654,1
2.5037161582814527,1.49649961781169,-3.286223824028516,0.1696646210019749,-0.40870502838104605,-0.2509684853787505,0.022223463700592007,-2.7861401217948334,-0.4386488989360191,-0.28800748119274167,0
2.3326288418936727,-2.1599695316265852,-1.5350237180093305,-1.6539715787131024,-2.636856101048072,1.817592779294058,-0.38158669730763756,-2.2651415503090284,-2.6680238414888136,-0.7695465415175067,0
-2.5582482847786716,-1.0797216457736452,0.3871182877205108,-1.0703024157146448,-3.0746107886706855,0.9207229529282025,-0.5274490329254542,0.43989853613017993,0.08043968821999226,-0.6706755788069242,0
-1.2918791792982312,-1.064499324365912,-0.08713764674843127,0.010943114783474185,-1.3795828120391835,5.42965060011735,-1.2624506050086648,3.608497630353976,-1.2992332508177102,-1.3531660398752616,0
-3.537336609190349,3.571310874479945,-1.7242525385856382,0.18959987667705955,0.44854014370574924,1.8196273101716773,-0.5890130393147649,2.3726914830806436,0.8338297882341281,-3.198530785980806,0
-2.246129246473345,-1.1477646162828568,1.3521797335126688,1.4027643105807002,-1.2943550462916324,-0.8172568126196174,0.6874563978780281,-0.05281825650488958,-0.9484776691257606,-1.5480783050084566,0
-0.5322468241950917,0.503485422747005,-0.39291288148740944,0.7730533060459779,0.8424977094364205,-0.4903868413721242,-1.3326856451477445,0.21308461297914705,-1.9108405801074322,-2.115593816127193,1
0.7428212171953305,0.7498001377728927,-3.789475811583867,1.2248547613625302,-1.8615662275339386,-0.37612236653679343,0.7696820187432052,1.0020069895243755,-1.4971005170492424,2.0515973735295105,0
0.34065563536688986,0.5761906319921567,-1.3408384407861842,1.1338473668809983,-0.6170510949304515,0.3239460355449364,0.03927964539483577,-1.987306493021078,-1.0400084859537548,-2.3602005689929744,0
-0.23779675103376463,0.9773498493715642,-1.7552402302803722,0.8378567782763992,-0.44438920642878066,-2.5259828980171566,-1.3690918596562172,-1.7925121381842275,-1.6392103913142213,-1.4610277100906464,0
5.708280162014175,-5.41981082596469,3.7393164574792377,0.7248006775508257,1.3374747151433435,0.7880016274574201,-0.8597166853631285,-4.229061923741044,-3.02666997421838,-0.5284017751755211,1
0.6833509060991046,-5.29452005312448,3.8985991645080285,-0.08805012531494116,-1.1902217205736125,-0.6250236266286358,-0.05354565229242677,-0.028906296490108563,-2.4576367873953284,1.2738478041510928,0
-3.039940750659426,1.9375914671411028,-0.8502919836383759,1.001753433784197,-0.5728985245465408,-1.8084523281278706,0.8121964425068829,0.29505404881242736,0.3546050634301101,-1.5594120737235033,0
-2.889217792098706,1.2254343684988542,-1.1861193783196542,0.9047559080654916,-1.3947862460908629,-2.9517278401722,-1.1207947374921003,1.2816084845822107,0.10136262085160475,0.9157994618129539,0
1.3542563565245964,-0.6425579684593348,0.42189557367175845,-0.5669991676770471,1.1164898143395865,1.4409845591911754,-2.137448706399794,-1.0212859935516714,-1.825813317498676,-2.5103090781137416,1
2.9115186189867277,-2.56521289531722,-2.5977056087746973,-1.013264308591272,-3.1190136910211677,2.082045656562025,-0.49393597148945395,-0.5034623476862191,-3.5773711014179987,1.2030688952235518,0
-0.25162029624457594,-0.8903131294421219,1.5539976725601918,-0.10153437523551705,0.7984321840802983,-0.06637488053560348,-2.04382751632623,0.46792466221104023,-0.5655573336677487,-0.5098714183922358,1
0.11322185670213937,-3.303515895990877,0.9642655511948166,-0.4105591886864966,-1.9252119228647055,4.568108963410348,-0.1242884594829956,2.2757074230843184,-2.6285198394320934,-0.7019186405709662,0
-1.547710336714807,0.844330570903871,-1.0024929362654413,0.15300537317866494,-0.7745271559927789,2.6322606092445717,0.1682591023545915,2.3030087226572595,0.09687366577825052,-0.7922565020040615,0
-2.1136166889725447,1.32489391130799,-1.6276409317936733,1.3693533675777672,-1.0868352887892987,4.472735738274842,0.30843238092960135,2.588978276335687,-0.4099041873450794,-2.679402807882627,0
-0.3546806708003246,-2.1430373642918092,3.3908483231531874,-0.6999829059921012,0.13432489511277101,-0.14207487857394652,-2.0255393311311796,0.8890672811409996,1.7734834978802936,2.3102175013878057,1
-5.581202552494005,0.8994494034992897,1.1460711528786374,0.7542352785642843,-0.8137200640290405,-4.893646234306754,0.7148600341672774,0.9587514986782044,-0.5571829768089314,-1.8196057753400394,1
1.0920685562343375,0.08164401253020623,-0.968001732067886,-1.216327445827061,0.3934881385511345,-0.30960427070632024,1.427816619272437,-1.867598866881616,-2.3072145378339135,-2.4761605891458505,1
0.1273195345657753,0.3463432527639726,-1.4740055108232535,-2.0404108651483606,-0.6191868293094449,-1.192818880982928,0.17626381517049736,-1.3180408105490269,-1.7812002182191056,-1.358267651781873,0
-1.4362827139141885,2.607438497957663,-2.316178102888612,-0.8851023587203858,-0.2519937833631265,-4.05157190829631,-1.2305884401773557,-1.1434597203844852,0.11553503419475053,-0.23455959917044678,0
-0.9111179280709505,0.25392223385106294,-0.8793670207296155,0.54508575641121,-0.8059898365520299,-3.6747740202869394,-0.7950520898094712,-0.6257487258660592,-1.0839523426568105,0.5948573755066235,0
1.9690290100339722,-2.779856491216855,3.295259055430965,-0.494350119949439,0.8063204832063826,3.127465912531953,-0.3054412138436379,-0.7634194434366179,0.5297868105156445,-0.32357526459433106,1
2.8209672916361956,-0.6759215766520925,-2.4736824994791387,1.9676556223485,-1.7558013377570143,0.15150885325905006,-0.12566615083574367,-1.7308411967884387,-1.0216977934113618,1.7854723214624029,0
2.4508773270246014,-2.108466284168355,-0.609629949420419,-0.3808517712764529,-0.33608740914438284,1.5290828028598276,1.0640832727255365,1.3510256797762916,-2.5737267362632124,1.768429522431401,1
0.28179883464063044,-1.7247395819353384,-1.2555724259487961,0.20367884105181633,-2.8793214608500057,0.5527411048712099,0.4589389549645806,1.4884669551391263,-1.049626859993754,2.9403151362323796,0
-1.4082627856470586,-1.7204052475415275,1.365459576134169,1.1581495556595445,-0.5559760648910307,3.084728384033264,-0.38336882422806395,3.010190994590139,-1.5450458864512373,-1.0412983386699686,0
0.21349687845780022,3.889752436373014,-2.586756396490533,0.7036132840768452,1.48310820527198,-0.3145488401278884,-0.6105347675728249,-1.8450969087796172,1.3913575030402905,-2.2182706687396765,0
-1.6677650831376414,-1.5479624848974753,1.8542750307828038,-0.6588028263717759,-0.30639676630828905,-0.19758509733927432,0.4535798521453311,0.6911469475472268,-1.6533433326900173,-1.6800286764519492,0
0.2260711723835302,-0.5861494573519328,0.9798986997072197,1.132133692456975,0.4937647891786432,-0.14700279730400112,-0.8786680951716425,0.5514671803176601,0.3940299933109037,1.0045619656864697,1
1.0302682355097044,2.8702264865710463,-3.3237521604689753,-0.7599139938926139,-0.12886101381633663,0.49767784309234875,0.3491583837872805,-1.4968151043476248,1.2699348177418406,-0.3327259023915068,0
1.5870915009358015,-1.9812653624351464,-1.6537573002661046,-0.55061162638712,-2.042071190621585,-1.9613900331377692,1.1228480950493616,-0.4753569963868348,-3.246019295373272,1.9975800174192426,0
-2.7641692649463074,0.8842194782956632,0.061276577655171804,-0.4477912090739742,-0.7579805821682086,-0.9014624739980759,-0.4905488454051715,-0.38736658032851956,-0.23637268871485695,-2.6678248670951095,0
2.724687186027768,1.6709303867559098,-4.016805260570518,-0.2778205015094632,-0.6431688069580362,0.3404330249664953,0.5155868453535185,-1.9097244855432725,-0.45596262223072537,0.5374012058895326,0
-0.08318240212845812,0.19113511037899364,-1.3652651129279292,-0.7138102772901164,-1.1758319350028321,-0.4016060337239572,0.7067425969553479,-1.8063190517380998,-1.5704839694470176,-2.0767854030179986,0
-0.38802397592401666,-2.0816906876785266,1.8342291843634144,1.2648036182171838,-0.2541521630892364,-0.668615593822617,-1.5819876447035377,0.3321483727789879,-1.4640778791104094,-0.08876737113477406,0
3.628750705161826,-1.1663105615704663,-2.630567914845254,-2.504466609080049,-1.6246527725350792,1.163525781673627,-0.10022234937820518,-2.7492794823148463,-2.613630407117025,-0.22989195874721646,0
3.449352350352751,-0.5372870000808735,-2.7086459155190385,-0.20440260731373933,-0.9052882006969126,1.007940281744541,-1.0219835350143256,-3.4502690389789046,-3.117442201598609,-2.0191364423011726,0
0.2961241916675406,-0.6825048207844125,-1.2322974019983284,2.0399838221685256,-1.6706941378003337,-1.3552491276008771,0.9798322570613639,-2.8288659400777885,-2.686437617610509,-2.3459812685678956,0
-5.233851298423755,0.18696118926217908,0.6873174856223132,1.0209058835248865,-2.1729156831187915,-1.8471095456638182,-0.3561704093020027,1.9346829261090326,-0.3104543196646352,-1.3283404033190886,0
3.253727848608267,-1.1365879051058432,-0.9967538016866259,1.4699477561908403,0.9188109718215985,2.4230221494662127,1.0630474839828306,1.3509245474625575,-2.060895037517812,1.365184285375086,1
-6.851523714453704,2.261401345649791,-0.10052309752253374,-1.782875016271333,-2.7907435779406153,-0.9374784859876986,0.07239959942445533,0.8531209500593437,1.8050642162823358,-3.3072315087887074,0
-1.5893542580620017,0.10406985471848552,-0.8784135123036789,0.7068921731201079,-1.5168694655047723,0.7038554485744655,0.1655905048374698,0.6864727828398094,-1.0257722813798686,-1.3185039160925338,0
-3.5216494893421038,0.5860519557575559,1.6273221777736526,-1.4240736426670852,-0.4931514101507082,-2.3316524308456232,-1.970005356446032,-1.9733674262087795,0.26288842915786836,-3.853833937840361,0
2.1193174578720915,-0.7605903741582702,-0.8376279126103472,-0.5709403994926594,0.46822931288369174,4.159203447767203,-1.2715402502782231,3.3451194489016784,-0.5001519571084201,2.313089515328447,1
-1.5491213556158843,0.6588661599483049,-0.39285288630475124,0.3906312204512712,-0.903369796724794,-1.785682441908678,-0.0959206760738782,-1.9481768727818478,-0.5689788392560846,-2.405018284706575,0
-0.518569349238004,-2.536017840755559,0.4268783092577868,-0.5267888714236231,-2.192754336026579,-2.011562305913728,1.0828767945519953,-1.180221661898023,-3.2467647513647124,-0.7750995359725406,0
2.119591146220276,-1.9178260763800417,1.7185741985906509,-0.5876859536890603,0.26985562649928063,1.804275523238246,-0.38624495149849886,-1.7092982153596874,0.15697546341237412,-0.3078188180636484,1
-0.649105814892541,1.8362613541225286,-0.9220456869615266,0.02628084258740832,1.1634155861098006,1.031293012611408,0.44460194136440706,1.1701963941917168,0.26407048439677916,-1.217789453903112,1
9.253546640688167,-8.189293804888422,6.439606641835308,-0.8799206025050699,2.28603864664034,4.1145358463830775,-0.8487059240643177,-5.733431754406803,-2.14786863015639,0.15072298694488273,1
-0.8544637275757903,-3.1067550103978965,2.258921196463474,-1.4059526635856727,-1.5965349507289275,-0.7883456562937388,1.541835744840774,-0.6886573516339884,-2.0416687007270005,-0.8705602482906568,0
0.568254618345193,-2.2002116871565587,0.7682904312121654,-0.5215431781275682,-0.2579731216950537,3.137518609501924,-0.8006777428791878,1.9958948620871082,-2.492868378574033,-0.7352304564050494,1
-1.890644697616669,-0.6031228168670487,-0.07383368494951359,0.1836121706202837,-1.068328351996769,-2.6993604919677874,-0.837749952403941,-0.8985485295505035,-3.016488049723411,-2.512788331423215,0
1.8177462430440818,1.4690716783589064,-1.7751437891170472,0.7824167049754506,2.4156060136271558,1.6679523188427108,-1.137794331268471,-0.4081999095035549,-2.6136416389673833,-3.4444478997421473,1
0.2878380312256661,0.5420027214563097,-1.4943197477589267,-0.5577074816484777,-0.8880490129055714,0.4367181156784148,-1.1030646512285789,-1.1541223025807237,-0.5602958176456495,-1.1067875586950948,0
-2.6378617398786495,1.8472726180215178,-0.7389010494915444,0.7295904209844546,0.37229837464782367,2.6791962387192108,0.0933869701509424,3.4918579843238033,0.30278918901877994,-1.6403307552463358,0
-0.89224967247042,1.1988703082840948,-1.385177067294621,0.6826527175642255,0.21962594639809263,-1.097313345594515,1.0071968560019282,-0.26820620390887984,-1.7993677679932034,-2.2335331507036402,1
-4.05470968019445,1.074174855147737,-1.1635006777284906,-0.21201289233454176,-3.3768568406256616,2.352318379447914,-1.1381506450830399,1.105792304319339,1.0314848617177805,-2.1973397792421503,0
1.5803361649682048,-2.191525094600001,-1.2863510161409717,0.004489631233426936,-1.9854599784865097,-0.8251848208195414,1.3095189064672372,-1.5112715033233197,-3.8846869662486485,-0.3194243756815298,0
1.1161996163668462,-0.7924607382406269,0.18794808204562785,0.7467422428108753,1.7816689355881221,2.4335916151171295,0.3749440085596946,3.412089023961461,-2.116276442125056,0.4160506980562012,1
1.4780519509224725,0.19972203552299425,-0.9497535972771942,-0.10533812279152627,1.5445627120334788,1.5837979625643464,0.875228629163064,2.3703207525713017,-1.3991281754755007,0.820533477109114,1
3.4684683110089263,-1.6536956027552505,-0.4984981913754286,-1.193629089365043,2.1295153914205547,4.602576263004909,0.21304562207438593,3.6653420054753756,-3.477690342703085,0.6916107768952011,1
1.357868056708074,0.49130877120687494,0.011687790673995169,0.029491194598528805,1.2223531172641926,1.4413858248476985,1.5583607791381355,-0.004523757498525738,0.9641178091741636,0.2826806943642046,1
4.131837744053158,-5.665932015237268,4.321298697829468,0.14722501101269264,0.8641990651390912,-0.4045898656881235,-0.3150390874327181,-3.487630397697736,-3.2756102020176496,-0.49393876294951733,1
-1.302346379003952,2.026306572394625,-1.2198132536369124,-0.9144164021122101,0.18393989150285872,-2.316015389462125,0.15729907216019046,-0.5557870589465034,0.5252158725858451,-0.5561472480321702,0
-0.7124465706780463,-1.8890627583076887,2.2103831584617675,-0.5313158193259131,0.017085388642394728,-1.8556487899807617,0.5051510704546522,-0.2793497994546432,-1.2287986993905984,-0.2865179116360017,0
-0.10286808182791861,-1.8692904668588604,-0.025174793344842294,2.0055930636183965,-2.0120681526461945,-0.9658935012563529,-0.8368421824487218,-1.2172548871618587,-2.248470875098551,-0.6072857483544478,0
-1.9943601844727572,-0.9436647686905287,-0.28815176316512514,0.6898494276585421,-1.8922876537108642,-2.798293850624326,-1.169668502955249,-1.0469118841535716,-3.102428785387567,-2.152100551772897,0
-2.19887382903127,-0.10724239292153431,1.192683788865576,1.2614608039888047,0.5213554979333255,0.14924258835198134,2.4393342787192664,1.11519246144399,-1.3775739057571839,-2.7320720190409347,0
-1.8212929007336929,-2.220968357565358,1.2593694667182915,1.2603785181400424,-2.669448681805942,-0.7097236198276016,-0.7613273484611286,-1.0019395805086737,-1.4306736312224846,-1.3334761031296012,0
2.9356517510136695,0.612265893181051,-2.0654794356733106,-0.2537860757491678,0.7485094252664566,-0.39169624810287984,-0.5465506818544583,-1.072853788378823,-0.6862797669008056,1.2666861065001724,1
-2.7693279198920524,-0.07358784356191662,0.4744310571475421,-0.320490065038658,-1.4001139752580145,-1.260868273550535,-1.5472239932781757,-0.18898702256071453,-0.5734335745397973,-1.8377618534545803,0
-1.1051798122703393,-3.705588280114434,2.703641218237759,-1.4626349037319257,-1.93646356378253,1.157274758139001,-0.07108613278531384,1.231098169361608,-1.5579203573150244,0.16512552669548253,0
0.505346086285168,-3.5735931485260863,3.35624015007073,1.8229226161542995,0.12084931853987002,-1.3648823081316457,0.1784418142130577,-1.0818713250056744,-2.1992968904206833,-0.5284254893307515,1
-3.1925422259794485,0.15847838194932806,0.567555679712797,-0.015538158736520495,-1.5781427090430435,0.6897594744169298,1.7631521146499791,1.4791334628335095,0.7555307083945151,-0.9108530724742064,0
2.14807273442601,-4.469695029833796,3.3810185367367076,-0.5622218265457437,-1.2406607649069525,-0.46000826945835493,0.8430693010591931,-3.3913298450848135,-0.8190032875661213,0.4239652985911402,1
-2.7260781610079037,-1.5878292366091207,1.2223142936336862,-0.6813999126996095,-2.3796012520063408,0.3246103719075897,1.0539854833770739,0.6594582269534521,-0.8589870200696911,-1.2649522779631859,0
3.272401419753945,-1.1734564955265405,-0.9005371495014047,0.15984741958868665,1.3001480313619833,3.6151827799234484,-0.15700266845691765,2.426507766851322,-2.2266114176856666,1.2803244270111613,1
3.6711333651087332,-4.141445335584099,2.834160497498777,-0.08098411445023078,1.7263485513856773,-0.17673350532449983,0.9451189004723339,-2.7916383843187074,-4.601554132237403,-2.34168581723343,1
0.116956881062526,-0.38962752721856775,0.14801775939697004,0.9645764946699871,1.7241055668431384,1.0072959556860852,-1.1682087362052165,3.4242811383023426,-2.302360568126451,0.135934371936287,1
3.2790360619011554,-0.41953592401597967,-0.9463162785810983,-1.7422589694800203,1.0536313924801275,1.796512749961309,1.4009147761692962,0.12411745054615508,-0.6593428938739795,1.3793102250923002,0
-3.2965171431108105,0.936685461289031,0.40991892661100193,2.6099494209478524,-0.4546664238568727,-2.7029678001209936,0.7531566108861996,-1.3567867071854742,-1.0275585617202598,-3.7834913930191183,0
-1.0393817930782638,-1.05301851496567,-0.23656820549876567,0.5123250542051669,-1.400934631559783,-2.780360968468065,0.463641629535848,-0.04937821995697278,-2.158200035402383,0.29762324496257175,0
-0.7727923512651502,-1.8531965430642092,-0.7031458598331259,0.577044082566334,-2.414187217346548,-2.636685262880752,0.010975357338979946,-0.04190321495895777,-3.2031870594860528,0.5670255598193548,0
-0.03484638554444357,-1.6139242790421713,0.8078945958528229,0.5436808988766937,-0.35177760175860173,2.3782292554245226,1.0988707878439867,1.3694124904892535,-1.6844487286525478,-0.9699780030353087,0
-0.9112557909217591,-0.5754932591561859,1.3728532062215966,-0.7099138971419392,0.3088009384977475,-0.11742656791399719,-0.21443169008619967,0.7334492472879448,0.037925659756548935,-0.22463452050668842,1
2.5520991236302057,-0.9430289171323499,-0.00611429198556479,0.2897150232361355,1.7143758056318585,2.5169744100751235,-1.204151075922611,1.7162560317532858,-1.595760244338778,0.6768665142321577,1
-3.1142298192897253,0.139381355915153,0.3700682669103562,0.9032881210981933,-2.0462839422022414,0.9615319459961681,0.18596125356079854,1.7431435465656908,1.4300264857995826,0.06992659950184521,0
2.0026952124510076,2.4572045865375234,-2.1010404990789207,1.1281367471219346,2.489417681578929,-1.8150124462997952,1.0458034513679912,-1.204513376685287,-0.25842979878561134,-0.1388804553674583,1
-2.562030047144486,1.0009379617374,0.2589487767566613,-0.3054172200310214,-0.3272969641121666,-1.1792218398718237,1.418396868514863,-0.2767517480286088,0.1529397667170247,-2.1615076496882866,0
-1.4253373552292674,-4.592397136407703,3.7273107709671787,-1.325884076953689,-2.3126669232175856,-2.018096141437175,-0.3951401086262139,-0.9871308807438472,-2.258142711774662,-0.30641366472382114,0
-1.2719861371456493,-1.040003993999509,1.269705958644172,1.667211600851755,-0.5016113987306979,-0.10604420806704717,2.195012029127749,0.5272159925429158,-0.6454884501456772,-0.7078902578994082,0
-0.178770850116358,-1.3198833248761674,-0.1823204519056667,0.05559214655174745,-1.345783594251348,4.1710438254448245,-0.3449620674936655,2.703379969576144,-0.906904377554769,0.15116241268117192,0
-1.2578794566387832,1.685648576431552,-0.8396665614882192,0.012983828902915837,-0.36258593099659364,-1.6442831137592586,-0.39996134955586493,-1.6684838400175046,0.8981903194905716,-1.391244847600583,0
0.1998808323644084,-0.5773462993750127,-1.4256664917444768,-1.5323803989699238,-2.085550554503346,-0.2200011642554598,0.4376334300729764,-1.2589896867227206,-1.3640037476434137,-0.41238999203824855,0
-0.6706395546092722,-2.537989078150353,2.366680778369178,-0.20773574734915148,0.5044530075036464,1.2922405462939777,-1.4730064587095468,1.9957053826268951,-2.8434748816196365,-1.5032099390209368,0
-1.1675024593443,-0.5522000831354544,-0.31858156420668104,0.33617133231164,-1.6133875436350558,-1.5076731782789587,0.7021141391767522,0.11385718243057141,-0.7115839892292017,0.5436913557256582,0
-1.107939156628232,1.780227407069758,-1.1752011496367336,0.3649028563990718,-0.21458067425378424,-1.4453672126793908,-1.2988559037700649,-1.1681376969839192,0.5476946769712026,-1.2362357732650837,0
1.6229105478654389,-0.611346621250453,-0.591233809411954,1.4793044444184598,0.09005873250681806,1.5504869156658292,-1.4945778710292361,1.3430877007823367,-0.2725166085454577,1.9379980848156022,1
-0.4868155575920492,-2.380519174322801,0.1981524960750931,0.33523357337308185,-2.2921115542756567,-2.750199476392031,-0.5898892793661827,-2.054836707069514,-3.512093244687813,-1.2797264870942804,0
-3.9807058866625096,1.0136996266649865,-0.6339583090692789,0.6976144747158062,-3.192161473195191,-1.5218665058661633,-0.22077660360113002,-0.7845265201539897,1.3575227051244023,-1.2055569260183798,0
-0.035780452204767235,0.7176152456095284,-1.671010347988767,1.923955175733291,-0.9898260137340043,-1.0437097774310518,0.44693531490667854,-1.378899441626702,-0.7074507820172358,-0.7401361343850494,0
4.182240484710509,-1.265558408562575,-2.570259983010981,0.23613816092522313,-1.4087578323281398,-0.15506213371587207,-0.06380455772744412,-1.959463948813731,-1.6241165130466744,2.7124266399646126,0
-0.5107319405753301,-1.176476052861607,0.4677852706566543,0.867153129040598,-0.8720719712993947,2.0626725027817496,0.09693362573073926,1.4312366811682995,-0.8281483948773272,-0.3242021758803817,0
-1.5690529348901436,-3.2484892380247885,1.4928760264558518,1.7189215737230124,-3.4394616058238188,1.6710164946585624,-1.05558999261237,0.5147500590960898,-1.3536447088454207,-0.3816321606662997,0
-1.0236390746970805,-2.310509850876792,1.3988080980375301,0.5752465321140376,-1.1276615940749037,1.5862997115180424,-0.7774477573287817,1.2575532479062215,-2.2466819886484366,-1.3698688126990546,0
-1.7336986043323417,-1.6863846740232233,1.180997768809155,0.8149850354042416,-1.273762679441173,3.1456436685760467,-0.3715092255018381,2.268441563154179,-1.3967779607936017,-1.6160444991115273,0
5.514689740000402,-5.228913260602843,3.6912248025645042,-0.9223846290616873,1.5462253792604115,1.7579076822866615,-0.03269763638397336,-3.9984502804648088,-3.3350155269383617,-1.5912645904305749,1
2.8624950948194536,-2.4325759856569222,-0.9290138034990373,-1.218061845439449,-1.3125434998765573,2.4629756249151633,0.5638815529545973,1.4031563193672305,-1.7409628785148967,2.9601323567537055,1
-0.6785321120478486,-2.8766418260660744,1.3231762039376673,-0.2758739558165403,-2.146629221082144,2.622304765906488,-0.18175581078019307,1.1426259792232512,-1.6672510148380475,-0.5992936391169854,0
-1.2553766065086394,1.618824105845661,-2.1026469835628867,-0.07403700626459676,-0.7362519793240674,-2.0514572042420376,-1.0541513965914469,-0.6024770065541708,-0.9915859099392497,-1.1653248976615518,0
-1.68618075312915,-2.111751205693108,2.474050685873719,-1.3889405190630546,-0.9564781553903307,-2.25311383816543,0.41095333070803153,-1.1537055587005076,-1.2679729284213053,-1.3025460672879423,0
1.5560094523503205,0.7362856340054419,-1.3554745849959269,1.6833733430075333,0.36093625033080423,-1.1432075591378794,-0.16615056029936615,-0.9172785426427446,0.22733136727132797,1.341937371049308,1
-1.2922560078919525,-1.137347461932336,1.4618658369916913,0.14944115261371754,0.029398267139433498,-0.09166695063480224,-0.49445460282045284,1.212130827430562,-1.1888994401701458,-0.779126899170687,0
0.7454839763077903,1.0980670824158716,-1.8642266480698,1.1053383380101165,-0.22962264606424454,-2.6461954466088073,-1.6154169442686626,-2.26577503007956,-0.6496971549255866,-0.21119503045741905,0
1.8387229886668706,-5.539720909084805,4.02144930068658,-1.4960954913944449,0.12081061599143772,-1.4840561833995967,-3.4950452224886055,-1.3866582842279631,-4.429571553740858,-0.519683477536387,0
2.2896743615721413,0.3161929635343607,-1.4251068150879034,-0.9281856293781044,1.585789974990971,0.9241585227198108,-0.09972534768576576,1.1036093439021677,-1.6645381175194325,0.6343566202732827,1
-1.3454518117934917,0.15042759532415453,-0.12363300514840259,0.6201731267741587,-0.5540460008516512,-2.0967878435368537,-0.0717115163754094,-1.3201821573381756,-1.394739199977177,-2.061337385312955,0
4.139975713287384,-0.9284098621077816,-1.0981069358207556,-0.42571774055516237,2.055186126491598,1.0361891574570552,0.08556974075621303,-3.449016684847218,-5.314366372647667,-4.788663477835643,1
2.413833293593246,0.17216408844139225,-2.0350023871499427,-1.5406671311912938,-1.136214708512635,1.9328538061643399,-2.3306634780373923,-1.9087918243464332,0.29743837375435356,0.3026256819307911,0
-3.2110926452322093,0.295790225711091,0.6360478833454488,0.1765056900644824,-0.709933298285145,0.6289263787146249,-0.1588479956593362,1.663263741993999,-0.38812072524306196,-2.157431074819544,0
-0.7632770282867368,-1.389664514905618,0.9960560259463,-0.35024333490786436,-0.4310862475046535,2.029962401092301,1.2992244243462943,1.495891391017088,-1.436743672938714,-1.2111957770391033,0
-2.9831495868245623,1.4728488739921135,-0.6708716727415436,0.7008290998250021,-1.0645619073973926,1.4533095461523293,-0.7978868214958904,1.3314160268533695,0.6641013711710566,-2.057876033352575,0
2.306301557618917,1.8482012586614025,-1.1815079314578156,1.1393883584065825,3.705547747618504,0.030927302324574857,-0.5504931163121183,0.2394298026079622,-1.233214993249965,-1.0215727328822508,1
-2.8332214835828684,-0.8348085464120377,2.130688186346072,-0.6057754148985527,-0.6087662658424992,-1.2602521356413754,-1.7243436803964847,0.4979302481418264,-0.04467134605428913,-1.175539186780247,0
-0.23237984960326943,-2.0369806748915353,1.0536497061565708,1.0364323557451673,-0.9356651147218928,2.115223458683075,0.24877116004719282,1.2430187690552774,-1.4795510167405708,-0.5005494105563775,0
-3.1919821285620347,0.018822399214432777,0.3852618414244935,-1.7298254799301076,-1.2026996118104354,-2.612433620186212,-0.2147871684668929,0.690889545162799,-0.891215122917893,-0.8545541539071906,0
-0.3853417746334013,-4.028896112420523,1.2013346483348677,-0.5859163160772481,-3.7644463755720214,3.6277175632428786,-3.0553179463195104,0.8638744123882132,-1.898047496839337,-0.10847332660245035,0
1.3419716220627975,-3.813883089354429,3.6046960541462645,0.10543112294902098,-0.31006947962888765,0.2648596820768835,0.7975201115267103,-1.8252089098296636,-0.7140995070701615,-0.05701125434857435,1
1.5018815015530826,-0.6185642566350463,-2.202371131870396,0.10069301599400954,-1.486395626358011,-1.0337997341374563,0.3815124510010799,-1.6813906430692436,-2.6926325823148405,-0.22100715875324184,0
-2.520690125041445,-0.8738900053559593,2.1307597257474216,1.1160986657725531,-0.1793936366148784,-1.4841971091784942,-0.5489550412811088,0.5077264832339974,-0.5087226353730229,-1.287480480225479,0
-2.1059965379589936,2.3086019131909254,0.3081378123613985,0.8298336916434127,0.9149119721796373,-2.5948838075494565,-0.8072727460262709,-2.8158134020891454,1.0441657535417135,-3.6999442159726073,0
-0.7486635774432535,-0.0161459347928169,-0.41651430632737685,0.7904201697630219,-0.7667182067656655,-1.087875732806722,-1.122661566999814,-1.6635066600595758,-1.5680318140709242,-2.4086664640082636,0
0.8394837931565217,-0.9753577278244446,-1.0979028351936795,1.4993826224975288,-1.6222467976192507,-1.2212005111365982,-0.7759043861160467,-1.4398285280771281,-1.6162729202625,0.39570582626912665,0
-0.02319865679749025,-0.6102893221787523,-1.1677559362468282,1.8319038262751572,-0.9564358451582082,-1.0523179084054055,1.4277701849121462,-0.3325798792396203,-2.8613081673463423,-0.991196361574575,0
-1.290784744932257,-2.8931758150186746,1.934024488350413,-0.4164627354608322,-2.018049145307006,-0.4266860918239179,0.009526377219802219,-0.6665672818204351,-2.0915269177372977,-1.383479055955291,0
0.605038125182843,-3.6196103177139456,-0.19549218720146666,0.6905431309088294,-3.320275286804454,-1.3792982238622948,-0.3048659782235659,-0.6671481665734266,-3.656399432449461,1.21876412534899,0
2.6513961343411276,-1.8995773271785557,-0.07428617187946407,0.8871026620463528,1.122524887379499,4.637592519734089,1.3678304271765602,3.792832080482646,-2.311651868568341,1.4873893418888096,1
1.9459640950711972,1.2374424580048913,-1.2404229062981933,0.3593860773205031,2.2447683975539956,2.1026296424841595,-0.4775298529987034,1.8450933864635712,-0.09412458904008503,0.7194402305271803,1
-2.8457565532936435,3.7544393142377803,-1.7977399127971778,0.15557035680024672,-0.11181819249523306,-1.6062083811107661,0.08795009527514762,0.5228009882675404,2.9116911370939618,-0.056699941941148024,0
1.6933716863224073,-1.9581850875825895,2.532281940717444,-0.8209015268560932,1.41173919868349,2.9453724468558056,-0.3013879166394584,-0.37080998924163566,-0.3711899936109655,-1.3512582455807773,1
0.8008987095489674,-0.24636187199539591,-0.41999292222886053,-1.4579110681693277,1.2131224293797924,1.3206403068105814,-0.962500002933258,2.7188905530070797,-1.5789617047372637,0.7975127318576767,1
-3.238364126838542,-0.1571420834361335,0.8556908753109832,0.6045329441009561,-1.1074677902053442,1.430915007331126,1.0925008042559785,2.1261706833300567,-0.253354102211675,-1.8130381736961096,0
0.2439405612980841,1.9209741956325814,-2.3840287854872093,-0.0995882212079298,-0.6819516809328957,1.637573580927509,-0.2527310933573347,-1.564031297637952,0.42523975656040514,-2.1122978808883177,0
0.2482485664764353,2.93641825945728,-1.6355023487767086,0.1434175529526955,2.470383766667439,-1.0887946857211568,-1.5779330695682783,0.8025368257525184,0.6206757424465672,0.029064011419902336,1
-2.1051245934013165,0.6241384324925806,-0.9168296347516823,0.15396226626563522,-1.200338089835633,-1.3530559285538957,1.5055071485491969,1.2692513110078028,-0.4011360919017327,0.2801584650495337,0
2.4043891044979127,-1.6941583452048259,-3.161262825747216,-0.6165475460685711,-2.848845334395275,-0.5811521347567096,0.8121381111144732,-0.7345624992683828,-3.5075479999461674,1.948212647029297,0
-3.1698638190275297,0.8898503873923604,-0.08287212895606566,0.046348698637989585,-0.6788287594493825,0.5874405608919685,-0.06210339980928747,1.253527211469214,-0.6466512378068565,-2.842026248326921,0
3.748452378574339,-3.329546221256629,-1.264493017363937,0.615163203683238,-2.5396287328373197,1.0634209539162218,-0.3835655644061074,-2.2206991937739096,-3.248693722089859,1.114619942641566,0
0.2561190670460887,-3.3358266779937185,1.3231291894516666,-0.1588323605819089,-1.5619851294498326,2.935198925920001,-0.25172434060751725,2.1102795347204664,-2.2013595398454933,0.5078061356264942,0
-2.546866123100579,-1.0735886850385292,0.5870015902123817,-1.5323710014420924,-1.8384199298233888,-3.3667407282732067,0.049249935919674095,-0.27055408951986304,-1.754184631052905,-0.5793698985840601,0
-1.8588031678352888,-0.39470533542863134,-0.3298913041442437,-0.0461792126592684,-0.9402648012899683,5.512879666866253,-0.3632635391367173,4.4317442920583545,-1.2572796224018619,-1.603683068272728,0
1.3521264628398406,1.6434689812700547,-3.000553728162326,-1.57840002669688,-0.5880129903962794,-0.857854843611125,-0.22833878669334084,-1.7405109403443553,-0.06884192740378836,0.2936149391863163,0
-2.070422884988283,-0.10625363824131055,0.5318034208979304,0.1977074407087954,-0.8649751743303484,0.08713909482359838,0.6744991984345704,0.5242219973361022,-0.2702354046840546,-1.4063729300892285,0
-3.0279500197080234,-0.2637583295099074,0.003185520447178458,2.851407645284945,-2.1557961320597867,-0.710382898042612,0.22337119471989172,-0.4655515295661522,-1.4274280931051766,-2.8786626478342834,0
-0.711353166384462,-5.320952769528199,3.033215527441204,0.874991185367977,-3.384561521514185,-0.12119714167545625,-0.47009827334372145,-0.8769877217296547,-3.0035650314283773,-0.4160808140118063,0
-2.6464526445029763,1.0181527444850924,0.18228685520719135,-2.2675583432093025,0.599062043874621,3.3408896495149567,0.3308528782627462,4.119259564809983,-0.08738138633137904,-1.732445546011062,0
0.9389619770890971,5.392471985473078,-3.7359490478426656,-0.8464443748159226,3.05336185878258,-1.3433891381062728,-0.13803219746862735,-0.009562028907714959,2.2010148798334375,0.3922857650630185,1
-1.3989229177735312,1.3398702693583584,-0.924813231320539,-0.7804679879042188,0.78232556667212,-0.5901054213151773,0.04170100492912409,0.8231903697965104,-1.6423562111255467,-2.3213969551195444,1
-0.8573903990530397,-3.4869242469248984,3.0813118496042073,0.040321210739587866,-1.0476029451094215,-0.5060451935154304,1.237130707788697,0.40785429752330193,-1.6499363218247471,0.05399017204449863,0
-0.110244474142497,-6.728395893367608,5.419771618816547,0.14877034924941623,-1.754312152574707,-0.9966324102739694,1.8559789218064155,-0.166773036903771,-3.1027927938367523,0.7283385594360234,0
-1.5211529450420582,0.017347730094946386,-0.5310217418660161,-1.439122489408388,-1.278285879292893,-0.9279891477596647,-0.12121805072117849,-1.2195333955443217,-1.7094345582933599,-2.6908364968020777,0
0.9687575465343575,-3.6117781048875464,2.059733120654143,-0.027885482141608037,-0.6629951767471559,0.1918862546016814,-1.0930767516787407,-0.5019413647932043,-3.059532781259607,-0.6263251057562611,0
1.5235313976419167,2.2271045982670525,-2.877211115678061,-0.9454066391951711,0.3442438687807521,-1.2639294517202408,1.06879555515764,-2.1447023088387898,0.14716631791798473,-0.230505033235209,0
-0.6192147314155809,-3.058303451956532,2.021726467749595,-1.0366241611867317,-1.0568530383996115,1.570707404002413,0.7376592548635927,0.9506488453489566,-2.6003723902606533,-1.373184051606833,0
-0.9648515674146328,-2.1705492594107834,1.3951436572888989,-0.8545094777299357,-1.7709445972681517,1.4308691945891199,-1.727561037636336,0.8216141185638475,-0.6280362030743396,-0.04070197744707582,0
-1.414664607590137,-2.5961073803873025,3.23705637597401,1.1442047979041359,-0.45588544968544586,-3.0623277099626853,1.0445465781431837,-1.3620158637857358,-1.4136873593664994,-0.9868109475104515,0
0.3559550852943405,-2.2061140805902033,2.481336435220177,-0.47393253948848,0.9521642572210587,-0.1423151506196012,0.23026773038610357,-0.20602916338513833,-1.919692270238912,-1.2956349720625449,1
1.910062432323068,-0.9720684344263851,-1.5830609726930744,0.37528800802786055,-1.6713201529946482,3.092626552052217,-0.31284659560597644,-1.2648688756573452,-1.509787000420748,-1.1432649951522686,0
-3.3173511522797665,0.48257497059773447,0.8549810041576603,-0.4953229819838707,-0.7705497945367663,-0.2965065629682595,-0.1275906806288639,1.035520371317775,0.4391263266843606,-1.65294524777684,0
4.456234943884429,-3.703717237881164,2.9370510829898686,-0.13858198323236143,1.9914608983228577,2.212175528114887,0.3620927373582383,-2.4379484667960405,-2.430432680667387,-1.44040652578389,1
-0.5029810060927628,-1.6119092059061346,0.443408495136012,-0.948105344122665,-1.6740867978144007,-3.1928201864652594,-0.23334086969700757,-3.396099844752322,-2.6428686798899403,-2.2826199665483675,0
0.7200052584891932,1.1797898292985933,-1.0557800190608804,-1.0471714153162728,1.2565206299217813,-0.45858739496391565,0.6915158558653307,0.6885825649072166,-0.06275222268368918,0.672383214240052,1
-1.3681060467336708,-0.6861794873349023,0.40181328375828984,-1.5637410876713795,-0.18218379292431497,2.3591366030074403,0.162961670856347,2.5590662858742546,-1.7338663927775053,-1.5641999116167586,0
-3.043437389878462,0.7518733078498172,0.2665050501375138,0.7693867580375736,-0.773179729948013,1.4417962910847029,0.9107009710246312,2.245314695931528,0.6961907007719488,-1.1995669596687413,0
-1.6002034634795899,2.1878266243459477,-1.2649684430409316,1.7391401457491027,-0.7298838515006341,0.24039831414190926,-0.938166728437186,-0.43038012172473605,2.01499938921439,-0.8576995103285646,0
-5.244722464775115,-1.599611849325695,2.728246175312464,-1.4581577913576127,-2.0842018123126422,-2.341069461675172,-0.5882474013167657,1.0163052737103833,-1.245528945513295,-2.29293122280992,1
-2.0084425294218264,-0.56975160947258,0.6342293561406248,0.7883648007773563,-1.5164923665560937,-2.157387590433947,-0.3600313241083667,-1.4923987984104135,-0.826619034674205,-1.7046841415652558,0
0.002017560593369339,-4.619496347191849,2.6189785715720437,0.513211050420852,-2.1249131815104225,1.8468739458033108,-0.06657344933036004,0.9428474793248219,-2.5912839887863335,0.16419214340751997,0
-3.5119256540533983,0.4500066766864679,0.9532703680054855,-0.2225909840039387,0.008965284277746788,-5.920798590136274,0.4519549545219488,-0.5189649229635958,-1.459537905983555,-1.45095606048467,0
-2.279061390825501,0.10829367866674415,-0.29744970571696416,0.9385715398455845,-0.8056050063847416,-2.5982212449516853,-0.31820245782744283,1.1009305742558153,-1.425351386632328,-0.1253250112975507,0
5.696368738888761,-2.8692994890087773,0.8095181415770436,-0.21230454157659961,2.2297347289036535,0.7748917909874702,-0.9364311967413436,-4.056134809612286,-4.496931442244617,-2.59821001967974,1
-0.9844085253840881,0.6523626713823703,-0.315140538564626,-2.161807863813426,-0.6489569335397772,-0.9022786835906821,1.838305516151506,-3.2507608566612882,-0.9202135384018184,-4.1511898153079905,0
-1.085843163414092,-1.7393645929036652,1.6282826281387943,-0.051963178009874454,0.09930790000231182,0.9627201299209527,-0.9463112457248688,1.2966298400077374,-2.501941607518946,-2.0918216916977994,0
0.5027778510007641,-5.223172398867699,4.376338679460324,0.23471773284215555,-0.2866020986578841,0.06460134273458862,-0.4170221825783604,0.8767976324907288,-2.7855009441000473,0.6572890510851748,0
0.03272845659474263,1.5540924983809665,-1.3596993699743525,-1.650721133557372,0.24790629738509518,0.2464609307077561,-0.9469852794696143,-0.12487347431195417,0.6850617177863139,-0.25681082228616003,1
-0.7863444021798672,2.033754326535239,-1.9090718879195752,-0.5760116862383812,-0.2996652627294717,-1.9887958552394989,-0.30934917200158435,-2.2919277551309585,-0.4285486974910686,-2.371038960238703,0
-1.0688343479224462,-1.7174892857849364,1.7557010795979593,-0.5276639851456674,-0.49058552015855805,0.3997646624638873,-1.1115623424882675,1.309473933046926,-0.7562653538345354,0.015860559267194763,0
0.155685174466803,-5.222181265592112,1.7533898745295284,-0.2768804245260839,-4.697131094234491,2.144861619110725,0.10934701802211301,-0.4565245640336013,-1.8384109720898518,1.0998316208425338,0
2.3920877217551966,2.9891973274415147,-2.5763454469736358,-0.15233754654020037,4.872172054874048,2.0851180295084855,0.0026228173150997704,3.1229776759637256,-2.172207784457699,-1.1491555977394956,1
0.4166194257683488,0.9390306130560688,-1.409840376265707,-0.7151295714592688,1.4023757028401305,-0.9299613722161526,-0.3476047821477652,-0.47616150198356333,-3.123230373259893,-2.83521859900004,1
-0.19962390205019176,-1.294198798392435,-1.246567395032558,0.41596437633711586,-2.2829131556634854,-0.8249516055798571,0.07389555010360419,-0.2836549608335831,-2.6375949704358588,-0.09895854842271179,0
1.0104887802453792,-1.5457136557923876,1.2258515867207538,1.1989094501567816,0.8004128366273191,-0.3826526600036557,-0.17225589477488634,-1.1251848546487409,-2.216114574928101,-1.6072447157490635,1
-2.48621209593023,-0.9960408783581576,1.3369145703205185,0.4390338346953026,-1.707846061329394,-1.1664182390239994,-1.53537627357569,-0.6801484570494074,-0.384592561525248,-1.5456866185133227,0
-5.103405463872918,2.1297163385416034,0.29950750558188055,-1.6861054624716796,-1.1650964522201652,-1.5783902678580786,0.09742879619551134,1.3680542111086031,2.2939208881060558,-1.103271743922134,0
-2.290991297553877,-2.2086439744559714,1.7538741588244025,0.4363575934111188,-2.3209889995868407,0.2883600882716767,-0.10750422045805064,0.8521047425203863,-0.6773666032311816,-0.33447666902392315,0
3.4645056255554043,-2.985800843879314,-0.9297055160577141,-0.3610767652506475,-0.5827173818193299,2.8949143625252907,0.1151548038377762,2.02829016168058,-3.6387682325742126,2.1815914291184315,1
2.2511962288774647,-2.0737605525490985,0.23655012069765458,-0.5697918621330511,0.7825369574275967,3.696193858538225,1.518993087748583,3.1814972706809077,-2.2282226661759825,1.4077614698041225,1
0.6743096092775704,-0.05903107688253271,-2.277405235723463,-0.1687660846202088,-1.8145336191319674,-1.2398905172688377,1.5177727839378523,-0.19116153873045416,-0.9316700165572251,1.931816865909267,0
-1.3222083176478616,1.85289688400985,-1.4996106462692977,-0.05175323929271306,-0.4441475937820204,-1.1829159809096716,-1.705493443844894,-1.5366964163030332,-0.18535540974904507,-2.4373956096025813,0
1.8370261735337599,0.13461063781888083,-2.3245484274077515,-0.7533763395775249,-1.1360922427712414,-0.14280181262820846,-1.1229436433360496,-3.8219744057090663,-2.342826599820804,-2.783872389262598,0
2.1574267242162395,-0.6106644157253285,-1.9292206473944853,0.7676665568502836,-0.7434335669944063,1.9562456551286243,-0.6107788976416961,1.7558714688394055,-0.8260749664757554,2.8021626484448463,1
-1.9743383790058566,0.6011190822344815,-0.7717088992246972,0.7507417926638422,-1.131176094647398,1.6025695777114162,-2.5343361918071157,1.427528835037807,-0.38540742182486576,-1.5022308290032804,0
2.5370273649898967,0.33230401216157973,-2.185089631361819,-1.7049484227556417,0.04594589108700542,0.06196636123051036,-1.581701173724899,-0.22781134021762006,-0.5717594928478299,1.9831716770264185,1
-2.2428966677748035,-0.4517251627022523,-0.15818410525609705,-0.724001723003373,-2.260094446542883,-1.7986275660213706,0.2999564687558586,0.05038955435969572,-0.41264374596285924,0.1297170605487965,0
2.1434816305756006,0.10789916221383461,-0.22048771208499507,0.7549819441107466,4.829397572475864,4.888949584219928,0.5376703398384046,5.9865049559476535,-3.938723903763793,-1.121569477094762,1
1.7861271105008576,2.992503771822448,-1.8326680068668075,-0.7314974169465273,3.379060186607543,-0.13826635479885585,-0.7054925320831504,0.23432450823208695,0.4308640359272151,-0.27648451067865865,1
-0.6767801210108817,0.6128085571678092,-1.893051461086035,-0.16633302823215815,-1.7877763125909538,-1.1470982393180866,0.6966765747648956,-2.095603583081588,-1.3845585028020753,-2.05184395054857,0
-1.3857306543069547,2.2092325148365073,-1.6978797059739712,1.876899275376681,0.24969695794898028,-2.0250112490876067,-1.0006901163414852,-0.9424284178426905,-0.6815967034190875,-2.2238401500416867,0
-0.46519917121465876,-1.7851788275681597,1.915265504513298,0.1455258782069742,0.8481078047531894,0.15122898085554481,-0.014198069764662404,0.9247349619805263,-2.5683354542669257,-1.7585362265397206,0
-1.1246410792975285,-0.02942491320952847,-0.7320713093352393,0.3562865483103014,-1.1823439515477776,2.3413467836550614,-0.8908226680002443,1.040685815954936,-1.0290878031813089,-1.783392151921657,0
1.810930276269464,-3.4558739322120764,3.0435234757807974,-1.400059263224245,1.0060807308819415,-1.967153818593914e-05,-1.5191735588465338,-1.5652800713547177,-2.8389141002662273,-1.6237556777983313,1
1.2906614639127068,-0.5060384696524198,-0.8757700202652376,-2.050293892524772,0.7562533008712837,-0.7056484826955516,-0.6970948507626862,-2.2059153827433122,-4.428384605302302,-4.0151458588520414,1
1.6509425570028478,1.1073391545914233,-3.0506358750301787,-0.42197686409230856,-0.8651331139088437,-0.9739955148998142,0.40529411049309205,-2.2388311479633027,-1.0251948404715183,-0.2139075987584722,0
4.235521655369736,-3.597920553870803,2.1540643274868483,0.45058298146422965,1.20547063613973,0.8072708586773449,-0.7238175276494426,-3.521232606208692,-3.244454625098168,-1.9125591802969975,1
-3.579678097250639,-0.8011077151760256,0.24491791152226816,0.879660997368937,-3.1100352064332233,1.7978246451340136,0.7469099872563228,0.5835864027498833,-1.0900856510539207,-3.1647032075880777,0
-1.704775242956497,0.07489079165199494,-1.0041980414123106,-1.49459500177305,-1.7912535251097266,-0.15618514297100738,0.332424711020455,1.035551551046213,-0.7036656246247681,-0.06429539981512034,0
-1.886623856730386,2.0831973968978073,-1.2030992426886622,1.412667803259167,-0.2772525934841926,-2.2139527083664023,-0.2213709098468572,-1.7537208912297357,0.002255342644841951,-2.581176532509538,0
2.227495641668598,0.47565782821308394,-2.022690323837089,0.6448028191965103,0.09832191586077732,1.645051560033476,-1.386965475571848,-1.8574195672487344,-1.5770794456036847,-1.9274563137290266,0
1.0060970955929214,0.7255969710991127,-2.166885694969732,-0.44327350652556335,-0.6068132818827049,0.3999291608797513,-0.24889331965522968,-0.7305117073374645,-0.8462435506558923,-0.3012829920273593,0
0.12062365024851922,0.8040717518469658,-1.550867849869812,0.2742837157058423,0.2305844035515483,-1.6300245456855267,-0.17416766528098634,-1.1337333890879975,-2.208651498204987,-1.8548692750191234,1
-0.41218530948109744,0.4475947584432823,-0.31918718288211734,-0.13013906688012547,0.7305416675956926,1.879649377486924,-0.4110558072784743,1.646770791131729,-0.9498113010572224,-1.3766668596250091,0
-2.1779762808834087,3.8913888633624705,-2.3756311083683856,1.4059279034730616,0.36548149831645294,0.5282318350445399,0.7112192726828654,-0.4310254657435123,1.0652272363902617,-3.497214265000091,0
-1.768828584555327,-0.5083054106031765,0.4268622332035503,0.41762151637174566,-1.3183371491636142,2.674766269864458,1.4999400925363118,2.725916351746513,0.6432886898200472,0.4269141451399523,0
1.9198204105109373,-1.0967078135038906,0.18998016790082983,1.0000000260772435,1.0303432719418097,-0.0762977093431032,1.5626849505709355,-2.0270185345785254,-3.050351719502385,-2.6086634977164733,1
0.7695473856154362,-1.8326901144115244,-1.4176077246719498,0.22871132527442153,-2.6854007161792866,-1.3571805217063457,-0.5791725341077932,-0.8876202560253186,-2.5402860609800615,1.179020106501568,0
-1.1133456755256916,-1.7711230898711883,1.8098223814488028,1.2411183724953738,-1.0659976326241285,-2.279719174864162,0.5637147224289293,-1.55014079687771,-0.9775569633152684,-0.8435524640698037,0
-0.6948448023542196,1.389209486731664,-1.9469110952571964,0.24332069141922807,-0.7519664100166504,-2.202479081380769,-0.4959061907859165,-1.0001060154365335,-0.55456636955923,-0.46301630771710633,0
-0.2545825757274528,-2.307326510027926,1.0203487215270348,0.0823704506538375,-0.9089030513810843,3.7893796605304875,0.08654764761797734,2.7064028207806174,-1.8378960721740754,-0.4292963603511254,0
0.956877426836796,-0.4027133496004917,-2.6522971208421993,-0.3790796494872758,-2.5430313300501246,1.1063928923864181,0.10113178536150971,-0.6445542767866539,-1.5508805635142506,0.2454795081717891,0
-2.8729788952515456,2.7038870658685994,-0.7523205301372118,1.0417101985426294,0.33799881502706297,0.6161624711339235,1.4714513025679976,1.7331831111342753,1.7852166239092364,-1.310579141616372,0
-2.0708007649275215,-1.0340429522774572,1.6464556905598418,-1.5882651434415278,-0.2672559901258261,1.975667724366335,-1.8689114064706538,2.7876371038844505,-0.4282472441643548,-0.7335587712732501,0
3.9342753804677093,-2.8339212284445914,-2.192996463858033,1.3263182168595784,-2.445535946125097,0.21766967922256186,-1.0070490476123422,-2.368053092097263,-3.9460590341898847,1.0686786646552706,0
-4.005171161955581,-0.900405858156068,2.084511120947713,-0.004723763452720521,-1.7102111115773666,-2.7788759686145426,0.017825378933284473,-0.7268943951435953,-0.49194130110403733,-2.23767095035489,0
0.33105528063252676,1.5309563413115894,-0.8087850392590019,-0.35475181962885,2.365818903993773,2.414578383926207,-0.9317085941996222,3.7784654775730995,0.09269945595688633,0.6871924248288166,1
-0.4328368897551885,-2.8408924257737325,0.29505620950782196,0.25716294417016167,-2.2636503262111622,-2.900789416427963,0.3438442277788009,-0.7723278499361463,-3.8278131253906515,0.03390985968315685,0
-4.104737627077497,0.46010874308708966,0.4919887579279826,-0.8197088012267528,-2.1780366162657043,-0.9213187259220934,-1.4668094653928918,0.22525360594728072,0.7149381018985375,-1.7630239204975662,0
1.1620608165191988,1.9055271291568003,-3.0927737190495526,-0.8218244586277709,-0.9221857999521068,-0.826597985799356,-1.4028162865715872,-2.608961187517634,0.34633631490649286,-0.3460265007108815,0
-4.437182672410232,-0.6396878252367508,0.4115759314683626,0.7628635611864517,-3.8291833074236927,1.047705060565672,-1.271690141519304,0.8829107955628878,0.20895558986692842,-1.8729814445790969,0
-0.6770474784726803,-2.8620743166819906,2.1727329785637854,0.7260387931103602,-0.8223245921781683,0.17662409520711575,-1.0769231186843455,0.7184005777480722,-2.1444619838972834,-0.5612867525931382,0
0.7065939430884727,0.4320810976464401,-3.081665373705069,-1.333195568791597,-1.7215583342363148,-0.2066380410739903,0.012985414859594728,-0.18317037442881812,-1.769828313617352,0.4639623119945173,0
-0.6635645524192924,1.4784388761350356,-1.4842651011195485,-1.4370389023767902,-0.3844996498145594,-1.6009221633649,0.8901453085662238,-2.680765933664671,-0.9485930535165238,-3.110341498385123,0
-0.8883784687086856,1.812922761956671,-2.2423875140260345,-1.445378337061279,-0.5730721038069643,-0.770136829357949,-0.6366592465699283,-0.16821858343570728,-0.426119373797895,-0.9433731716482743,0
3.1649689836628982,-3.1746093275478007,-0.5626506847504951,-0.11357174210163236,-0.7414101058695186,2.5311475132847123,-1.0795327037799556,1.8211266948976825,-3.5144609951518753,2.1343319130520726,1
1.2513589871787272,-0.7577168102593992,-1.1539834506397526,0.6803783769852189,-0.9495892537417492,0.7212997331555147,-1.3243881256076575,-2.039852860387277,-2.491077273193392,-2.2574287774549253,0
3.199440561050083,-2.806722571088382,2.0953153638770337,-0.6669183301927487,1.1881876302441727,1.4904766892882817,0.5513691503202077,-2.2746291788232735,-2.020699727582282,-1.5112397952086583,1
-1.31646262838598,1.359060633590786,-1.3726494428128784,-0.6760472447790711,0.6676323742168147,-1.2882974974488275,-0.11435305518482101,0.3334223749988936,-2.5286476919918712,-2.8294151425824667,1
-2.097431394945721,1.5751867766688592,-2.172170674152188,-0.005863503321309755,-1.133843162107218,-2.951845242641128,1.026296585269112,0.6792689211224687,-0.9375428369069355,0.1518004544616398,0
0.438732084017075,0.5598881214951942,-1.4727426711528593,2.211730350396213,-1.1185253449984325,3.046639669478614,1.0281617392661913,-0.3036273183425843,0.40134349823934024,-1.0304616112154403,0
8.003773232514142,-4.86099428270703,2.7788884010378285,-0.6037583687311271,2.671483218537099,2.054390500805498,2.624626679162744,-4.874732098623548,-3.362279383046361,-0.8006175157297195,1
-1.0739955819686364,0.12155272455382081,0.5672730204398525,-0.3505693925533944,0.5141892138591065,-0.7697926153093926,-1.8699795232073142,0.8823153041913121,-0.3983870188623091,-0.41073043257405817,1
-1.4934522326937874,3.773718157398314,-2.889606785013685,0.2316888209552501,-0.2329830526274661,-0.4415391756579351,-0.4649208910917779,-1.3015825182893606,1.4153170617172872,-2.272079641815269,0
3.848075140138082,-0.12319982519899057,-1.1243578699238665,0.21430023205374768,3.2145217884672945,2.549745450753115,-1.4080813100245035,1.533098361135444,-3.068543705934701,-0.3769524639412265,1
3.0045795811658103,-3.282816346420924,2.4345036188764975,0.011722149085865649,0.665398025653108,1.653377140248785,0.6161730983702236,-2.7676070092076746,-2.150934584615447,-1.985785869146874,1
-2.0289189854567113,-1.222319595396139,0.16889356812376377,0.12889991341633894,-2.450633501943857,-1.826145701530768,-0.9177233578615299,-1.2693625365446746,-1.9590773608863419,-1.811845153993764,0
-1.1474681365548034,0.7346351970253788,-1.531887862262883,-0.2681486839431865,-1.41433386877761,-0.9625814858374477,0.6861835565047075,-1.3279345290554208,-1.226859669653251,-2.0742451948287273,0
-2.865212170245878,0.13702589605802365,0.7755090943097368,-1.2508317064844046,-0.42418657531115267,3.4732590842256905,-1.434072663335236,4.568923843956453,0.7868706738087734,-0.08766098073693884,0
-0.4557337669255509,0.5600683135779032,-0.9883288337081197,1.5880993323604182,-0.5235470584449576,-2.1956926278503346,-0.58359063375618,-0.8368038662548525,-0.6285889955515309,-0.0645809823914496,0
-2.4159468125181274,3.038903349626051,-0.9175359168998223,-0.14345719491970216,0.26479888345378666,-2.3303635812412904,-0.09514228079874418,-1.5848001182276246,1.7191356388885164,-2.2011084079579804,0
1.7195116531330774,-0.26880168037899765,-2.1130314549542533,3.1580734261856236,-0.556460580936371,-1.8561297920319317,0.6082426625071672,-0.9750691275177563,-2.4508666323666066,0.7950845612151274,0
0.3692945073897832,-1.8034554699895795,1.2297027691841433,-1.2296400897708561,0.35394198400408716,2.4135225023463978,1.7480412517110477,2.3893882378097397,-1.3946943390929691,0.2744476075683784,0
0.8581118803218618,-0.10721040405826644,0.06796955645373592,-0.6832852632175852,0.4056848863072656,1.2950492841605963,0.6554853247141043,-0.9339314973673578,-0.3526398617783625,-1.415427370625921,1
-2.612561096962726,-0.6655578394456889,1.7412848132357404,-0.6146968230076675,0.08573604979141947,2.6316703878903382,0.5028846851187714,4.028298481809662,-0.05579296219689778,-0.5625007387088601,0
2.966579780020082,-1.3353773139740177,-0.8206292230611942,-1.773974929644101,-0.3264983851509933,-0.933846024407722,-0.7958449595234681,-1.8620699137509829,-1.5191031571763944,1.394938279049973,1
-3.5769479185619857,2.318786818361002,-0.5226266077359236,1.365058321512224,0.0978653095961497,-1.65162901181515,1.6839933375190708,-0.6045023959095506,-0.5291734288612239,-4.356694526811252,0
1.5095759334479135,-0.5623521989885492,-2.444847673922879,-0.6100782440139709,-1.7384217118521956,-0.6300785833156752,-1.471152761975045,-1.8152094853398064,-2.7351216817256834,-0.5064310498070695,0
0.7297546595364067,0.2327354542892435,-0.1797905845075819,0.3124548561517243,1.6905315069396698,0.40772050974741514,0.9905054244225251,1.6879598447899697,-1.13279595667665,0.21868776134947876,1
-3.563442953877757,3.1447488525686897,0.13841948339433752,-0.2786547303915934,0.6430715353640866,-1.5050876763315724,-0.36797163948588146,-2.077258173962829,1.5942645775341502,-4.902436135921668,0
-2.48051207521886,0.9378995528462789,-1.4259265307679123,1.6807856528642038,-1.1997607009067042,-3.5064694070782756,0.7192706415763885,0.5732907681801866,-1.4532776563349346,-0.19096135634046418,0
-2.170544388938615,-1.6007058765288704,2.6840790186981747,0.4004855252414476,-0.3813991244957269,-2.4229517416554978,-0.6030598293979578,-0.34866702559981455,-0.6853814919114205,-0.9579958865131439,0
-1.8517238005873438,-0.7411699233369575,1.126299900659669,0.6585259624305833,0.16300961224113175,1.8941143805233482,-1.788463949726815,2.231712559257838,-1.7221194184826571,-2.311937198449803,0
2.184167750276296,1.5182641752672517,-3.4865178775015053,0.6674954987133563,-0.72619231334714,0.06081963242162747,0.21399289312376313,-1.1328147771356816,0.21769052719791393,1.5168441092341722,0
-3.1878702257648204,0.83888261531495,0.46446781291527894,0.9200009845150428,-0.19708416305809784,0.09354146247556949,0.3676555467887745,1.536747495683881,-0.21430172891614407,-2.2168671712115904,0
4.040008419368451,-2.130784218878812,-2.7107273203068183,-0.6895973461199002,-2.3209881434606183,-0.31187293828870377,-0.3260293165574689,-2.8600197487262546,-3.433881777079882,1.198498200693232,0
-2.2065137766556187,-0.7903577732404888,0.04590052465754968,1.2208583206477435,-2.218526597990631,-2.6688260274398203,1.33487442272127,-0.49527581834342005,-1.1472626760538536,-0.2785111488489249,0
-0.4152090273413095,-0.5964131975886942,-1.081449619334001,-0.587028406292586,-1.9484943952990612,-1.3075673568206352,0.14966891092469145,-0.05979943684472744,-0.9622092130822433,1.0994062884088844,0
-2.2699090806235316,-0.9444163765692282,-0.021834791304734313,-0.14547159954371824,-1.8868896078240747,-2.699055164448044,0.9298964446296162,0.2310327105992891,-2.1380975855844575,-0.5122098698987101,0
-1.3349590710434671,0.23818669469231732,0.1927366044788147,-0.2694106183326679,0.4263520002977834,0.971756467342596,-1.453606445109524,1.769133398982714,-0.9613886762872853,-1.3949358283794404,0
-1.6731281830952862,-1.7577007764078305,0.36354923391194693,-1.7196471400903521,-3.1987116976246988,1.7964385568433348,-0.7032068801281984,0.15559717377095617,-0.6129946115606767,-0.8824409641995633,0
-2.340587352698173,1.4595707818317631,-0.929286228616748,1.1824765664496855,-0.35992513282405725,3.3555716807535734,0.6073125806682945,3.2135257164122484,0.40661376011274264,-1.4204616841957858,0
0.8669312799033065,-0.9952158049400353,-0.41662931608962317,-0.9054192511734379,-1.0432774398004518,-1.0243837222775216,-1.5206942733167177,-2.611014480586718,-1.8681773040366156,-1.4672335992514496,0
2.1570186871014823,-3.983047406528576,-0.11812571047641585,-0.9607599976713864,-2.8674174802923753,-0.12834417234935824,-0.7807668702460516,-1.9194250312965782,-3.9017397985773767,0.3771278584315867,0
1.1973417095517094,2.225058201525633,-2.3885723349445795,0.7577433174478562,0.3403651192582655,-2.2340964488997965,1.010532767038355,-2.5020710577507215,0.7738403549936768,0.19274873921780666,0
1.9877597938659657,-0.20095011991743408,-2.2693024066667764,0.28474656055374403,-0.6994824106179931,1.1883061914209974,-1.4497484508554535,1.467052109019488,-0.87711272195443,2.700579722600384,1
-0.6784065930879289,-3.742382845690044,1.92739116001106,-1.5530369295124498,-2.5361770464027176,0.7034994555811871,-1.1247276394199412,-0.46922280551964923,-2.6281325908586757,-1.1676454590663745,0
3.0211009413808925,1.6352796400067253,-2.648853102277538,-1.6708127614252692,0.6905546632725157,0.5629023099993535,1.7930526852166078,-3.8604408261464167,-0.6414100527312416,-2.2869609245147506,0
1.6860585264373515,-1.4609224037939659,-0.830208027680549,-0.7753790041365545,0.04206817643327043,1.341844475557754,0.2121317372931155,2.2648154324979304,-2.6448033145164107,1.5422022876665755,1
2.034132815176482,-1.6308105684727656,0.3132366518243257,-0.06801748790578266,1.7771226013538057,2.6947899707219367,1.1143557781904612,3.1824845726760684,-2.9892688865035817,0.5459979773171804,1
-1.2169253268286808,-1.1776853348767435,-0.48902826361414387,-0.5950527062908985,-2.8657922229827593,2.1982491041025627,0.04308374220212008,0.35717804538273046,-0.8968506296808809,-1.0148225676057796,0
1.4005107010794748,2.0901587139841564,-1.910352127262783,-0.8535981542598204,0.5406444463561033,0.3449655720049385,-0.34095334286853607,-3.378811981200345,0.5647867241376108,-2.528779004716443,0
-0.6687732705417568,-2.3004009419075055,1.330284681804684,-1.1689245018219347,-0.8691214354696177,4.394773788641856,-0.8037326229232822,3.739061396982794,-1.2661974319666125,0.14045615270065848,0
0.5804890542979341,-3.336207787029208,1.6724636945556945,0.5445132224284427,-0.4927586013032733,0.634658046417721,0.11399358939169314,-0.3593208145864417,-4.180828618530114,-2.2227920636070713,0
2.0844019774256566,-1.201963794168175,-0.9488543332616333,-0.5222122265121455,-1.343712639745362,2.141240090746382,0.9717380125217053,-3.1959277691755164,-2.032676505036812,-2.806382313268876,0
0.39617049893106554,-1.3811313945395511,-0.2501107434355605,1.039090421976736,-0.7737748016719351,3.270274533168448,-0.5337147600446945,1.883445553900563,-1.877059158618125,-0.510121774602248,0
2.1669444392301322,2.6010083023024686,-3.628356319203556,2.1515410636950056,0.30061025591326085,0.8633289041074437,-0.3297911812454699,-1.8873850396118454,0.36781204483973196,-0.6323134445900429,0
-1.686703254665624,0.5321974845579268,-0.0927443955323104,-0.514091339179963,0.5194923913979632,2.524279231509478,-1.0643307126037362,2.856356375180848,-1.1432823431659878,-2.018964504008947,0
-3.8519903395067963,2.0577023665223093,-1.8052823273226921,1.984976882495215,-2.856492381290626,2.2401455726979864,-1.2227634232238758,1.889339466167185,2.117559588233192,-0.8528871081575435,0
1.9426214553953085,0.7494775313726368,-0.90826068536997,0.6010135264946271,2.153794131936873,2.1581266331976963,0.22727741267959795,-0.5845595324447105,-2.0269958566739983,-3.0608508558486722,1
-0.6079262227498953,2.2064880968974983,-2.3266107844816757,-1.8417597051832237,-0.3397917071246108,-1.6126004913306282,1.210226724912163,-2.1877563470845374,-0.5754165002105157,-2.451572285543609,0
0.28299825133251594,0.21499157706771185,-1.2345481066861028,-1.2485286823242678,-0.6136811519656805,2.822811848238641,-0.234259457201112,1.1151074284709737,-0.4604520145497968,-0.5046379128461119,0
-1.6243285131905667,-0.02790342427249537,-0.5867024348107409,1.132068339047842,-1.1986423676294167,-3.602671996481762,0.7681257118783844,-0.15727324769927098,-1.2745358566232876,0.4173039050636269,0
-4.32696716079634,4.013004781430608,-1.1056796403754037,-0.1905372897269811,0.6667690790031007,0.8267511381685955,-1.1890837073451495,2.720949157785838,2.3302843242355147,-2.1490526706039894,0
3.1216185489387462,-0.4064852458326091,-3.258677432496145,0.094761075861996,-1.523940195210639,0.65260052525084,0.3931363835222252,-1.613519758244803,-2.1832022067651495,0.8098094017933324,0
1.0471368800145495,-1.7624666355992458,-0.46647105038659076,1.4935711625578796,-0.8211592884389367,4.426299351097209,0.1767988850112951,1.5734801193730363,-2.765384764456873,-1.460754018647125,0
-2.075783114680102,-1.886661491012678,2.5474782182677833,-0.5093326504848509,-0.19744713479952303,-0.19528369467910167,0.2061867036845048,1.3373871078881352,-1.437050495780417,-1.3106888284495113,0
0.22912112297847484,2.692166855782834,-3.0760039596325424,-0.5212665973235866,-0.06125728800914665,-1.5399057620418597,0.105162305693403,-0.40237180842430786,0.8678753997099806,1.0128055762289825,0
-0.023478834440792747,-2.0739303641794353,0.7623174293009636,-1.0692089250694312,-0.7273173405804212,5.350523135437236,0.46948021799230283,3.9069140744856026,-1.291886128502388,0.1916196619438757,0
-2.774152252292356,1.6591314745345713,-1.0096185574280037,2.6128174737213055,-1.0662327778658638,-1.5196044622922946,-0.46421839632072315,-1.0331906430989248,-0.2647259104211568,-2.8904994878458115,0
2.7281303136351296,0.33316883955149373,-2.8527134477835263,1.612270121633628,-1.058015337887773,0.37013420859198676,0.8903085873913994,-1.5283353218271742,-0.45740125270699983,1.473855892450028,0
-1.2459067428787916,2.780520588307339,-2.044523348133521,-1.390095413249477,0.17222707336919907,-0.20981404391431868,2.382367358761519,-0.38219848817298174,0.6274830683910881,-1.8651182290760104,0
1.0468990095856483,0.06789563379941214,-0.40327499658235477,-0.644914616976277,1.557237923663119,-0.5787778404938129,-0.7415210597033679,-0.44927154744604225,-2.5394303049356104,-1.8385302372164676,1
1.8829884197680504,1.0093889157262115,-0.9770563796294228,-1.112332173668987,2.787619952003231,1.9968515429009734,-2.348966071854309,2.328788105939068,-1.0517334714014785,0.1933213917089791,1
-3.2561211540266752,0.8956075241255931,1.850863969809362,0.6200518676390839,1.5038009189018937,-3.0515924588299304,0.9225087966048213,-0.05586172962160063,-0.7185644174450676,-3.233968423446255,0
1.8191910674862266,-1.319358724231567,-1.696998421835916,0.3365175664517029,-1.9203687888991579,0.7913899243761382,-0.35036584441580504,-1.8585720133241357,-2.4850069025974317,-0.7282175134986018,0
2.6961043983302604,1.194998557923374,-3.5724957050489095,0.6903606245779114,-0.6439666803768829,0.26392230198811295,0.6510338582819997,-1.9214283317055978,-0.8136865403276456,0.3858982696769835,0
2.2250800424888055,1.1167565191135898,-1.593469562480476,0.7744747949256725,1.4686447318248812,0.3187071268296907,0.8634594763052582,-0.0671153931102142,-0.15113337673031035,0.8239230244200713,1
-1.3625086440521146,-0.07924582718083334,-0.5892957748952188,-0.24677313147089774,-1.2668180180552704,2.787340356158903,0.16417582279747392,1.6297370236657547,-0.744158031739947,-1.4781068718940107,0
-2.275311680962774,-0.0765380219145481,0.8694263386076011,0.38622537374498683,-0.4418838978383598,0.052763932069493036,0.1878424072711665,0.879121968693367,-0.33374050683369294,-1.580993615259165,0
-1.3332647107544582,-4.231410968365073,4.264611285589279,0.6224833345615618,-0.8216220218468995,-0.3772174351074238,2.007988106470156,1.6996840375974251,-1.4079507672888991,0.9466286398035537,0
0.6182793012313239,0.32738832918829924,-1.5655031507656634,-0.969679661217808,-0.9096217342455416,0.6184785605486272,0.6736795964459418,-0.4873432728122308,-0.4213261610893766,-0.02876355106065076,0
-1.0324399170827847,0.22654961963251183,-1.589733242247637,1.5566565676545774,-1.897206930618235,2.822951606506402,0.15179594887250042,0.8715114200010977,-0.9425923523275764,-1.7072371347874222,0
-0.2667672164336913,-3.519968930174541,4.254664107940217,0.12006389573147619,1.167650944841875,-1.3025990634373752,-0.7107439798880834,0.9242536664132468,-2.0321026302318406,0.03695057546527347,0
-1.9969156985379826,0.4802775321499906,-0.36436054296747944,-1.6334374113986085,-0.423112503297164,1.9999993513531176,0.9839061553329236,2.0919703122790727,-0.9027898691289354,-1.9562868641919675,1
2.22532666157392,0.32232404089607963,-0.12358367838653361,-1.0566791249071865,1.6097238641722542,1.2774863657444335,-0.13662660272656119,-0.39819742370532896,0.5147280573368811,0.39561145852420765,1
1.1939838378671983,-1.4361029885901682,-1.1784006990725637,-0.7803985784043481,-1.6343679470671926,-2.0753500159178095,1.2260863811690976,-1.2899182837854979,-2.381048502970711,1.0718999168395036,0
3.4588500609638446,-2.869896034490583,1.8885348200756553,1.424812186366273,1.629389654802403,2.8849883407481522,-2.3924848315411182,-2.6758458079292,-3.6853953007540317,-4.121011159854885,1
-1.1102089887225088,-3.4161420783053926,1.7299125005797462,-1.047532781037,-2.750734434332144,3.2750316522088037,1.6123121400237026,2.3987236945897266,-1.051039792596543,0.724291602204278,0
-1.6094830540526868,1.1105824516521525,-1.2676610966090878,0.6505926199637431,-1.596539071106854,1.8269478129227794,-0.26149246457602043,0.6234762070902837,0.9577756059504923,-0.8786781116027211,0
0.5583650675570618,-2.590263459408089,1.80603351004557,0.03931935677783195,0.800232709922805,1.5546776597363898,0.4239440390706323,1.2307580584635027,-3.5151216105076872,-1.7972359361140788,0
0.7458962785084557,3.4269457135476085,-3.5947164906255686,0.14409288329451225,-0.48187044616286057,1.3662480401381956,-1.249777316419508,-2.244906073620321,1.9547468927159302,-1.3880033322668537,0
-1.6681971964936064,-0.2560630728652081,-0.1582786756120821,-1.4711633827566035,-0.69858658282419,-2.882676265726272,0.6774129847324792,-0.695686206493949,-2.4400132777456554,-1.8270054680551935,0
2.001580985923933,1.74418734558652,-1.814729440072196,1.1992489984137564,1.9190567904105593,-1.2365666950516494,0.1995939230831895,-0.9083774431183747,-0.4026082245162128,0.18438751031404488,1
-4.227285853880564,1.4892623691777145,-0.46806300193527983,-0.5277355708678508,-2.0331782143501895,-0.53024927956443,-1.155645109293048,0.22848909791947203,0.8389390765997955,-2.3951388259998385,0
-3.063176103280129,-2.205418276589189,1.4122458838029481,-0.5418230612713224,-3.525422332659221,0.4540430260739319,-0.3409391805567655,0.2739986232743441,-0.6497411989875435,-1.067079670687861,0
3.0237034410945816,2.811248224820295,-3.5447609706914553,-0.5610406463635863,1.1956294395810572,-0.3092357942777547,-0.20629862925865855,-3.861062206627672,-0.2732613654263112,-1.9953322458534022,0
-1.1955793925764158,-0.7516543107704049,1.8181090450080952,0.30046682230585875,1.7183721886293628,0.8351406347392245,-0.8777212803217245,2.5383211265488224,-1.8456474517713493,-1.6628298465640143,0
-0.6313934492817412,-3.274476819380629,1.1882402012100879,-0.39474962033530625,-2.623993119993823,2.4280853001014053,-0.8556789665258027,0.8674649443436167,-2.2671938082399308,-0.7347021805949512,0
-5.029145986313341,1.5325779838014328,-1.1807656727753373,1.74127205621912,-4.180538516829492,0.8588313940169393,-0.6078422064264841,0.5707983557127599,2.3545566161393676,-1.354866563833407,0
0.4378451008409642,0.4196836838916628,-1.068691223932797,-0.17220774315528867,-0.30308559364736887,-2.1063909979081528,-1.6783940421431534,-1.6812028482483483,-0.7717608645222033,-0.2249959219399036,0
-2.1064257729411384,-0.43290947289752113,0.8376295593574201,-0.5557204621493641,-0.9192227133402066,0.33116076578490306,0.6974810908111866,1.1337663432408742,-0.09808218571419225,-0.7614116930526982,0
2.028161715450052,-0.7158504006212105,-0.39251302276418365,-0.12698643427991477,1.6831947865690826,1.7441198535149935,1.0745586084459862,2.1053482906917362,-2.32851563264787,0.4609660725050637,1
-3.3810633829466763,-1.841212196507445,3.1783729418758204,0.5404568047891768,-1.265796917061061,-2.4659792118629618,-1.0495464594818074,-0.004587663355329008,-0.08831708175956976,-0.8253968536814331,0
0.42432718564674893,-2.8386733618101276,1.5564610471357496,1.4620718816687674,-0.27755595124516885,1.1037411125180672,0.17439563737789976,2.30191286919048,-2.136188930071606,1.2510607499107587,1
-1.6302415823484535,-1.9173118587687286,2.4165345672068512,0.8625047333686432,-0.0674428605725319,0.12292432528654496,0.3535658378908127,1.5561008046618416,-1.3141741902252935,-0.8089186618460926,0
-4.663712087152291,2.101034712094932,0.25803713892351743,1.0905681467828723,-0.7940177618475462,-3.003098515125523,-1.7548290597350802,-1.1779111881595044,0.719372175287359,-3.6247319762495978,0
-1.7745372130455193,-2.016379642040702,1.2348077658658785,-0.08417532534112314,-1.6522652273763696,2.9284388098671252,-0.10668238449302246,2.164519971792511,-1.5609268184560654,-1.4144214807603446,0
2.3421943984453946,-0.07816633996354702,-1.1953421424809765,0.7543687259322099,0.10779875300706543,0.09546632112010522,-0.4305092895923585,-0.6677958712382919,-0.038319338404804615,1.7443623714786487,1
-3.891170523226806,0.2000045976985847,0.7114282203551323,1.3228182691504213,-1.4980591077822878,-0.1855200813815412,-0.25361847894695383,1.051242518212857,-0.20205508637527247,-2.277370000856264,0
4.084939282317422,-1.0209775010910804,-3.0078988858542623,1.051556183810413,-2.106337826656917,3.5168493654964332,1.3966531659343415,-3.5804183251627184,-2.224542737043496,-1.6347581940487101,0
-0.4370524975841143,-4.416743843239482,3.6592756198906358,-0.8402045788388466,-1.326697836947865,-0.4895540047285607,-0.7377225877568429,-0.3064782956911407,-2.1583680817841726,-0.21146377498093205,0
3.3253502161522857,-0.33063132167432585,-2.83620615113087,1.172863523008714,-1.5694688241739319,1.1496448775617285,-0.5477168588996667,-3.331400171244911,-1.5753298291908955,-0.5916891923189435,0
-1.5601842400192687,0.024930359510414127,-0.3344864599757009,0.6602178051358282,-1.1366765578216935,2.1593116271856996,-0.4933103829559084,1.211424208154244,-0.5445123127516682,-1.6433354329242829,0
-3.969157067394896,-1.1487323402315202,0.6368202579438034,-0.8918590703814177,-2.8692301536552485,-1.918505801485331,0.7262101547619811,0.9664065008855673,-1.5039134525966604,-1.0076315522069939,0
0.4916366817169997,-1.9025127213632353,0.10303390927403844,0.9769289028134742,-0.7171329648425201,5.534607243480945,0.16978511645475586,4.135712573170607,-1.4986328079431712,0.663558862207773,0
-0.21318282265808078,1.3112901530821939,-1.1137676564188794,-0.9695387122359751,-0.3697277791671383,-1.4121979052514597,-0.21618346419372722,-3.2358127708198783,-0.1737275926584375,-2.708029952828455,0
2.6346538212342616,-1.5806014805946462,-0.4541556919361154,-0.2845041046514092,0.4316755403123451,2.6088566975297276,-0.6367436229388083,1.7668167911932018,-1.806916757291036,1.586994520066586,1
-2.790555214845479,-0.35007139096376394,0.7838958264398386,1.9259273205022611,-0.831987253868541,2.6486376260360434,0.4839119423794722,3.0030556787280016,-0.50951553470619,-1.6093054671702989,0
-2.619077335762547,3.4946137500171255,-1.6261480529656414,-0.6966193250457676,0.41921426770919235,-2.660605954416046,-0.22358637314075414,-0.7898572547589653,1.1822662882819928,-1.9879105209759143,0
0.16632936077337163,1.554154215207592,-1.2168935142455322,-0.8169057463704911,1.599476411227496,0.2707516789498726,0.2821637386138324,0.6368172816389255,-1.111536820547565,-1.584739993420885,1
-0.2447760274771454,1.4627062026967712,-2.079429455352498,0.38160842039535703,-0.7777508971003849,-0.6467237191205022,0.723399637957637,-1.6055407711361682,-0.4740569834484949,-1.6059130359594131,0
-3.6978107143673418,1.2752011702652488,-0.014595839958838619,0.1780105259259068,-0.6754970125941482,-4.009963066485172,1.1078403000269388,0.547644535615702,0.07960335639859473,-0.4844173240313385,0
-1.3752391162497166,-3.129559554077039,3.0343542771106895,0.149917703057852,-0.7331264168954967,-0.5943746979872313,-1.1646102737259711,0.6675056408907758,-2.0309247986623453,-0.7591353414563582,0
-0.8757567496421751,-2.668906089190712,1.944681452722663,0.49065968072538757,-1.7795786743231705,0.1560480905104603,-1.8346883504522455,-0.42954663306399143,-1.1486346523181235,-0.5986043663627613,0
2.5812883251044942,-2.1301354942707063,0.4465536622995645,-0.6982100823370282,1.5894193555658256,4.047280619830859,1.465726412989435,3.5177759832658766,-2.8671029424036027,0.8700376141403035,1
-0.7787364372006186,2.0332160365386645,-2.2570751862440748,0.4854617229245677,-0.2584016635568739,-2.422684760245187,-1.0354918619629307,-1.6007794880144437,-0.8967019071594604,-1.7339737226248984,0
-3.277960586728871,0.9889080077316037,0.07152504985434427,-0.31539441347505376,-0.8361322730658595,-0.5145599079666537,-0.7962808003854571,-0.4346914209924797,-0.6638249366153134,-3.838348442542047,0
-2.8095259501515715,2.175570570772411,-1.2565047313904567,0.6672623472649369,0.8759040996907396,-1.8741484297730375,0.36220855263974167,2.2470599494332704,-1.4166658599916322,-1.6070056601896248,1
3.000778261721358,-1.6492746803780185,-0.7883272971644957,0.3978444155207086,0.22913711935900605,2.721368523088918,-0.29478750324807973,1.6231381424091125,-1.9331580970735343,1.820093329513945,1
-4.015495717139977,0.5974759519090038,1.2351851322179632,1.993957654956412,-0.8833021898988589,-4.037645459080078,0.15774739668577187,-1.7039992001619224,-0.2647083854567617,-3.0711508721454157,0
2.6260648039017576,-0.995460092756167,-0.22824163619526727,-0.21662164208216775,0.5488272632432,0.6100872596350514,-0.08348174807542144,-2.6450772667223204,-2.1046887824016016,-1.9386821486715495,1
-0.4984883346751011,-0.4355008437876513,-0.3565580698742039,-0.38195628752832805,-0.18403469484769408,5.075223522261303,0.7508102388516071,3.647514635369416,-1.2034792547755737,-1.0538753216954853,0
-1.094509218763049,1.8615498985107877,-2.240471683997444,0.3169169869883981,-0.825943353814083,-1.8241400023052101,0.7413738924773331,-0.5948360069411371,-0.18287746447323616,-0.5314569602563541,0
-2.5587410800497765,-0.2988701507420024,0.9185554767694981,0.6726451120470253,-0.3770479908992813,-3.6565809719428883,0.6672719921988349,0.3972910880003333,-1.2152876084379718,-0.4490684491610937,0
-4.039942448443587,-0.00024040081435129724,1.5300704864921855,0.6152452623203697,-1.0378951309333369,-3.2381778580034934,-0.3863476271605023,-0.5464231809250198,-0.46056938820307003,-2.3915323397045327,0
1.4593131282559493,-2.521154796629323,1.4092010089939064,2.5453827884151843,0.32356985874197686,-1.927228162972348,0.03980750314788466,-2.102215729175785,-3.3187609875179813,-1.3222859783161063,1
-2.8112416004736454,1.485540083151579,-1.094932290205691,0.24729405348683148,-0.7243661713642706,3.274310327060114,-0.7609429805669716,2.521281655674918,-0.35082796218179313,-2.911190825345802,0
-1.6053077623423262,-0.8586549857112622,0.9510506273878201,-0.5622991848948815,-0.45001215493705493,1.0651815734905086,0.743824460633133,1.5936437151198288,-1.0886594992102545,-1.2094983250544982,0
-1.2708006847055058,-0.8343514815230856,0.6223059381325144,0.9282946120337436,-0.880851813393106,-1.2162273209777354,-0.5102406217713283,-0.6838602605573099,-1.4260974338970476,-1.537805088666551,0
1.2274355561270924,-4.041459954657122,3.5005006832757464,-0.5706986705310843,1.6885289642657448,1.2733261805985752,-0.4908839576607589,2.0336677896695075,-3.856624920625089,-0.5766556623728332,0
0.684905437081111,2.851550221216729,-3.1101672412743,-1.1415490674244095,0.9191675914424651,-1.2879571415515645,0.18967154398933594,-1.520966361408378,-0.7598137579496546,-1.6928487260991063,0
-0.5131578196790535,0.24402554796416157,-0.5744494450385426,0.38568916486149896,-0.7683232675410889,1.8476787125902407,0.4843517014727856,-1.7201001181245599,-1.2677375286776877,-4.083710742496496,0
-0.22357722462915483,0.23323414426020866,0.14278533556103556,-0.2555653103707719,0.7493520607924844,-0.4953553491753584,-1.193627213107529,0.3593444388310396,-0.5830210328867608,-0.5166005466810467,1
2.0987833328147403,3.4166598812518347,-1.8914292898369842,-0.3344428919978231,4.348450359045426,2.365247977629769,-1.060839308951721,2.0921335480221424,0.7931733203145459,-0.2547038729750326,1
-2.2610458403469673,-0.20353510531022873,0.3942186355306323,0.10994853833327911,-1.322938423611341,-2.2226665356197834,1.0245681639858102,-0.7724584882707713,-0.701396808697534,-1.320534100295678,0
-1.0959153525499232,-0.3314786292958903,0.7643936224166746,-0.6663329518217799,-0.0502483220620753,-0.37079980718826455,1.3410338589611683,0.22020774830880363,-0.5833126838592014,-1.0496232605389246,1
1.785027070474911,-3.143743912679204,-0.8923974987528092,-0.6117020747295147,-2.9329915641382507,-0.8235256879460496,0.8950964627412832,-2.3233057843929696,-3.9346242379669754,-0.12191371511829396,0
-0.19217211658238217,-4.521692769346249,4.2062324154292305,0.44240676382570304,-0.10976219566705436,-1.3035927737415594,-0.16394982214928464,0.4107953196948966,-2.6875650171190792,0.17583249034576642,0
7.247442384278809,-5.087763329308303,3.345247196608676,-1.203475655250068,1.8737103691723047,2.529341951102643,0.7775357723291906,-4.756293940359294,-2.19102663641677,-0.3925203707057986,1
3.41817085133206,-3.37169346293988,2.1827942534947864,-0.7219477163447218,0.9484770045401395,-0.2363028440183519,-1.0873414349244748,-2.8172567957474026,-2.710984117291303,-0.8510529748665049,1
-4.540664495749058,1.1235472441925995,-0.02446589969284574,-0.7930840915432718,-1.6563140463697132,-2.616060802633722,1.0638003508787186,-0.24768159482405883,-0.4269475699708577,-2.8818117210241,0
4.544365218437475,2.3707420780154984,-2.951761642146281,-0.06358339492155138,3.7570244380036724,-0.1311007025910116,-1.0193614869856649,-1.4982552360454249,-1.5707091661086108,-0.6152700498520136,1
0.0013309245745094466,-3.1484636976383373,1.9564641068963384,-0.44705443596606326,-0.500914622100796,2.5419655268792707,-0.11882084272908042,2.0111332168642257,-2.684985462044329,-0.7024230778726909,0
2.511719551059943,-1.1710311804891247,-1.7796748000698301,-1.5640801889116511,-1.115007646095738,-0.4155560115854412,-0.0030424874328074253,-2.1240269913728547,-2.7731116211205444,-0.17731766415375694,0
-1.2016814401524387,-1.8503784154700773,0.4920894502173323,-0.11327475327815528,-2.2200551160863773,2.927035086670759,0.9739566935459205,1.4372901089682517,-1.238778129128662,-0.9435618657063717,0
3.4898987617694854,-2.489808807944105,2.0864267569123536,-0.926717162470084,0.8243106821339807,2.940223554834195,0.16267307156039604,-2.381591301138566,-0.12872154006175918,-0.7315874772369416,1
1.4253241025858236,0.7443039067346224,-1.4175434074211526,0.23378429633655878,2.044213492288859,2.3589755437835276,-1.8056332916225448,3.439396119427804,-1.5378967918279336,0.7555966097435025,1
0.5877495453799472,0.06680545746613248,-0.5622864109216266,-0.8558815063776325,1.4548902124598369,0.6111783303051408,1.5013625048202333,2.6287154176901066,-1.7977508080329647,0.5745224253946496,1
4.1396821366394025,-5.132753732211397,4.087143524936355,-2.55053622892236,1.000406086837413,0.3888756822350099,-0.5260759075166689,-3.064639369435451,-2.3923151424224587,-0.1580481885074012,1
0.02637974198910333,0.756623629365903,-1.304453693849708,2.4056796744394484,-0.42320976180251146,-1.0263245214810168,-0.4390110142743279,-2.1396391847310605,-1.2158797326896238,-2.2185868737886896,0
-2.111022693124252,-0.08247776777443284,1.0968623778139368,0.27533056113181104,-0.21325850558273196,-1.177090828984241,-0.7622500333233032,0.17275813594070877,-0.22983570344140136,-1.3347171448051767,0
1.1001935811734238,-3.4971347142542273,3.174588669117919,0.24463442052791423,-0.25270594071996877,1.4108112449302403,0.47249556334278153,-1.7956019281028994,-1.515948227421395,-1.7936327310412739,1
2.1367109285688977,1.9118031651299487,-3.7626360513002353,-1.0027775566374793,-0.7015056848696233,-0.13999295072416407,0.4458979848066523,-2.5790086315088763,-0.26713223398558916,-0.32709167929438643,0
-2.685374240983851,-2.0226733558488403,1.7533547487702101,1.691650408397664,-2.258483189224038,-0.5644724241528103,-1.1969379266681042,-0.48613768861071716,-1.580623206656227,-2.286639515638214,0
-1.3839567318106214,-0.5608963871915026,0.4144164610571761,0.48145410581314085,-0.9330101400505346,2.0096773370314844,1.568146705571757,2.067437020578226,-0.020280210542372945,-0.0934234953961448,0
0.5535295360508651,-3.1540748377684196,1.1041491545661166,0.5056925012974529,-1.4233611770925219,4.031186204550982,2.195973052895957,2.2748060002122026,-2.0716411626748883,0.2033853816873692,0
-0.6933400997541034,2.3732163621683204,-0.9980246814060325,-0.08054367303887512,1.751583859014276,1.1830424920125127,1.0659650683253792,2.109415879976442,0.9339151929863756,-0.4270024993079794,1
-2.590797306380129,0.536332125230976,0.2147233998813165,-1.7627069900416041,-0.6052882891215375,1.4906284027857375,-0.1352705407042644,2.3761834793135113,0.38006137807610907,-0.9028228090987823,0
-2.5586231849280545,0.4395208112323665,-0.477610147367972,0.07019779152450324,-1.8034518597396836,-1.5456404514746427,-0.6358858978834613,-0.7938919803071066,-0.5553022369190461,-1.853883766435283,0
-1.352626090410476,2.7052906807936683,-1.4412717206194765,1.0108276976651238,0.5463579117380797,-2.880951528706346,0.3762049997251888,-1.3261536704873942,0.79198710437602,-1.1905480382080198,0
-0.43224472864043767,0.3971892055769465,-1.1595118785165883,1.0005483257015377,-0.9797534424810012,-3.5725550761026383,0.7431973449249332,-1.7010055588069672,-0.8723310112720913,0.1986343741350478,0
0.2839797149784894,-3.046006611237279,2.179338484305621,-0.3592000877666557,-0.3890675258741443,2.1392342259918444,0.15191886375680877,2.0306241782783228,-1.5101553148964388,0.6851787575810326,0
-3.431196456160202,2.223794230759568,-0.6381561011357718,-0.3124135638311119,-0.15511318508711813,-3.0880388137030286,-0.6192761692867904,0.5782672123786852,0.5981821448482012,-0.9687707368546158,0
-1.6539529676634386,3.4691388731737756,-2.667862644787257,0.66861033539399,0.0480641438652778,0.11610908041956236,-0.7696169002835214,1.2251647627560471,1.6493885963429706,-0.2158981332902684,0
-3.3819124321834826,2.305971593272267,0.15030643285062295,-1.0969280916615103,1.462064049971909,-0.11252289275664551,0.8070605622085191,2.4734311623536653,0.22265361742175505,-2.4299491527381933,0
-2.6940779436217515,-2.232848809450279,2.2755296891006496,-0.6558259447427762,-1.831638633710103,-1.788577867813401,0.4138317384839156,-0.4313118954204551,-1.5900662863832888,-1.6322200499006492,0
5.956245442905277,-2.9244012085171383,1.5087269618221604,0.41102105489233554,2.267685830084915,2.121264534422279,0.40411571098651927,-3.3874812838159882,-2.350062472994184,-0.9878589731064017,1
3.5438856479504732,-5.395092186303269,1.3560220027050933,-1.658113254578297,0.022212764090083326,5.000872221832538,-0.5145535836545869,3.8811284002562068,-5.483137461375266,1.4385633166998677,1
3.6104436461405736,-2.142594958710415,0.7751993194871329,-1.2683643786146133,1.370663503005806,1.4233500999108397,0.7531312855941531,-2.861036665516534,-3.3953166622090403,-2.8968378465746056,1
0.02697060691942417,-1.1350135048458643,1.1851046417088529,-0.38785452380937296,0.5934115391356842,0.23764646638562148,-0.04799453159933417,0.8452408576422994,-1.162668450005263,-0.28709084092334414,0
-0.7985659594676383,-1.7640154686329252,1.5898260051606534,0.629718724118924,-0.5965935959416181,0.03235156681222673,-0.09042410067529387,0.5588903878721824,-1.0472751098112645,-0.32988677570857083,0
0.5919424373954277,3.2280786036696907,-3.3473990798367055,0.3119850711831046,0.26643967991189865,-1.5773833277443834,-0.2058321335650172,-2.127111395632059,0.6711569200221179,-0.7948617716999944,0
-5.130139239078512,3.4442949507746907,-0.8447384657148895,-0.17530181643194626,-0.42010100275837947,-1.9421071934248912,-0.06685285755151667,0.535453261342266,1.3212620682925893,-3.228994657023224,0
-4.014980517027211,1.0980702035937735,0.5113110614060097,-0.1618227592863318,-0.36978594028969514,-5.118946279669737,-0.9764336691887306,0.30062010182175425,-0.2750545046873921,-0.7390831036107106,0
-0.17723758830618136,-2.4043615427721305,0.6200134246676444,-2.075146966167788,-1.7671218322523217,1.968425819022007,-0.5700114985742541,-0.4103176138510114,-2.827890145386098,-2.3884439693434505,0
-1.1100586678435014,-0.5733745135265742,1.53530991800748,-1.7289756002047878,0.7479179666943121,-1.5452678831718134,-1.298814858264458,0.24616433719766473,-0.8743137957753189,-0.9134896071334451,0
1.2973710572393309,-2.0666329263382703,2.657397807704128,-0.6810096727739703,0.39635720219894344,0.7270161994698361,-1.145022237757557,-0.4320153337329633,1.3930316516371426,1.7043191778214517,1
0.7713394175553414,1.412407150570147,-1.7350254263287093,-0.11792437954886442,2.5185856461982272,0.1102256252164936,0.7521329079821167,2.8546453019438087,-2.407863773397068,-0.0979717741784849,1
3.995244145827143,-4.29699209023137,4.331217769437176,-0.7378551296404019,1.7008048490099585,2.269866887343292,-0.5813900212799901,-1.6461382505402615,-0.3845412065336181,0.6608073858575563,1
1.4709933840766252,-5.017844971573945,3.9702299153497176,-0.9243634400641593,-0.10210030290966343,-2.079552886001984,-1.268797912528891,-1.5980570572435364,-3.1591404040677284,0.25470696135932824,0
-0.7106693556422764,-0.6746250837423278,-1.1062466888903986,-0.09475314631534462,-1.8600174506432614,-2.339432079810427,1.1461704509257484,0.6635745260647399,-1.3381645886056415,1.9069506630635877,0
-0.7999710078542626,-3.485553818814861,1.754926980259245,-1.672670384724001,-1.815514633144069,3.2310895956043675,0.058040302064240386,2.5076273814575725,-2.5757926993040297,-0.532022737251532,0
0.7237632374002052,-4.688731995620047,1.7180094462207456,-1.4585764078459824,-2.732143283558378,3.2783503366658118,0.11939225039419937,0.7626310719705899,-2.935296896127345,-0.061241447868285004,0
-2.902148089793319,1.1381348722593791,0.5300908731123897,-1.1104545309994642,-0.2108865969984044,-1.795514897196186,1.1279361599938218,-1.7209001424865704,-0.3363960637347466,-4.043610085704573,0
4.160034770454259,-1.0849555495555192,-3.8618655505977633,-0.1672866771511124,-2.3034563352607753,3.5381328856702514,-0.1728964351408084,-2.3145190083083476,-3.2688474200605246,-0.9133316492401712,0
4.22064117907215,-3.458893476976427,2.2893707562468633,0.4696844810908235,1.0785726759651455,0.2568809944770397,0.7984514218594542,-3.1413979132341154,-1.9281969537106973,-0.12754252399489163,1
0.09234937354633256,-1.9343019561016868,0.18373461154448723,-0.3425124079994532,-1.1297822492526184,2.8445227978316616,-2.2979125327857317,0.9593266362077715,-2.703195134516137,-1.7434887592496469,0
1.9609602219574065,-2.7964804615987444,1.023146919964668,0.46950248118984517,0.26739167768203886,2.6663264220435607,-0.4496841232973195,1.7195649737006045,-2.5556256613471957,0.576962372049282,0
-2.8286391193164246,1.6548746850282536,-1.219730272863353,1.4476799904711186,-0.8700569089814749,1.5003137094775272,0.3136227104842696,1.1093840236128936,-0.46547133466784674,-3.1549605305249173,0
1.3375269332029265,0.6533051241124281,-1.0824774730311304,-1.2298289051540876,1.369864259518198,1.5470416358002794,-0.5091445494369005,2.0242145138552177,-0.43358093815324483,1.0748902808366854,1
-1.0674342372316272,-1.098823964807226,-0.3987728605908394,1.5106929323381741,-2.8231021669935377,0.9829177284317575,0.1475975688331556,-0.42755180780111135,-0.566826239015713,-0.6017031466175331,0
-0.34356647789276956,1.5265581338266108,0.024476047267519396,-2.248130866063321,0.5526654053595523,0.6382842461811513,0.03700668026731429,-3.9013020026434324,0.4825463878741709,-5.124776607942895,0
-1.3449056207895802,-2.5190263341724846,0.6297323425534248,-0.17552806259704828,-2.7205678542182725,4.560513678191137,-2.096914179225179,3.09478639040721,-1.338047044237502,-0.1507560914546443,0
3.654378734532623,-1.1335680146658293,-2.766473773341965,1.5618701206560597,-1.3710630643855735,-1.884318725312627,-0.5461830127271224,-2.6567527007352743,-2.8301424986655253,1.6779321540083902,0
3.0796334597184414,0.4449198784374451,-0.471091187073192,0.41810653819691085,1.3275356247004222,2.9989203008767316,-0.28504756501661865,-1.2092491114730257,1.255221406340707,0.022302811924605814,1
-1.3012164965178943,-0.25143697714047347,-0.0732435477737059,0.6115839257817424,-1.0439326828728888,0.7214033968863394,-0.9435321166459417,0.18973896880296715,-0.8907509896530873,-1.6541122852534034,0
-3.3247393300877683,-0.442392852246104,1.0545776089159922,1.7631749293726693,-1.8771135262847412,-0.21097960524393655,0.477527911111184,0.9761139066400102,0.40970721937195154,-0.8676315364108652,0
0.47290873049170146,-4.033146422228406,1.812405517100919,-0.9362342057574482,-2.0781437904686713,1.5318494738017854,0.6506049536314097,-0.09441282269246498,-2.758703866930153,-0.43645825321921783,0
-2.2688892141024515,-2.298686261552741,0.6569254165444842,1.6338702782782046,-3.6441486492654693,1.622543489601815,-1.0206019727813198,-0.0500627909806044,-1.6518931324321127,-1.983631098498528,0
-0.28741299761905914,-0.4221388864125172,-1.7045560733012952,0.03756046741981141,-1.2650440016481372,-1.6899856183796877,-0.43482462107457687,0.8899738602844578,-2.5962466052916637,0.7647390163081347,0
3.8807697715992506,-2.6941725326865282,-1.4857455374922532,0.795630872768148,-2.043775178591071,2.8527657457699016,0.08196920466383607,-2.506984640531215,-3.1546500920517393,-0.6739430715386727,0
-0.496464938598333,0.10889707198197619,-0.711593517037389,-1.531460426522707,-0.6174480408540092,1.8629633008915305,0.3752015749164665,0.6328817594704192,-0.8854005302945845,-1.4723854315231861,0
-1.2627573507018746,0.1069900762794599,-0.3525238767127523,-1.1987042316779504,-1.0680192086372893,4.073471223225944,0.46870296724940946,3.407705634986521,1.0464477652520379,0.7008403127507643,1
2.6844823775122575,-0.6261604972538636,-1.0456308289067042,1.0196364906693178,1.4393924968685599,0.8098346206883609,-0.16091672665482043,0.9370644370738468,-2.679556948853328,0.5264469437936962,1
-0.4930805546413237,-0.48798978240448015,-1.8072001118348444,-1.5055651850946052,-2.480841850985936,0.22903051185626788,-0.9983321365724712,0.17618076069297062,-1.5653417296373577,0.06436923717253507,0
4.571961604193402,-1.1943627879655534,-1.6078918390189576,-0.23800619073045068,-0.4282812178718134,1.9292664461175009,-0.0016773171336001585,-1.373506792206963,-0.35754335365372514,2.56103104753974,1
-2.212881936137002,-0.6526283730383943,1.3115261837220595,2.3104592747303716,-0.8813413262863997,-0.37475571480461545,-1.1401611393658972,0.11831839451434656,-0.3307323365939344,-1.5682844643345293,0
2.0424575571135954,0.9289421825091901,-2.4613080646612144,0.5171048387074789,0.5952668060787575,0.124523204753765,0.44315998584792593,0.6901640572432177,-0.886072901831572,1.6009049439001317,1
5.431825121822776,-2.3162353995305076,1.4201242218952728,0.6219137002084548,2.1853747143270628,2.0972972667655556,1.100927921666182,-2.67441074736029,-0.9919268934410622,0.10872778230752678,1
-2.2767155963078376,0.9476214436894275,-0.6026483165671961,-1.263559944602884,-1.4351168453764702,-3.4494198987535123,0.21706958064802997,-1.463276879969704,0.23696470688872728,-0.6647369406284127,0
1.9712877710356433,-2.6646957595483425,1.151679340988672,0.2922526095762693,0.2993218005818563,3.08480772462392,0.13684600798785523,1.3877418286936725,-2.1482217710755194,0.2129323401828369,0
-4.1882461233991135,2.356315835619039,-2.236285815793494,1.1103071757481227,-2.530049564252903,4.1570897986517785,0.12996187156911543,3.145676003460406,1.1662497914793608,-2.26952740592514,0
-2.9918029322888016,0.19854213798217837,0.8290894421524995,-2.352437445629478,-0.5910556255754267,-2.654861262519817,0.2385626729294424,-0.70838161146273,-1.0254573773552702,-2.5706721725629933,0
0.6851284405778213,0.9782773114998353,-1.6932557348474515,-0.4574906044953215,0.7833770253782788,-0.48339279159751025,-0.8831624100244786,-1.1510156881267246,-2.455535668991529,-2.6386846259395447,1
0.5416932942331147,-2.835271615855319,2.0955536709754656,-0.5765909254858096,0.11289993087360273,0.8541732835576685,1.6716116926603666,0.6408194972571496,-2.3624997384244866,-0.5611021553361124,1
2.1129710688834424,1.7636380880274816,-2.1261520016391895,-0.07914502627079792,2.725081014143547,1.8288501863903242,-0.07831368342943493,2.331713080288483,-1.1344173419885182,0.38098829033904114,1
-2.6993561440367695,-0.5095550242765532,-0.4137316273644346,1.0446971683681423,-2.244528768062994,-3.706310260650823,-2.388974074352737,-0.7243394459420651,-2.197385657845407,-1.1549855741763146,0
1.0978683108435012,1.6045869973349394,-2.7645506293422937,-0.8760233044568659,-0.585180721452131,1.326731253343513,-0.3592987245190305,-1.1370105556470993,0.019874514560039414,-0.8209287283487894,0
-2.1847664527740838,0.7232095580998219,-0.773816056173749,-0.3723871854226452,-0.8228407274374091,1.4628229875541046,-1.4672723981921136,0.7380772591381588,-1.4125449075590422,-3.330922651612906,0
0.08920634461673345,-3.6440050600671774,2.063723789439785,-0.9021663615047605,-1.0701242615446585,3.1730068228945667,1.0088861367667623,2.298588199091375,-2.493046141729235,-0.12521820634291725,0
1.1199602679788871,0.12049158442304446,0.632532710134782,0.40588646541969775,1.0578631353817924,3.2551460831189285,-2.2551457211251944,-0.022092865965372965,1.0781129243884977,-0.9843727766665455,1
0.02650106701670531,-4.680078410837115,2.300969980109689,-0.17992915293206393,-3.040525274579786,0.42003884854339113,2.089714963125961,-1.0537940548435567,-2.6104157467321483,-0.23783275121864933,0
-0.9521703157601943,3.789402710901425,-2.3572292313897605,0.6282460676542554,0.882609793653478,-1.6204681031084052,-0.4576511855575566,-2.7730927881996448,0.6416623586443451,-3.669281707033535,0
-1.3871374835946377,-0.05914429498530404,0.5752727100051956,-0.43115506641736445,0.11841917079082953,0.27247375492034365,-0.002526660847787268,0.602821894592398,-0.9364269530271951,-1.8624367271605078,0
1.5657760524120448,-3.7912625829641855,1.3892025728761834,-1.172288152404672,-0.8487138329225116,2.5405314778159336,-0.05400720191925828,0.9058598558843386,-3.420394022775337,-0.28208467670324144,0
-3.496868594348853,2.5268163210514087,-0.5003039260393134,-0.3499078304742111,0.07894637036854713,-1.1144926642646142,0.8246903502108671,0.5448517869259397,0.9428012467620968,-2.4137934917130144,0
1.9723768026105064,-2.173229936092583,-2.3854255662081685,-0.5367864711552751,-3.4522544667740402,3.080817571193553,1.6585920158136227,0.1744551713859268,-2.4459338144237055,1.1414528686921006,0
0.2792728812621368,-0.19355580469411648,-0.4307193553701526,0.5632977958646477,0.256853732534741,0.41691223376909736,-0.8216016726404797,1.9872592976886099,-0.6067436952531351,1.4557259476000561,1
0.8394053854650265,-2.927403067908365,1.941164287586898,-0.4691712569993284,0.7549157617457221,3.028925132631544,0.7952491673672779,2.500172127822401,-3.087346700299322,-0.8039669262641487,0
-0.4091246015553694,-3.1495373073593367,2.115453163950165,-0.7637695011880145,-0.9674739084020574,2.4992494961656453,0.3453095561647705,1.952576176369802,-2.013656787073268,-0.3743589336271961,0
-1.9711362636446745,2.877553082055435,-1.2847770713721043,-0.12233105223870894,0.47942870182292796,-1.1535116837056432,0.2632912480718034,-0.8257101717676385,0.8708702284438024,-2.498693522539612,0
-1.7540532845911596,0.49206742658178976,-0.19967523280433364,0.04431868307244914,-1.2936021575930614,0.5722629112469335,-1.8147617871278494,-1.8104254631013839,-0.37744128467147164,-3.694311562905041,0
-2.1923087617747754,0.38568312289219076,1.5790364171815132,0.8076608876780496,1.7857335905065246,-1.2197636252393718,-0.3092842933129496,0.8651516805977834,-1.5013724117431202,-3.0631482983153795,0
-2.034956858901969,-0.4450146551827233,0.6714291513441246,0.5220455362447083,-0.6049267088988074,0.8845520549555005,0.4303095645066175,0.999168766042632,-1.2606156798113892,-2.274885759259843,1
-3.230838425576854,-1.9550052187362477,2.245807329202999,-0.8532259807575766,-2.158609898991348,-2.3720575354283184,-0.49955522737033137,-1.111014540681329,-1.348230306585235,-2.169996557804165,0
0.11144863167182156,-2.1377040706378048,-0.9573388862436012,1.1714012402126184,-3.512388495710797,-0.4182765604808738,-0.31616157664040295,-0.26569953941739344,-1.414429813450049,1.8860393361217302,0
0.5846141284879589,3.8233154921479926,-3.212120622314274,-3.4275751017552896,0.9805891720223792,2.7380998134620724,0.396533079279509,-1.7779593929297834,0.8584842769260084,-3.916542773738049,0
0.6058918871183245,-3.791580386842826,0.9179141365024925,-0.43163643408593794,-2.867109079079932,-0.5853209142028827,0.9462932468295944,-2.1575636541088885,-3.341935945637577,-0.8756363104283922,0
-0.20213239690379634,0.7499486241515352,-1.13516614073072,1.6004017554481238,-0.4861632742190338,-0.9495924158043483,-0.0688549928182328,-1.2039160118024141,-0.49742557210928695,-0.9951955759016525,0
3.1264227012232855,0.6651648058904027,-3.2241401266741647,0.2276393992468176,-0.34643809543660953,-0.38997216970072734,-0.6404499757293803,-0.5556221920414985,-0.5232053094915131,2.8354243297398365,0
5.303331210540364,-5.234412166595534,3.6766831809981713,-0.23634162312103854,1.7016712380544914,1.542458381191791,0.18631993582022166,-3.827528956123252,-3.9261592306413644,-2.0410955021674204,1
0.49602806592459237,-3.6665019133898546,2.2449289023051486,-1.2416200616581716,-0.7204447361847915,2.1321010285363897,1.0316231128716402,1.3116461091424894,-2.6090165510588452,-0.2692067390101114,0
1.7509110724906813,-5.4454771677493845,1.5195389047045234,0.9046574819098411,-2.4918008208811373,5.7477856216284735,-0.46932818131755216,2.3158602317098405,-3.9644151917941763,0.16585918361975693,0
-0.22112088383313616,4.87967232371528,-2.154118570406185,0.3453161945753811,3.9675881221705427,-1.0824158686927725,-0.9609790608472337,1.3179023017302394,1.5784534345179027,-0.6716191571185495,1
-3.8015597034608595,-0.6280196932551769,2.1037986858769355,0.3556772451247554,-0.6014629418112856,-3.540658043150387,-0.10848556183914913,-0.6169660644689396,-1.4295622465231872,-2.8633479059100493,0
0.7796074757443242,-0.12773135328772509,-2.0701401355240674,-0.70189810539909,-1.3475178336290505,-2.4239910075340187,0.6346302063920273,-2.621681634172705,-2.718212860506588,-1.219538230205535,0
-1.0196981341487004,-0.8036719504771466,-0.14847792000137683,-1.4645692659616119,-1.3237665300532289,-1.2833339736930476,-0.09194895767303232,-2.4634343235010165,-3.003568367675408,-3.908955454422285,0
-5.825028935961634,0.16962490855616666,2.4661993121046013,1.1071559091646799,-1.1666746041349285,-2.5014720375075354,0.15650545384427011,-0.13253407192469846,-0.11733833154687412,-4.140785006702,0
1.6008614665993404,0.5229416823372414,-1.2366103105108244,0.726823960180868,0.5379518947607452,1.7445510371427881,1.434445169634489,1.491375950027083,0.6098860104873256,2.040886557398502,1
0.8353454299894123,-0.5878588985756316,-1.8736042924366458,-0.9415566811796708,-1.7293197983952138,-0.7098243846743694,-1.5228997141388207,-0.9057044852291068,-1.9375072903617307,0.32507122761107055,0
0.9521590663889918,-1.086136133006238,-0.8827100745575309,-0.4022404487290936,-1.1687316566515376,-0.8232473151613482,-0.6980344086819069,-2.1194607902157294,-2.646483237572526,-1.4901625366391966,0
-3.7345151509041683,-1.4312481191510495,1.7775393560749801,-0.3022884430935042,-2.546080370394716,-1.5276413347251334,2.3250550158755865,-0.27915584212484945,-0.5871242174930433,-1.757844990594993,0
1.0188022894251825,-2.14901933940324,-0.18892187351958767,-0.8374847253104282,-2.5241251457518468,2.227694378686645,1.3757403868761662,-1.5184772163561733,-1.2502749692570263,-0.762300868900398,0
-0.8219451878493202,-2.7385494328195588,0.9978380332446174,1.5337597683553283,-2.538012657818048,3.2368973417955895,1.0579770320681345,1.426745688215997,-1.4062825177274703,-0.4728949079700199,0
-1.2083876988686282,-0.9752796407257983,0.4367134682996898,0.44778695140476144,-0.4435033873188956,-1.6496822800313704,0.1460558482978913,-1.0286007968909303,-3.277775719402053,-3.1534269824333476,1
1.1049242637257197,-3.8162111322226355,1.3178294587050652,-0.7414847254600336,-1.9413266215350062,3.1651539720402364,1.6179596843809054,1.1047794464147884,-2.116359238338932,0.6779978164418683,0
0.7019488223814693,-5.320042658712307,3.839177972342521,-0.845690819764949,-1.459668642327048,-2.6712176455309544,0.7519209996279153,-2.355125328569401,-3.190411429839857,-0.004576735214063099,0
-0.8941042972640815,3.4469001401385673,-2.7620945521388176,-1.7218405409656807,1.2977383444739612,1.0048271491407166,2.1387301072682567,1.2071849328730595,-0.1708236376182216,-2.1950056105313047,1
2.711940695210002,-0.041084077933430004,-1.0922715436611699,-0.06439244143960705,1.4136076430687547,1.643260928347158,-1.215784440783228,0.9391577013539171,-1.056060574007034,1.0749368801449972,1
-1.3245043275927415,0.25569990543017324,-0.5344272321895299,1.4297898200054153,-0.5171786039119882,-3.218699794127725,0.40138139078037866,-2.109733741207039,-2.464748360474945,-2.902208028995658,0
-0.8604392145686374,0.09393494307005867,0.8044212002959475,1.3353758419158992,0.49629648166157725,0.06637594460777874,-0.3521014990427897,0.9243316341177632,0.4043844904790477,-0.10089518577280254,1
-1.192445232883985,-1.4021818837934648,0.594074777434954,0.37815593560696337,-1.4825269614031698,2.3288262275350076,0.13622316237666343,1.6644615638371332,-0.9320512681269149,-0.644702351366663,0
-4.426060343974302,0.8741612336308624,1.202917443919048,0.03560196790503425,-1.2265176973589784,-0.8444332907277006,-0.05219750546286038,1.2310146199743275,1.8308313598648245,-1.039024420226114,0
2.6999249822252374,1.0150484286895955,-2.5327217063664857,1.8832043683309012,-0.334970408023592,-0.7424908601120341,-0.6836682039434183,-3.287751180681324,-0.05410198102174024,0.10242103815412174,0
-1.8052849545836438,-0.1089683634795423,1.5575634714091926,0.9133294119466377,0.5488728134919544,0.041330020518138166,-0.29369022617075313,1.8748290871935773,0.604737480954304,0.002857531929851387,1
-1.7827626496023081,0.0043013662022304035,-0.085207652247268,0.4908416254929437,-0.1619162825751721,3.0308289343022645,-0.1261621289788396,2.951388178391776,-1.4658996334772614,-2.053693781738529,0
-0.5932040510302747,-0.6643183947692697,0.18875506879412474,-0.1367788670590703,-0.405535041890999,2.4870870830658562,-0.06810057434217907,1.6742297981860428,-1.016525737818399,-1.0244755654098943,0
-0.8155829826300324,2.650329318250154,-2.248338165752015,1.7222323105982171,-0.28242385819473026,-3.0566480146194754,0.6998712439998862,-1.6663322759957175,1.03441678147002,-0.08266092985472784,0
-1.6344738695771706,-1.1745108618065674,-0.35896258115982493,0.4832904964290231,-2.2296076699004113,4.802110664974688,0.9873257354530744,2.8658020021404917,-1.4534271928847025,-1.574245312681023,0
0.4813027017630695,0.32434598464773107,-0.8925350803264919,2.022174858828605,0.363119748225495,-0.384302864325371,0.004098437450524535,1.1218369422793573,-0.5014210157679201,1.2511804991211266,1
0.25130576618856193,-1.3896928729951863,0.5950123264261603,-1.094247826361592,-0.5213941695505405,1.017896997006829,2.368045592155442,0.16754062573416828,-1.2404926887675756,-0.535896002898199,0
-1.6379648680876115,-0.006353467052708886,0.09438348127710272,-0.09181338373759046,-0.6808687951614318,-2.8683840382382373,1.6037695928131062,-1.4531201697964913,-1.4980750675684302,-1.938948446492907,0
-1.5678650026370065,-1.700228357856425,1.3018979868900176,-0.10420691361502854,-1.205193247515862,1.7019843973845408,0.8117403137671578,1.7369409188417257,-1.108626039795635,-0.7968608067623321,0
2.851326270895794,0.012812070032958048,-2.7737732288702444,-0.4020902594174932,-0.8981407656437372,-1.0426452801104664,-0.1918264543867467,-2.1766808250240137,-1.5378091477919376,1.0949193676433078,0
-1.829047137439788,-2.821973231094607,2.4213852797586504,0.6546682250719292,-2.2022846946324055,-2.1796738350889973,-0.9516528236172116,-1.953800195060813,-1.6635245926501714,-1.6367519190975535,0
-2.1241498501217584,-0.08358735252517094,0.5995691825360723,-0.3245767397846441,-1.0874519924320412,-1.6972739137948687,2.097011911213614,-0.7397837933723981,-0.14968137621597344,-1.274786128262386,0
0.5486097451545421,2.369088924285924,-1.39184635753299,-1.2414830859405093,3.0890678942684993,1.1244310142918952,0.438546498827135,2.881508676374705,-0.3546762124676962,-0.0816256404342206,1
